Dgara,,,,,
Time,EFFR,volumeEFFR,TargetUE,TargetDE,dgara index
3/1/2016,0,0,,0,
3/2/2016,0,0,,0,
3/3/2016,0,0,,0,
3/4/2016,0.37,325,,,
3/7/2016,0.37,320,,,
3/8/2016,0.37,327,,,
3/9/2016,0.37,322,,,
3/10/2016,0.37,331,,,
3/11/2016,0.37,314,,,
3/14/2016,0.37,304,,,
3/15/2016,0.37,302,,,
3/16/2016,0.37,299,,,
3/17/2016,0.37,306,,,
3/18/2016,0.37,299,,,
3/21/2016,0.37,305,,,
3/22/2016,0.37,310,,,
3/23/2016,0.37,295,,,
3/24/2016,0.37,94,,,
3/25/2016,0.37,96,,,
3/28/2016,0.37,297,,,
3/29/2016,0.37,295,,,
3/30/2016,0.37,301,,,
3/31/2016,0.25,181,,,
4/1/2016,0.37,292,,,
4/4/2016,0.37,294,,,
4/5/2016,0.37,291,,,
4/6/2016,0.37,292,,,
4/7/2016,0.37,294,,,
4/8/2016,0.37,293,,,
4/11/2016,0.37,298,,,
4/12/2016,0.37,300,,,
4/13/2016,0.37,289,,,
4/14/2016,0.37,278,,,
4/15/2016,0.37,277,,,
4/18/2016,0.37,283,,,
4/19/2016,0.37,290,,,
4/20/2016,0.37,282,,,
4/21/2016,0.37,299,,,
4/22/2016,0.37,289,,,
4/25/2016,0.37,279,,,
4/26/2016,0.37,273,,,
4/27/2016,0.37,294,,,
4/28/2016,0.37,302,,,
4/29/2016,0.3,290,,,
5/2/2016,0.37,280,,,
5/3/2016,0.37,296,,,
5/4/2016,0.37,267,,,
5/5/2016,0.37,292,,,
5/6/2016,0.37,294,,,
5/9/2016,0.37,296,,,
5/10/2016,0.37,292,,,
5/11/2016,0.37,287,,,
5/12/2016,0.37,292,,,
5/13/2016,0.37,268,,,
5/16/2016,0.37,290,,,
5/17/2016,0.37,293,,,
5/18/2016,0.37,301,,,
5/19/2016,0.37,309,,,
5/20/2016,0.37,309,,,
5/23/2016,0.37,313,,,
5/24/2016,0.37,321,,,
5/25/2016,0.37,307,,,
5/26/2016,0.37,318,,,
5/27/2016,0.37,308,,,
5/31/2016,0.29,284,,,
6/1/2016,0.37,305,,,
6/2/2016,0.37,302,,,
6/3/2016,0.37,295,,,
6/6/2016,0.37,291,,,
6/7/2016,0.37,296,,,
6/8/2016,0.37,293,,,
6/9/2016,0.37,293,,,
6/10/2016,0.37,284,,,
6/13/2016,0.37,285,,,
6/14/2016,0.37,257,,,
6/15/2016,0.38,241,,,
6/16/2016,0.38,255,,,
6/17/2016,0.38,247,,,
6/20/2016,0.38,248,,,
6/21/2016,0.38,258,,,
6/22/2016,0.38,250,,,
6/23/2016,0.39,244,,,
6/24/2016,0.4,248,,,
6/27/2016,0.41,239,,,
6/28/2016,0.41,242,,,
6/29/2016,0.41,249,,,
6/30/2016,0.3,159,,,
7/1/2016,0.41,235,,,
7/5/2016,0.4,273,,,
7/6/2016,0.4,231,,,
7/7/2016,0.4,245,,,
7/8/2016,0.4,244,,,
7/11/2016,0.4,254,,,
7/12/2016,0.4,258,,,
7/13/2016,0.4,264,,,
7/14/2016,0.4,250,,,
7/15/2016,0.4,256,,,
7/18/2016,0.4,248,,,
7/19/2016,0.4,255,,,
7/20/2016,0.4,254,,,
7/21/2016,0.4,254,,,
7/22/2016,0.4,249,,,
7/25/2016,0.4,267,,,
7/26/2016,0.4,268,,,
7/27/2016,0.4,254,,,
7/28/2016,0.4,254,,,
7/29/2016,0.3,252,,,
8/1/2016,0.4,247,,,
8/2/2016,0.4,258,,,
8/3/2016,0.4,266,,,
8/4/2016,0.4,264,,,
8/5/2016,0.4,257,,,
8/8/2016,0.4,259,,,
8/9/2016,0.4,252,,,
8/10/2016,0.4,246,,,
8/11/2016,0.4,237,,,
8/12/2016,0.4,241,,,
8/15/2016,0.4,243,,,
8/16/2016,0.4,243,,,
8/17/2016,0.4,250,,,
8/18/2016,0.4,239,,,
8/19/2016,0.4,245,,,
8/22/2016,0.4,248,,,
8/23/2016,0.4,254,,,
8/24/2016,0.4,251,,,
8/25/2016,0.4,257,,,
8/26/2016,0.4,254,,,
8/29/2016,0.4,258,,,
8/30/2016,0.4,250,,,
8/31/2016,0.3,244,,,
9/1/2016,0.4,227,,,
9/2/2016,0.4,224,,,
9/6/2016,0.4,233,,,
9/7/2016,0.4,244,,,
9/8/2016,0.4,248,,,
9/9/2016,0.4,228,,,
9/12/2016,0.4,243,,,
9/13/2016,0.4,229,,,
9/14/2016,0.4,224,,,
9/15/2016,0.4,233,,,
9/16/2016,0.4,231,,,
9/19/2016,0.4,230,,,
9/20/2016,0.4,232,,,
9/21/2016,0.4,221,,,
9/22/2016,0.4,226,,,
9/23/2016,0.4,222,,,
9/26/2016,0.4,213,,,
9/27/2016,0.4,186,,,
9/28/2016,0.4,205,,,
9/29/2016,0.4,197,,,
9/30/2016,0.29,142,,,
10/3/2016,0.4,193,,,
10/4/2016,0.4,188,,,
10/5/2016,0.4,176,,,
10/6/2016,0.4,177,,,
10/7/2016,0.41,176,,,
10/11/2016,0.41,169,,,
10/12/2016,0.41,178,,,
10/13/2016,0.41,168,,,
10/14/2016,0.41,163,,,
10/17/2016,0.41,163,,,
10/18/2016,0.41,168,,,
10/19/2016,0.41,170,,,
10/20/2016,0.41,176,,,
10/21/2016,0.41,181,,,
10/24/2016,0.41,177,,,
10/25/2016,0.41,179,,,
10/26/2016,0.41,163,,,
10/27/2016,0.41,158,,,
10/28/2016,0.41,163,,,
10/31/2016,0.31,147,,,
11/1/2016,0.41,157,,,
11/2/2016,0.41,161,,,
11/3/2016,0.41,159,,,
11/4/2016,0.41,157,,,
11/7/2016,0.41,166,,,
11/8/2016,0.41,162,,,
11/9/2016,0.41,172,,,
11/10/2016,0.41,141,,,
11/14/2016,0.41,167,,,
11/15/2016,0.41,174,,,
11/16/2016,0.41,180,,,
11/17/2016,0.41,172,,,
11/18/2016,0.41,178,,,
11/21/2016,0.41,185,,,
11/22/2016,0.41,177,,,
11/23/2016,0.41,184,,,
11/25/2016,0.41,182,,,
11/28/2016,0.41,178,,,
11/29/2016,0.41,181,,,
11/30/2016,0.31,166,,,
12/1/2016,0.41,173,,,
12/2/2016,0.41,179,,,
12/5/2016,0.41,185,,,
12/6/2016,0.41,183,,,
12/7/2016,0.41,181,,,
12/8/2016,0.41,173,,,
12/9/2016,0.41,171,,,
12/12/2016,0.41,181,,,
12/13/2016,0.41,176,,,
12/14/2016,0.41,187,,,
12/15/2016,0.66,170,,,
12/16/2016,0.66,184,,,
12/19/2016,0.66,171,,,
12/20/2016,0.66,175,,,
12/21/2016,0.66,169,,,
12/22/2016,0.66,173,,,
12/23/2016,0.66,167,,,
12/27/2016,0.66,173,,,
12/28/2016,0.66,172,,,
12/29/2016,0.66,167,,,
12/30/2016,0.55,122,,,
1/3/2017,0.66,167,,,
1/4/2017,0.66,188,,,
1/5/2017,0.66,181,,,
1/6/2017,0.66,191,,,
1/9/2017,0.66,188,,,
1/10/2017,0.66,197,,,
1/11/2017,0.66,195,,,
1/12/2017,0.66,200,,,
1/13/2017,0.66,179,,,
1/17/2017,0.66,183,,,
1/18/2017,0.66,177,,,
1/19/2017,0.66,177,,,
1/20/2017,0.66,176,,,
1/23/2017,0.66,185,,,
1/24/2017,0.66,189,,,
1/25/2017,0.66,194,,,
1/26/2017,0.66,199,,,
1/27/2017,0.66,194,,,
1/30/2017,0.66,197,,,
1/31/2017,0.56,201,,,
2/1/2017,0.66,198,,,
2/2/2017,0.66,202,,,
2/3/2017,0.66,201,,,
2/6/2017,0.66,215,,,
2/7/2017,0.66,205,,,
2/8/2017,0.66,210,,,
2/9/2017,0.66,204,,,
2/10/2017,0.66,216,,,
2/13/2017,0.66,207,,,
2/14/2017,0.66,204,,,
2/15/2017,0.66,210,,,
2/16/2017,0.66,220,,,
2/17/2017,0.66,221,,,
2/21/2017,0.66,215,,,
2/22/2017,0.66,223,,,
2/23/2017,0.66,227,,,
2/24/2017,0.66,224,,,
2/27/2017,0.66,226,,,
2/28/2017,0.57,202,,,
3/1/2017,0.66,210,,,
3/2/2017,0.66,221,,,
3/3/2017,0.66,211,,,
3/6/2017,0.66,210,,,
3/7/2017,0.66,205,,,
3/8/2017,0.66,207,,,
3/9/2017,0.66,207,,,
3/10/2017,0.66,206,,,
3/13/2017,0.66,205,,,
3/14/2017,0.66,195,,,
3/15/2017,0.66,221,,,
3/16/2017,0.91,209,,,
3/17/2017,0.91,209,,,
3/20/2017,0.91,202,,,
3/21/2017,0.91,208,,,
3/22/2017,0.91,200,,,
3/23/2017,0.91,196,,,
3/24/2017,0.91,200,,,
3/27/2017,0.91,189,,,
3/28/2017,0.91,184,,,
3/29/2017,0.91,174,,,
3/30/2017,0.91,171,,,
3/31/2017,0.82,167,,,
4/3/2017,0.91,189,,,
4/4/2017,0.91,193,,,
4/5/2017,0.91,189,,,
4/6/2017,0.91,192,,,
4/7/2017,0.91,191,,,
4/10/2017,0.91,187,,,
4/11/2017,0.91,193,,,
4/12/2017,0.91,190,,,
4/13/2017,0.91,104,,,
4/14/2017,0.91,97,,,
4/17/2017,0.91,192,,,
4/18/2017,0.91,193,,,
4/19/2017,0.91,194,,,
4/20/2017,0.91,197,,,
4/21/2017,0.91,202,,,
4/24/2017,0.91,202,,,
4/25/2017,0.91,191,,,
4/26/2017,0.91,188,,,
4/27/2017,0.91,186,,,
4/28/2017,0.83,169,,,
5/1/2017,0.91,174,,,
5/2/2017,0.91,195,,,
5/3/2017,0.91,197,,,
5/4/2017,0.91,199,,,
5/5/2017,0.91,196,,,
5/8/2017,0.91,197,,,
5/9/2017,0.91,196,,,
5/10/2017,0.91,198,,,
5/11/2017,0.91,198,,,
5/12/2017,0.91,199,,,
5/15/2017,0.91,213,,,
5/16/2017,0.91,209,,,
5/17/2017,0.91,204,,,
5/18/2017,0.91,196,,,
5/19/2017,0.91,206,,,
5/22/2017,0.91,207,,,
5/23/2017,0.91,203,,,
5/24/2017,0.91,202,,,
5/25/2017,0.91,210,,,
5/26/2017,0.91,198,,,
5/30/2017,0.91,206,,,
5/31/2017,0.83,197,,,
6/1/2017,0.91,201,,,
6/2/2017,0.91,215,,,
6/5/2017,0.91,218,,,
6/6/2017,0.91,211,,,
6/7/2017,0.91,205,,,
6/8/2017,0.91,205,,,
6/9/2017,0.91,203,,,
6/12/2017,0.91,201,,,
6/13/2017,0.91,202,,,
6/14/2017,0.91,197,,,
6/15/2017,1.16,199,,,
6/16/2017,1.16,197,,,
6/19/2017,1.16,202,,,
6/20/2017,1.16,212,,,
6/21/2017,1.16,206,,,
6/22/2017,1.16,201,,,
6/23/2017,1.16,205,,,
6/26/2017,1.16,201,,,
6/27/2017,1.16,206,,,
6/28/2017,1.16,194,,,
6/29/2017,1.16,192,,,
6/30/2017,1.06,152,,,
7/3/2017,1.16,186,,,
7/5/2017,1.16,208,,,
7/6/2017,1.16,210,,,
7/7/2017,1.16,206,,,
7/10/2017,1.16,208,,,
7/11/2017,1.16,214,,,
7/12/2017,1.16,209,,,
7/13/2017,1.16,202,,,
7/14/2017,1.16,211,,,
7/17/2017,1.16,212,,,
7/18/2017,1.16,189,,,
7/19/2017,1.16,203,,,
7/20/2017,1.16,214,,,
7/21/2017,1.16,213,,,
7/24/2017,1.16,211,,,
7/25/2017,1.16,219,,,
7/26/2017,1.16,217,,,
7/27/2017,1.16,219,,,
7/28/2017,1.16,221,,,
7/31/2017,1.07,212,,,
8/1/2017,1.16,220,,,
8/2/2017,1.16,229,,,
8/3/2017,1.16,233,,,
8/4/2017,1.16,225,,,
8/7/2017,1.16,224,,,
8/8/2017,1.16,223,,,
8/9/2017,1.16,220,,,
8/10/2017,1.16,221,,,
8/11/2017,1.16,220,,,
8/14/2017,1.16,220,,,
8/15/2017,1.16,216,,,
8/16/2017,1.16,226,,,
8/17/2017,1.16,224,,,
8/18/2017,1.16,212,,,
8/21/2017,1.16,216,,,
8/22/2017,1.16,212,,,
8/23/2017,1.16,215,,,
8/24/2017,1.16,215,,,
8/25/2017,1.16,216,,,
8/28/2017,1.16,209,,,
8/29/2017,1.16,207,,,
8/30/2017,1.16,215,,,
8/31/2017,1.07,213,,,
9/1/2017,1.16,213,,,
9/5/2017,1.16,217,,,
9/6/2017,1.16,215,,,
9/7/2017,1.16,208,,,
9/8/2017,1.16,210,,,
9/11/2017,1.16,216,,,
9/12/2017,1.16,212,,,
9/13/2017,1.16,214,,,
9/14/2017,1.16,196,,,
9/15/2017,1.16,205,,,
9/18/2017,1.16,213,,,
9/19/2017,1.16,210,,,
9/20/2017,1.16,212,,,
9/21/2017,1.17,199,,,
9/22/2017,1.16,217,,,
9/25/2017,1.16,209,,,
9/26/2017,1.16,203,,,
9/27/2017,1.16,200,,,
9/28/2017,1.16,211,,,
9/29/2017,1.06,200,,,
10/2/2017,1.16,205,,,
10/3/2017,1.16,209,,,
10/4/2017,1.16,208,,,
10/5/2017,1.16,208,,,
10/6/2017,1.16,210,,,
10/10/2017,1.16,209,,,
10/11/2017,1.16,207,,,
10/12/2017,1.16,204,,,
10/13/2017,1.16,205,,,
10/16/2017,1.16,212,,,
10/17/2017,1.16,210,,,
10/18/2017,1.16,208,,,
10/19/2017,1.16,204,,,
10/20/2017,1.16,209,,,
10/23/2017,1.16,212,,,
10/24/2017,1.16,217,,,
10/25/2017,1.16,219,,,
10/26/2017,1.16,221,,,
10/27/2017,1.16,216,,,
10/30/2017,1.16,221,,,
10/31/2017,1.07,215,,,
11/1/2017,1.16,209,,,
11/2/2017,1.16,217,,,
11/3/2017,1.16,221,,,
11/6/2017,1.16,220,,,
11/7/2017,1.16,225,,,
11/8/2017,1.16,228,,,
11/9/2017,1.16,221,,,
11/10/2017,1.16,210,,,
11/13/2017,1.16,217,,,
11/14/2017,1.16,212,,,
11/15/2017,1.16,211,,,
11/16/2017,1.16,208,,,
11/17/2017,1.16,203,,,
11/20/2017,1.16,209,,,
11/21/2017,1.16,213,,,
11/22/2017,1.16,201,,,
11/24/2017,1.16,193,,,
11/27/2017,1.16,211,,,
11/28/2017,1.16,207,,,
11/29/2017,1.16,211,,,
11/30/2017,1.08,198,,,
12/1/2017,1.16,216,,,
12/4/2017,1.16,215,,,
12/5/2017,1.16,215,,,
12/6/2017,1.16,205,,,
12/7/2017,1.16,201,,,
12/8/2017,1.16,203,,,
12/11/2017,1.16,211,,,
12/12/2017,1.16,211,,,
12/13/2017,1.16,214,,,
12/14/2017,1.41,199,,,
12/15/2017,1.41,204,,,
12/18/2017,1.41,190,,,
12/19/2017,1.42,202,,,
12/20/2017,1.42,194,,,
12/21/2017,1.42,202,,,
12/22/2017,1.42,198,,,
12/26/2017,1.42,210,,,
12/27/2017,1.42,213,,,
12/28/2017,1.42,198,,,
12/29/2017,1.33,129,,,
1/2/2018,1.42,189,,,
1/3/2018,1.42,208,,,
1/4/2018,1.42,204,,,
1/5/2018,1.42,214,,,
1/8/2018,1.42,206,,,
1/9/2018,1.42,212,,,
1/10/2018,1.42,211,,,
1/11/2018,1.42,205,,,
1/12/2018,1.42,197,,,
1/16/2018,1.42,205,,,
1/17/2018,1.42,210,,,
1/18/2018,1.42,200,,,
1/19/2018,1.42,196,,,
1/22/2018,1.42,204,,,
1/23/2018,1.42,204,,,
1/24/2018,1.42,212,,,
1/25/2018,1.42,198,,,
1/26/2018,1.42,201,,,
1/29/2018,1.42,210,,,
1/30/2018,1.42,218,,,
1/31/2018,1.34,204,,,
2/1/2018,1.42,224,,,
2/2/2018,1.42,218,,,
2/5/2018,1.42,217,,,
2/6/2018,1.42,209,,,
2/7/2018,1.42,220,,,
2/8/2018,1.42,218,,,
2/9/2018,1.42,219,,,
2/12/2018,1.42,221,,,
2/13/2018,1.42,222,,,
2/14/2018,1.42,218,,,
2/15/2018,1.42,214,,,
2/16/2018,1.42,210,,,
2/20/2018,1.42,196,,,
2/21/2018,1.42,200,,,
2/22/2018,1.42,205,,,
2/23/2018,1.42,216,,,
2/26/2018,1.42,208,,,
2/27/2018,1.42,214,,,
2/28/2018,1.35,204,,,
3/1/2018,1.42,210,,,
3/2/2018,1.42,214,,,
3/5/2018,1.42,214,,,
3/6/2018,1.42,212,,,
3/7/2018,1.42,212,,,
3/8/2018,1.42,209,,,
3/9/2018,1.42,192,,,
3/12/2018,1.42,204,,,
3/13/2018,1.42,188,,,
3/14/2018,1.42,198,,,
3/15/2018,1.42,171,,,
3/16/2018,1.43,188,,,
3/19/2018,1.43,174,,,
3/20/2018,1.43,178,,,
3/21/2018,1.43,184,,,
3/22/2018,1.68,163,,,
3/23/2018,1.68,158,,,
3/26/2018,1.68,162,,,
3/27/2018,1.68,168,,,
3/28/2018,1.68,169,,,
3/29/2018,1.68,102,1.75,1.5,
4/2/2018,1.68,160,1.75,1.5,
4/3/2018,1.68,177,1.75,1.5,
4/4/2018,1.69,176,1.75,1.5,
4/5/2018,1.69,173,1.75,1.5,
4/6/2018,1.69,154,1.75,1.5,
4/9/2018,1.69,153,1.75,1.5,
4/10/2018,1.69,155,1.75,1.5,
4/11/2018,1.69,156,1.75,1.5,
4/12/2018,1.69,160,1.75,1.5,
4/13/2018,1.69,144,1.75,1.5,
4/16/2018,1.69,166,1.75,1.5,
4/17/2018,1.69,143,1.75,1.5,
4/18/2018,1.69,144,1.75,1.5,
4/19/2018,1.69,148,1.75,1.5,
4/20/2018,1.69,154,1.75,1.5,
4/23/2018,1.69,152,1.75,1.5,
4/24/2018,1.69,149,1.75,1.5,
4/25/2018,1.69,146,1.75,1.5,
4/26/2018,1.69,155,1.75,1.5,
4/27/2018,1.69,158,1.75,1.5,
4/30/2018,1.69,163,1.75,1.5,
5/1/2018,1.69,151,1.75,1.5,
5/2/2018,1.69,161,1.75,1.5,
5/3/2018,1.69,162,1.75,1.5,
5/4/2018,1.7,160,1.75,1.5,
5/7/2018,1.7,173,1.75,1.5,
5/8/2018,1.7,169,1.75,1.5,
5/9/2018,1.7,169,1.75,1.5,
5/10/2018,1.7,173,1.75,1.5,
5/11/2018,1.7,171,1.75,1.5,
5/14/2018,1.7,161,1.75,1.5,
5/15/2018,1.7,160,1.75,1.5,
5/16/2018,1.7,160,1.75,1.5,
5/17/2018,1.7,157,1.75,1.5,
5/18/2018,1.7,153,1.75,1.5,
5/21/2018,1.7,160,1.75,1.5,
5/22/2018,1.7,167,1.75,1.5,
5/23/2018,1.7,167,1.75,1.5,
5/24/2018,1.7,168,1.75,1.5,
5/25/2018,1.7,167,1.75,1.5,
5/29/2018,1.7,163,1.75,1.5,
5/30/2018,1.7,153,1.75,1.5,
5/31/2018,1.7,155,1.75,1.5,
6/1/2018,1.7,162,1.75,1.5,
6/4/2018,1.7,168,1.75,1.5,
6/5/2018,1.7,168,1.75,1.5,
6/6/2018,1.7,176,1.75,1.5,
6/7/2018,1.7,162,1.75,1.5,
6/8/2018,1.7,165,1.75,1.5,
6/11/2018,1.7,146,1.75,1.5,
6/12/2018,1.7,166,1.75,1.5,
6/13/2018,1.7,163,1.75,1.5,
6/14/2018,1.9,163,2,1.75,
6/15/2018,1.9,148,2,1.75,
6/18/2018,1.9,135,2,1.75,
6/19/2018,1.9,135,2,1.75,
6/20/2018,1.91,145,2,1.75,
6/21/2018,1.91,157,2,1.75,
6/22/2018,1.91,161,2,1.75,
6/25/2018,1.91,156,2,1.75,
6/26/2018,1.91,158,2,1.75,
6/27/2018,1.91,162,2,1.75,
6/28/2018,1.91,159,2,1.75,
6/29/2018,1.9,152,2,1.75,
7/2/2018,1.91,155,2,1.75,
7/3/2018,1.91,165,2,1.75,
7/5/2018,1.91,159,2,1.75,
7/6/2018,1.91,157,2,1.75,
7/9/2018,1.91,159,2,1.75,
7/10/2018,1.91,167,2,1.75,
7/11/2018,1.91,163,2,1.75,
7/12/2018,1.91,167,2,1.75,
7/13/2018,1.91,156,2,1.75,
7/16/2018,1.91,160,2,1.75,
7/17/2018,1.91,157,2,1.75,
7/18/2018,1.91,168,2,1.75,
7/19/2018,1.91,161,2,1.75,
7/20/2018,1.91,162,2,1.75,
7/23/2018,1.91,162,2,1.75,
7/24/2018,1.91,164,2,1.75,
7/25/2018,1.91,164,2,1.75,
7/26/2018,1.91,157,2,1.75,
7/27/2018,1.91,162,2,1.75,
7/30/2018,1.91,161,2,1.75,
7/31/2018,1.9,151,2,1.75,
8/1/2018,1.9,159,2,1.75,
8/2/2018,1.91,161,2,1.75,
8/3/2018,1.9,164,2,1.75,
8/6/2018,1.91,167,2,1.75,
8/7/2018,1.91,160,2,1.75,
8/8/2018,1.91,161,2,1.75,
8/9/2018,1.91,155,2,1.75,
8/10/2018,1.91,166,2,1.75,
8/13/2018,1.91,151,2,1.75,
8/14/2018,1.91,135,2,1.75,
8/15/2018,1.91,141,2,1.75,
8/16/2018,1.91,134,2,1.75,
8/17/2018,1.91,127,2,1.75,
8/20/2018,1.91,126,2,1.75,
8/21/2018,1.91,130,2,1.75,
8/22/2018,1.91,138,2,1.75,
8/23/2018,1.91,135,2,1.75,
8/24/2018,1.91,131,2,1.75,
8/27/2018,1.91,133,2,1.75,
8/28/2018,1.91,137,2,1.75,
8/29/2018,1.91,133,2,1.75,
8/30/2018,1.91,137,2,1.75,
8/31/2018,1.91,146,2,1.75,
9/4/2018,1.91,137,2,1.75,
9/5/2018,1.91,147,2,1.75,
9/6/2018,1.91,142,2,1.75,
9/7/2018,1.91,144,2,1.75,
9/10/2018,1.91,139,2,1.75,
9/11/2018,1.91,147,2,1.75,
9/12/2018,1.92,146,2,1.75,
9/13/2018,1.91,140,2,1.75,
9/14/2018,1.91,132,2,1.75,
9/17/2018,1.91,118,2,1.75,
9/18/2018,1.91,125,2,1.75,
9/19/2018,1.92,133,2,1.75,
9/20/2018,1.92,137,2,1.75,
9/21/2018,1.92,138,2,1.75,
9/24/2018,1.92,142,2,1.75,
9/25/2018,1.92,150,2.25,2,
9/26/2018,1.92,144,2.25,2,
9/27/2018,2.17,144,2.25,2,
9/28/2018,2.17,145,2.25,2,
10/1/2018,2.17,131,2.25,2,
10/2/2018,2.17,133,2.25,2,
10/3/2018,2.17,133,2.25,2,
10/4/2018,2.18,132,2.25,2,
10/5/2018,2.18,123,2.25,2,
10/9/2018,2.18,127,2.25,2,
10/10/2018,2.18,133,2.25,2,
10/11/2018,2.18,135,2.25,2,
10/12/2018,2.18,129,2.25,2,
10/15/2018,2.18,119,2.25,2,
10/16/2018,2.18,120,2.25,2,
10/17/2018,2.18,125,2.25,2,
10/18/2018,2.18,123,2.25,2,
10/19/2018,2.18,121,2.25,2,
10/22/2018,2.18,127,2.25,2,
10/23/2018,2.18,132,2.25,2,
10/24/2018,2.18,137,2.25,2,
10/25/2018,2.19,135,2.25,2,
10/26/2018,2.19,140,2.25,2,
10/29/2018,2.19,138,2.25,2,
10/30/2018,2.19,137,2.25,2,
10/31/2018,2.19,135,2.25,2,
11/1/2018,2.19,140,2.25,2,
11/2/2018,2.19,154,2.25,2,
11/5/2018,2.19,148,2.25,2,
11/6/2018,2.19,149,2.25,2,
11/7/2018,2.19,150,2.25,2,
11/8/2018,2.19,137,2.25,2,
11/9/2018,2.19,137,2.25,2,
11/13/2018,2.19,126,2.25,2,
11/14/2018,2.19,138,2.25,2,
11/15/2018,2.19,131,2.25,2,
11/16/2018,2.19,137,2.25,2,
11/19/2018,2.19,148,2.25,2,
11/20/2018,2.19,140,2.25,2,
11/21/2018,2.19,124,2.25,2,
11/23/2018,2.19,129,2.25,2,
11/26/2018,2.19,142,2.25,2,
11/27/2018,2.19,132,2.25,2,
11/28/2018,2.19,132,2.25,2,
11/29/2018,2.19,134,2.25,2,
11/30/2018,2.19,146,2.25,2,
12/3/2018,2.19,149,2.25,2,
12/4/2018,2.19,120,2.25,2,
12/6/2018,2.31,447,2.25,2,
12/7/2018,2.28,432,2.25,2,
12/10/2018,2.2,425,2.25,2,
12/11/2018,2.17,435,2.25,2,
12/12/2018,2.17,424,2.25,2,
12/13/2018,2.18,426,2.25,2,
12/14/2018,2.19,425,2.25,2,
12/17/2018,2.28,428,2.25,2,
12/18/2018,2.3,421,2.25,2,
12/19/2018,2.29,424,2.25,2,
12/20/2018,2.4,418,2.5,2.25,
12/21/2018,2.39,394,2.5,2.25,
12/24/2018,2.41,385,2.5,2.25,
12/26/2018,2.43,403,2.5,2.25,
12/27/2018,2.43,390,2.5,2.25,
12/28/2018,2.45,392,2.5,2.25,
12/31/2018,2.95,409,2.5,2.25,
1/2/2019,3.1,452,2.5,2.25,
1/3/2019,2.7,444,2.5,2.25,
1/4/2019,2.43,449,2.5,2.25,
1/7/2019,2.38,450,2.5,2.25,
1/8/2019,2.4,451,2.5,2.25,
1/9/2019,2.44,457,2.5,2.25,
1/10/2019,2.41,453,2.5,2.25,
1/11/2019,2.38,456,2.5,2.25,
1/14/2019,2.38,447,2.5,2.25,
1/15/2019,2.41,470,2.5,2.25,
1/16/2019,2.37,473,2.5,2.25,
1/17/2019,2.37,461,2.5,2.25,
1/18/2019,2.37,455,2.5,2.25,
1/22/2019,2.37,459,2.5,2.25,
1/23/2019,2.38,456,2.5,2.25,
1/24/2019,2.4,459,2.5,2.25,
1/25/2019,2.38,459,2.5,2.25,
1/28/2019,2.37,458,2.5,2.25,
1/29/2019,2.37,457,2.5,2.25,
1/30/2019,2.36,451,2.5,2.25,
1/31/2019,2.55,484,2.5,2.25,
2/1/2019,2.44,494,2.5,2.25,
2/4/2019,2.38,470,2.5,2.25,
2/5/2019,2.37,464,2.5,2.25,
2/6/2019,2.35,469,2.5,2.25,
2/7/2019,2.36,464,2.5,2.25,
2/8/2019,2.35,454,2.5,2.25,
2/11/2019,2.4,454,2.5,2.25,
2/12/2019,2.36,465,2.5,2.25,
2/13/2019,2.36,459,2.5,2.25,
2/14/2019,2.36,458,2.5,2.25,
2/15/2019,2.41,461,2.5,2.25,
2/19/2019,2.37,471,2.5,2.25,
2/20/2019,2.37,463,2.5,2.25,
2/21/2019,2.37,463,2.5,2.25,
2/22/2019,2.37,463,2.5,2.25,
2/25/2019,2.37,456,2.5,2.25,
2/26/2019,2.37,452,2.5,2.25,
2/27/2019,2.37,454,2.5,2.25,
2/28/2019,2.55,462,2.5,2.25,
3/1/2019,2.36,468,2.5,2.25,
3/4/2019,2.36,463,2.5,2.25,
3/5/2019,2.36,467,2.5,2.25,
3/6/2019,2.36,469,2.5,2.25,
3/7/2019,2.37,470,2.5,2.25,
3/8/2019,2.36,468,2.5,2.25,
3/11/2019,2.36,470,2.5,2.25,
3/12/2019,2.37,471,2.5,2.25,
3/13/2019,2.38,459,2.5,2.25,
3/14/2019,2.39,448,2.5,2.25,
3/15/2019,2.43,456,2.5,2.25,
3/18/2019,2.38,450,2.5,2.25,
3/19/2019,2.4,448,2.5,2.25,
3/20/2019,2.46,438,2.5,2.25,
3/21/2019,2.43,435,2.5,2.25,
3/22/2019,2.38,418,2.5,2.25,
3/25/2019,2.37,426,2.5,2.25,
3/26/2019,2.37,410,2.5,2.25,
3/27/2019,2.38,405,2.5,2.25,
3/28/2019,2.42,401,2.5,2.25,
3/29/2019,2.58,387,2.5,2.25,
4/1/2019,2.41,440,2.5,2.25,
4/2/2019,2.43,442,2.5,2.25,
4/3/2019,2.43,444,2.5,2.25,
4/4/2019,2.43,455,2.5,2.25,
4/5/2019,2.43,453,2.5,2.25,
4/8/2019,2.43,455,2.5,2.25,
4/9/2019,2.42,463,2.5,2.25,
4/10/2019,2.42,459,2.5,2.25,
4/11/2019,2.4,467,2.5,2.25,
4/12/2019,2.4,457,2.5,2.25,
4/15/2019,2.43,462,2.5,2.25,
4/16/2019,2.43,466,2.5,2.25,
4/17/2019,2.47,451,2.5,2.25,
4/18/2019,2.46,446,2.5,2.25,
4/19/2019,2.44,59,2.5,2.25,
4/22/2019,2.44,54,2.5,2.25,
4/23/2019,2.44,53,2.5,2.25,
4/24/2019,2.44,59,2.5,2.25,
4/25/2019,2.44,65,2.5,2.25,
4/26/2019,2.44,73,2.5,2.25,
4/29/2019,2.45,60,2.5,2.25,
4/30/2019,2.45,68,2.5,2.25,
5/1/2019,2.45,77,2.5,2.25,
5/2/2019,2.41,69,2.5,2.25,
5/3/2019,2.4,74,2.5,2.25,
5/6/2019,2.4,69,2.5,2.25,
5/7/2019,2.4,64,2.5,2.25,
5/8/2019,2.39,70,2.5,2.25,
5/9/2019,2.38,73,2.5,2.25,
5/10/2019,2.38,71,2.5,2.25,
5/13/2019,2.38,67,2.5,2.25,
5/14/2019,2.38,64,2.5,2.25,
5/15/2019,2.4,62,2.5,2.25,
5/16/2019,2.39,61,2.5,2.25,
5/17/2019,2.39,67,2.5,2.25,
5/20/2019,2.39,56,2.5,2.25,
5/21/2019,2.39,64,2.5,2.25,
5/22/2019,2.38,67,2.5,2.25,
5/23/2019,2.38,71,2.5,2.25,
5/24/2019,2.38,66,2.5,2.25,
5/28/2019,2.39,64,2.5,2.25,
5/29/2019,2.39,58,2.5,2.25,
5/30/2019,2.39,60,2.5,2.25,
5/31/2019,2.4,65,2.5,2.25,
6/3/2019,2.38,76,2.5,2.25,
6/4/2019,2.38,71,2.5,2.25,
6/5/2019,2.38,66,2.5,2.25,
6/6/2019,2.37,71,2.5,2.25,
6/7/2019,2.37,68,2.5,2.25,
6/10/2019,2.37,62,2.5,2.25,
6/11/2019,2.37,66,2.5,2.25,
6/12/2019,2.37,69,2.5,2.25,
6/13/2019,2.37,64,2.5,2.25,
6/14/2019,2.36,63,2.5,2.25,
6/17/2019,2.38,55,2.5,2.25,
6/18/2019,2.37,59,2.5,2.25,
6/19/2019,2.37,60,2.5,2.25,
6/20/2019,2.37,61,2.5,2.25,
6/21/2019,2.38,65,2.5,2.25,
6/24/2019,2.38,63,2.5,2.25,
6/25/2019,2.38,70,2.5,2.25,
6/26/2019,2.38,70,2.5,2.25,
6/27/2019,2.38,76,2.5,2.25,
6/28/2019,2.4,73,2.5,2.25,
7/1/2019,2.39,73,2.5,2.25,
7/2/2019,2.4,71,2.5,2.25,
7/3/2019,2.41,75,2.5,2.25,
7/5/2019,2.42,72,2.5,2.25,
7/8/2019,2.41,76,2.5,2.25,
7/9/2019,2.41,75,2.5,2.25,
7/10/2019,2.41,78,2.5,2.25,
7/11/2019,2.4,77,2.5,2.25,
7/12/2019,2.38,69,2.5,2.25,
7/15/2019,2.4,63,2.5,2.25,
7/16/2019,2.41,64,2.5,2.25,
7/17/2019,2.41,62,2.5,2.25,
7/18/2019,2.41,55,2.5,2.25,
7/19/2019,2.41,58,2.5,2.25,
7/22/2019,2.4,60,2.5,2.25,
7/23/2019,2.4,60,2.5,2.25,
7/24/2019,2.4,65,2.5,2.25,
7/25/2019,2.4,69,2.5,2.25,
7/26/2019,2.4,78,2.5,2.25,
7/29/2019,2.4,77,2.5,2.25,
7/30/2019,2.39,72,2.5,2.25,
7/31/2019,2.4,70,2.5,2.25,
8/1/2019,2.14,81,2.25,2,
8/2/2019,2.14,74,2.25,2,
8/5/2019,2.13,68,2.25,2,
8/6/2019,2.13,65,2.25,2,
8/7/2019,2.12,66,2.25,2,
8/8/2019,2.12,62,2.25,2,
8/9/2019,2.12,69,2.25,2,
8/12/2019,2.12,68,2.25,2,
8/13/2019,2.12,66,2.25,2,
8/14/2019,2.12,60,2.25,2,
8/15/2019,2.13,61,2.25,2,
8/16/2019,2.13,62,2.25,2,
8/19/2019,2.13,56,2.25,2,
8/20/2019,2.13,55,2.25,2,
8/21/2019,2.12,65,2.25,2,
8/22/2019,2.12,65,2.25,2,
8/23/2019,2.12,68,2.25,2,
8/26/2019,2.12,64,2.25,2,
8/27/2019,2.12,62,2.25,2,
8/28/2019,2.12,62,2.25,2,
8/29/2019,2.12,62,2.25,2,
8/30/2019,2.13,66,2.25,2,
9/3/2019,2.13,71,2.25,2,
9/4/2019,2.13,72,2.25,2,
9/5/2019,2.13,65,2.25,2,
9/6/2019,2.12,69,2.25,2,
9/9/2019,2.13,64,2.25,2,
9/10/2019,2.13,63,2.25,2,
9/11/2019,2.13,61,2.25,2,
9/12/2019,2.13,60,2.25,2,
9/13/2019,2.14,53,2.25,2,
9/16/2019,2.25,46,2.25,2,
9/17/2019,2.3,61,2.25,2,
9/18/2019,2.25,58,2.25,2,
9/19/2019,1.9,59,2,1.75,
9/20/2019,1.9,65,2,1.75,
9/23/2019,1.9,74,2,1.75,
9/24/2019,1.9,71,2,1.75,
9/25/2019,1.9,77,2,1.75,
9/26/2019,1.85,89,2,1.75,
9/27/2019,1.83,85,2,1.75,
9/30/2019,1.9,59,2,1.75,
10/1/2019,1.88,75,2,1.75,
10/2/2019,1.85,76,2,1.75,
10/3/2019,1.83,80,2,1.75,
10/4/2019,1.82,80,2,1.75,
10/7/2019,1.82,76,2,1.75,
10/8/2019,1.82,69,2,1.75,
10/9/2019,1.82,66,2,1.75,
10/10/2019,1.82,61,2,1.75,
10/11/2019,1.82,60,2,1.75,
10/15/2019,1.9,69,2,1.75,
10/16/2019,1.9,76,2,1.75,
10/17/2019,1.85,66,2,1.75,
10/18/2019,1.85,61,2,1.75,
10/21/2019,1.85,60,2,1.75,
10/22/2019,1.85,67,2,1.75,
10/23/2019,1.85,65,2,1.75,
10/24/2019,1.85,65,2,1.75,
10/25/2019,1.83,73,2,1.75,
10/28/2019,1.83,72,2,1.75,
10/29/2019,1.82,72,2,1.75,
10/30/2019,1.82,69,2,1.75,
10/31/2019,1.58,71,1.75,1.5,
11/1/2019,1.57,83,1.75,1.5,
11/4/2019,1.56,83,1.75,1.5,
11/5/2019,1.56,81,1.75,1.5,
11/6/2019,1.55,80,1.75,1.5,
11/7/2019,1.55,76,1.75,1.5,
11/8/2019,1.55,71,1.75,1.5,
11/12/2019,1.55,71,1.75,1.5,
11/13/2019,1.55,71,1.75,1.5,
11/14/2019,1.55,68,1.75,1.5,
11/15/2019,1.55,73,1.75,1.5,
11/18/2019,1.55,62,1.75,1.5,
11/19/2019,1.55,64,1.75,1.5,
11/20/2019,1.55,70,1.75,1.5,
11/21/2019,1.55,67,1.75,1.5,
11/22/2019,1.55,65,1.75,1.5,
11/25/2019,1.55,69,1.75,1.5,
11/26/2019,1.55,71,1.75,1.5,
11/27/2019,1.55,68,1.75,1.5,
11/29/2019,1.56,70,1.75,1.5,
12/2/2019,1.56,72,1.75,1.5,
12/3/2019,1.55,76,1.75,1.5,
12/4/2019,1.55,75,1.75,1.5,
12/5/2019,1.55,70,1.75,1.5,
12/6/2019,1.55,82,1.75,1.5,
12/9/2019,1.55,73,1.75,1.5,
12/10/2019,1.55,75,1.75,1.5,
12/11/2019,1.55,73,1.75,1.5,
12/12/2019,1.55,75,1.75,1.5,
12/13/2019,1.55,70,1.75,1.5,
12/16/2019,1.56,69,1.75,1.5,
12/17/2019,1.55,68,1.75,1.5,
12/18/2019,1.55,74,1.75,1.5,
12/19/2019,1.55,73,1.75,1.5,
12/20/2019,1.55,69,1.75,1.5,
12/23/2019,1.55,69,1.75,1.5,
12/24/2019,1.55,71,1.75,1.5,
12/26/2019,1.55,75,1.75,1.5,
12/27/2019,1.55,73,1.75,1.5,
12/30/2019,1.55,72,1.75,1.5,
12/31/2019,1.55,51,1.75,1.5,
1/2/2020,1.55,74,1.75,1.5,
1/3/2020,1.55,79,1.75,1.5,
1/6/2020,1.55,77,1.75,1.5,
1/7/2020,1.55,80,1.75,1.5,
1/8/2020,1.55,83,1.75,1.5,
1/9/2020,1.55,81,1.75,1.5,
1/10/2020,1.54,83,1.75,1.5,
1/13/2020,1.54,85,1.75,1.5,
1/14/2020,1.54,76,1.75,1.5,
1/15/2020,1.54,76,1.75,1.5,
1/16/2020,1.54,78,1.75,1.5,
1/17/2020,1.55,67,1.75,1.5,
1/21/2020,1.55,64,1.75,1.5,
1/22/2020,1.55,69,1.75,1.5,
1/23/2020,1.55,67,1.75,1.5,
1/24/2020,1.55,70,1.75,1.5,
1/27/2020,1.55,71,1.75,1.5,
1/28/2020,1.55,69,1.75,1.5,
1/29/2020,1.55,71,1.75,1.5,
1/30/2020,1.6,64,1.75,1.5,
1/31/2020,1.59,78,1.75,1.5,
2/3/2020,1.59,79,1.75,1.5,
2/4/2020,1.59,80,1.75,1.5,
2/5/2020,1.59,83,1.75,1.5,
2/6/2020,1.59,79,1.75,1.5,
2/7/2020,1.58,77,1.75,1.5,
2/10/2020,1.58,69,1.75,1.5,
2/11/2020,1.58,66,1.75,1.5,
2/12/2020,1.58,74,1.75,1.5,
2/13/2020,1.58,69,1.75,1.5,
2/14/2020,1.58,61,1.75,1.5,
2/18/2020,1.59,61,1.75,1.5,
2/19/2020,1.59,64,1.75,1.5,
2/20/2020,1.59,60,1.75,1.5,
2/21/2020,1.58,65,1.75,1.5,
2/24/2020,1.58,63,1.75,1.5,
2/25/2020,1.58,64,1.75,1.5,
2/26/2020,1.58,62,1.75,1.5,
2/27/2020,1.58,65,1.75,1.5,
2/28/2020,1.58,61,1.75,1.5,
3/2/2020,1.59,58,1.75,1.5,
3/3/2020,1.59,58,1.75,1.5,
3/4/2020,1.09,80,1.25,1,
3/5/2020,1.09,78,1.25,1,
3/6/2020,1.09,79,1.25,1,
3/9/2020,1.09,77,1.25,1,
3/10/2020,1.09,77,1.25,1,
3/11/2020,1.09,80,1.25,1,
3/12/2020,1.1,61,1.25,1,
3/13/2020,1.1,65,1.25,1,
3/16/2020,0.25,80,0.25,0,
3/17/2020,0.25,85,0.25,0,
3/18/2020,0.25,82,0.25,0,
3/19/2020,0.2,103,0.25,0,
3/20/2020,0.15,87,0.25,0,
3/23/2020,0.15,82,0.25,0,
3/24/2020,0.12,95,0.25,0,
3/25/2020,0.1,102,0.25,0,
3/26/2020,0.1,101,0.25,0,
3/27/2020,0.1,94,0.25,0,
3/30/2020,0.09,84,0.25,0,
3/31/2020,0.08,78,0.25,0,
4/1/2020,0.06,92,0.25,0,
4/2/2020,0.05,90,0.25,0,
4/3/2020,0.05,87,0.25,0,
4/6/2020,0.05,84,0.25,0,
4/7/2020,0.05,85,0.25,0,
4/8/2020,0.05,85,0.25,0,
4/9/2020,0.05,83,0.25,0,
4/13/2020,0.02,467,0.25,0,
4/14/2020,0.05,476,0.25,0,
4/15/2020,0.03,461,0.25,0,
4/16/2020,0.02,456,0.25,0,
4/17/2020,0.02,461,0.25,0,
4/20/2020,0.01,460,0.25,0,
4/21/2020,0.01,467,0.25,0,
4/22/2020,0.01,468,0.25,0,
4/23/2020,0.01,471,0.25,0,
4/24/2020,0.03,477,0.25,0,
4/27/2020,0.02,477,0.25,0,
4/28/2020,0.01,476,0.25,0,
4/29/2020,0.01,470,0.25,0,
4/30/2020,0.02,479,0.25,0,
5/1/2020,0.02,472,0.25,0,
5/4/2020,0.04,479,0.25,0,
5/5/2020,0.04,474,0.25,0,
5/6/2020,0.04,459,0.25,0,
5/7/2020,0.05,452,0.25,0,
5/8/2020,0.05,448,0.25,0,
5/11/2020,0.05,451,0.25,0,
5/12/2020,0.05,446,0.25,0,
5/13/2020,0.04,445,0.25,0,
5/14/2020,0.01,441,0.25,0,
5/15/2020,0.04,450,0.25,0,
5/18/2020,0.03,450,0.25,0,
5/19/2020,0.03,453,0.25,0,
5/20/2020,0.01,449,0.25,0,
5/21/2020,0.01,457,0.25,0,
5/22/2020,0.03,452,0.25,0,
5/26/2020,0.05,435,0.25,0,
5/27/2020,0.04,439,0.25,0,
5/28/2020,0.05,433,0.25,0,
5/29/2020,0.05,428,0.25,0,
6/1/2020,0.05,435,0.25,0,
6/2/2020,0.05,429,0.25,0,
6/3/2020,0.05,428,0.25,0,
6/4/2020,0.06,414,0.25,0,
6/5/2020,0.06,418,0.25,0,
6/8/2020,0.06,416,0.25,0,
6/9/2020,0.06,414,0.25,0,
6/10/2020,0.06,414,0.25,0,
6/11/2020,0.06,405,0.25,0,
6/12/2020,0.06,397,0.25,0,
6/15/2020,0.07,396,0.25,0,
6/16/2020,0.07,401,0.25,0,
6/17/2020,0.07,399,0.25,0,
6/18/2020,0.07,405,0.25,0,
6/19/2020,0.06,396,0.25,0,
6/22/2020,0.06,402,0.25,0,
6/23/2020,0.05,404,0.25,0,
6/24/2020,0.06,400,0.25,0,
6/25/2020,0.06,386,0.25,0,
6/26/2020,0.06,382,0.25,0,
6/29/2020,0.06,381,0.25,0,
6/30/2020,0.07,383,0.25,0,
7/1/2020,0.07,384,0.25,0,
7/2/2020,0.07,375,0.25,0,
7/6/2020,0.1,977,0.25,0,
7/7/2020,0.1,969,0.25,0,
7/8/2020,0.1,954,0.25,0,
7/9/2020,0.1,984,0.25,0,
7/10/2020,0.1,942,0.25,0,
7/13/2020,0.1,960,0.25,0,
7/14/2020,0.11,972,0.25,0,
7/15/2020,0.13,939,0.25,0,
7/16/2020,0.12,957,0.25,0,
7/17/2020,0.12,988,0.25,0,
7/20/2020,0.12,975,0.25,0,
7/21/2020,0.11,963,0.25,0,
7/22/2020,0.1,1031,0.25,0,
7/23/2020,0.1,942,0.25,0,
7/24/2020,0.1,950,0.25,0,
7/27/2020,0.1,973,0.25,0,
7/28/2020,0.1,955,0.25,0,
7/29/2020,0.09,948,0.25,0,
7/30/2020,0.1,928,0.25,0,
7/31/2020,0.1,1034,0.25,0,
8/3/2020,0.1,991,0.25,0,
8/4/2020,0.09,1051,0.25,0,
8/5/2020,0.09,1028,0.25,0,
8/6/2020,0.09,1029,0.25,0,
8/7/2020,0.09,944,0.25,0,
8/10/2020,0.09,948,0.25,0,
8/11/2020,0.1,956,0.25,0,
8/12/2020,0.09,964,0.25,0,
8/13/2020,0.09,989,0.25,0,
8/14/2020,0.09,930,0.25,0,
8/17/2020,0.1,944,0.25,0,
8/18/2020,0.09,977,0.25,0,
8/19/2020,0.09,961,0.25,0,
8/20/2020,0.07,983,0.25,0,
8/21/2020,0.07,959,0.25,0,
8/24/2020,0.08,935,0.25,0,
8/25/2020,0.08,931,0.25,0,
8/26/2020,0.07,938,0.25,0,
8/27/2020,0.07,898,0.25,0,
8/28/2020,0.07,881,0.25,0,
8/31/2020,0.09,934,0.25,0,
9/1/2020,0.09,969,0.25,0,
9/2/2020,0.09,947,0.25,0,
9/3/2020,0.1,955,0.25,0,
9/4/2020,0.09,935,0.25,0,
9/8/2020,0.09,957,0.25,0,
9/9/2020,0.09,937,0.25,0,
9/10/2020,0.09,924,0.25,0,
9/11/2020,0.09,900,0.25,0,
9/14/2020,0.09,881,0.25,0,
9/15/2020,0.1,938,0.25,0,
9/16/2020,0.1,899,0.25,0,
9/17/2020,0.1,892,0.25,0,
9/18/2020,0.09,896,0.25,0,
9/21/2020,0.08,925,0.25,0,
9/22/2020,0.07,941,0.25,0,
9/23/2020,0.06,945,0.25,0,
9/24/2020,0.07,919,0.25,0,
9/25/2020,0.08,929,0.25,0,
9/28/2020,0.08,923,0.25,0,
9/29/2020,0.07,916,0.25,0,
9/30/2020,0.08,975,0.25,0,
10/1/2020,0.08,1020,0.25,0,
10/2/2020,0.1,927,0.25,0,
10/5/2020,0.09,955,0.25,0,
10/6/2020,0.1,920,0.25,0,
10/7/2020,0.09,925,0.25,0,
10/8/2020,0.08,924,0.25,0,
10/9/2020,0.09,894,0.25,0,
10/13/2020,0.09,930,0.25,0,
10/14/2020,0.09,885,0.25,0,
10/15/2020,0.1,952,0.25,0,
10/16/2020,0.09,914,0.25,0,
10/19/2020,0.09,903,0.25,0,
10/20/2020,0.08,918,0.25,0,
10/21/2020,0.07,943,0.25,0,
10/22/2020,0.07,929,0.25,0,
10/23/2020,0.08,915,0.25,0,
10/26/2020,0.09,921,0.25,0,
10/27/2020,0.09,931,0.25,0,
10/28/2020,0.08,910,0.25,0,
10/29/2020,0.09,866,0.25,0,
10/30/2020,0.09,873,0.25,0,
11/2/2020,0.11,956,0.25,0,
11/3/2020,0.1,948,0.25,0,
11/4/2020,0.1,899,0.25,0,
11/5/2020,0.11,938,0.25,0,
11/6/2020,0.1,888,0.25,0,
11/9/2020,0.1,904,0.25,0,
11/10/2020,0.1,923,0.25,0,
11/12/2020,0.09,912,0.25,0,
11/13/2020,0.09,904,0.25,0,
11/16/2020,0.1,953,0.25,0,
11/17/2020,0.09,970,0.25,0,
11/18/2020,0.07,941,0.25,0,
11/19/2020,0.06,911,0.25,0,
11/20/2020,0.05,920,0.25,0,
11/23/2020,0.05,913,0.25,0,
11/24/2020,0.07,910,0.25,0,
11/25/2020,0.08,937,0.25,0,
11/27/2020,0.08,900,0.25,0,
11/30/2020,0.09,1055,0.25,0,
12/1/2020,0.08,972,0.25,0,
12/2/2020,0.08,926,0.25,0,
12/3/2020,0.08,954,0.25,0,
12/4/2020,0.09,951,0.25,0,
12/7/2020,0.08,951,0.25,0,
12/8/2020,0.07,939,0.25,0,
12/9/2020,0.08,935,0.25,0,
12/10/2020,0.08,946,0.25,0,
12/11/2020,0.08,885,0.25,0,
12/14/2020,0.08,907,0.25,0,
12/15/2020,0.09,933,0.25,0,
12/16/2020,0.09,914,0.25,0,
12/17/2020,0.09,922,0.25,0,
12/18/2020,0.09,943,0.25,0,
12/21/2020,0.09,922,0.25,0,
12/22/2020,0.07,923,0.25,0,
12/23/2020,0.06,921,0.25,0,
12/24/2020,0.08,895,0.25,0,
12/28/2020,0.09,946,0.25,0,
12/29/2020,0.1,945,0.25,0,
12/30/2020,0.09,916,0.25,0,
12/31/2020,0.07,1095,0.25,0,
1/4/2021,0.1,1046,0.25,0,
1/5/2021,0.11,986,0.25,0,
1/6/2021,0.1,978,0.25,0,
1/7/2021,0.1,951,0.25,0,
1/8/2021,0.09,992,0.25,0,
1/11/2021,0.09,964,0.25,0,
1/12/2021,0.08,918,0.25,0,
1/13/2021,0.08,911,0.25,0,
1/14/2021,0.08,887,0.25,0,
1/15/2021,0.08,904,0.25,0,
1/19/2021,0.07,936,0.25,0,
1/20/2021,0.06,883,0.25,0,
1/21/2021,0.04,922,0.25,0,
1/22/2021,0.05,906,0.25,0,
1/25/2021,0.06,885,0.25,0,
1/26/2021,0.03,926,0.25,0,
1/27/2021,0.03,913,0.25,0,
1/28/2021,0.04,906,0.25,0,
1/29/2021,0.06,915,0.25,0,
2/1/2021,0.07,1010,0.25,0,
2/2/2021,0.07,968,0.25,0,
2/3/2021,0.07,962,0.25,0,
2/4/2021,0.05,989,0.25,0,
2/5/2021,0.02,933,0.25,0,
2/8/2021,0.02,920,0.25,0,
2/9/2021,0.05,901,0.25,0,
2/10/2021,0.06,884,0.25,0,
2/11/2021,0.06,891,0.25,0,
2/12/2021,0.05,890,0.25,0,
2/16/2021,0.06,934,0.25,0,
2/17/2021,0.06,957,0.25,0,
2/18/2021,0.03,872,0.25,0,
2/19/2021,0.02,873,0.25,0,
2/22/2021,0.03,860,0.25,0,
2/23/2021,0.01,917,0.25,0,
2/24/2021,0.02,870,0.25,0,
2/25/2021,0.03,896,0.25,0,
2/26/2021,0.01,889,0.25,0,
3/1/2021,0.02,988,0.25,0,
3/2/2021,0.04,951,0.25,0,
3/3/2021,0.04,897,0.25,0,
3/4/2021,0.02,936,0.25,0,
3/5/2021,0.02,933,0.25,0,
3/8/2021,0.02,928,0.25,0,
3/9/2021,0.02,914,0.25,0,
3/10/2021,0.02,914,0.25,0,
3/11/2021,0.01,884,0.25,0,
3/12/2021,0.01,889,0.25,0,
3/15/2021,0.01,898,0.25,0,
3/16/2021,0.01,914,0.25,0,
3/17/2021,0.01,883,0.25,0,
3/18/2021,0.01,868,0.25,0,
3/19/2021,0.01,865,0.25,0,
3/22/2021,0.01,869,0.25,0,
3/23/2021,0.01,896,0.25,0,
3/24/2021,0.01,895,0.25,0,
3/25/2021,0.01,956,0.25,0,
3/26/2021,0.01,924,0.25,0,
3/29/2021,0.01,858,0.25,0,
3/30/2021,0.01,808,0.25,0,
3/31/2021,0.01,931,0.25,0,
4/1/2021,0.01,989,0.25,0,
4/2/2021,0.07,92,0.25,0,
4/5/2021,0.07,262,0.25,0,
4/6/2021,0.07,255,0.25,0,
4/7/2021,0.06,256,0.25,0,
4/8/2021,0.06,257,0.25,0,
4/9/2021,0.06,244,0.25,0,
4/12/2021,0.06,252,0.25,0,
4/13/2021,0.06,242,0.25,0,
4/14/2021,0.06,235,0.25,0,
4/15/2021,0.06,242,0.25,0,
4/16/2021,0.06,246,0.25,0,
4/19/2021,0.06,248,0.25,0,
4/20/2021,0.06,256,0.25,0,
4/21/2021,0.06,250,0.25,0,
4/22/2021,0.06,263,0.25,0,
4/23/2021,0.06,259,0.25,0,
4/26/2021,0.06,276,0.25,0,
4/27/2021,0.06,265,0.25,0,
4/28/2021,0.05,259,0.25,0,
4/29/2021,0.05,269,0.25,0,
4/30/2021,0.03,235,0.25,0,
5/3/2021,0.05,248,0.25,0,
5/4/2021,0.05,257,0.25,0,
5/5/2021,0.05,244,0.25,0,
5/6/2021,0.05,261,0.25,0,
5/7/2021,0.05,258,0.25,0,
5/10/2021,0.05,271,0.25,0,
5/11/2021,0.05,261,0.25,0,
5/12/2021,0.05,253,0.25,0,
5/13/2021,0.05,253,0.25,0,
5/14/2021,0.05,245,0.25,0,
5/17/2021,0.05,267,0.25,0,
5/18/2021,0.05,266,0.25,0,
5/19/2021,0.05,249,0.25,0,
5/20/2021,0.05,259,0.25,0,
5/21/2021,0.05,270,0.25,0,
5/24/2021,0.05,265,0.25,0,
5/25/2021,0.04,261,0.25,0,
5/26/2021,0.04,262,0.25,0,
5/27/2021,0.04,243,0.25,0,
5/28/2021,0.03,219,0.25,0,
6/1/2021,0.04,233,0.25,0,
6/2/2021,0.05,250,0.25,0,
6/3/2021,0.04,272,0.25,0,
6/4/2021,0.04,262,0.25,0,
6/7/2021,0.04,267,0.25,0,
6/8/2021,0.04,254,0.25,0,
6/9/2021,0.04,259,0.25,0,
6/10/2021,0.04,249,0.25,0,
6/11/2021,0.04,252,0.25,0,
6/14/2021,0.04,251,0.25,0,
6/15/2021,0.04,248,0.25,0,
6/16/2021,0.04,242,0.25,0,
6/17/2021,0.08,226,0.25,0,
6/18/2021,0.08,224,0.25,0,
6/21/2021,0.08,253,0.25,0,
6/22/2021,0.08,261,0.25,0,
6/23/2021,0.08,261,0.25,0,
6/24/2021,0.08,266,0.25,0,
6/25/2021,0.08,267,0.25,0,
6/28/2021,0.08,266,0.25,0,
6/29/2021,0.08,252,0.25,0,
6/30/2021,0.06,137,0.25,0,
7/1/2021,0.08,246,0.25,0,
7/2/2021,0.08,242,0.25,0,
7/6/2021,0.08,262,0.25,0,
7/7/2021,0.08,247,0.25,0,
7/8/2021,0.08,256,0.25,0,
7/9/2021,0.08,257,0.25,0,
7/12/2021,0.08,256,0.25,0,
7/13/2021,0.08,249,0.25,0,
7/14/2021,0.08,246,0.25,0,
7/15/2021,0.08,253,0.25,0,
7/16/2021,0.08,254,0.25,0,
7/19/2021,0.08,255,0.25,0,
7/20/2021,0.08,259,0.25,0,
7/21/2021,0.08,258,0.25,0,
7/22/2021,0.08,255,0.25,0,
7/23/2021,0.08,245,0.25,0,
7/26/2021,0.08,260,0.25,0,
7/27/2021,0.08,256,0.25,0,
7/28/2021,0.08,244,0.25,0,
7/29/2021,0.08,253,0.25,0,
7/30/2021,0.06,215,0.25,0,
8/2/2021,0.08,246,0.25,0,
8/3/2021,0.08,245,0.25,0,
8/4/2021,0.08,250,0.25,0,
8/5/2021,0.08,243,0.25,0,
8/6/2021,0.08,248,0.25,0,
8/9/2021,0.08,252,0.25,0,
8/10/2021,0.08,251,0.25,0,
8/11/2021,0.08,248,0.25,0,
8/12/2021,0.08,247,0.25,0,
8/13/2021,0.08,249,0.25,0,
8/16/2021,0.08,252,0.25,0,
8/17/2021,0.08,250,0.25,0,
8/18/2021,0.08,255,0.25,0,
8/19/2021,0.08,250,0.25,0,
8/20/2021,0.08,259,0.25,0,
8/23/2021,0.08,261,0.25,0,
8/24/2021,0.08,255,0.25,0,
8/25/2021,0.07,256,0.25,0,
8/26/2021,0.07,246,0.25,0,
8/27/2021,0.07,257,0.25,0,
8/30/2021,0.07,262,0.25,0,
8/31/2021,0.05,214,0.25,0,
9/1/2021,0.07,266,0.25,0,
9/2/2021,0.07,267,0.25,0,
9/3/2021,0.07,267,0.25,0,
9/7/2021,0.07,271,0.25,0,
9/8/2021,0.07,276,0.25,0,
9/9/2021,0.07,281,0.25,0,
9/10/2021,0.07,277,0.25,0,
9/13/2021,0.07,262,0.25,0,
9/14/2021,0.07,258,0.25,0,
9/15/2021,0.07,252,0.25,0,
9/16/2021,0.07,256,0.25,0,
9/17/2021,0.07,256,0.25,0,
9/20/2021,0.07,258,0.25,0,
9/21/2021,0.07,277,0.25,0,
9/22/2021,0.07,265,0.25,0,
9/23/2021,0.07,264,0.25,0,
9/24/2021,0.07,254,0.25,0,
9/27/2021,0.07,254,0.25,0,
9/28/2021,0.07,244,0.25,0,
9/29/2021,0.07,248,0.25,0,
9/30/2021,0.06,137,0.25,0,
10/1/2021,0.07,257,0.25,0,
10/4/2021,0.07,261,0.25,0,
10/5/2021,0.07,263,0.25,0,
10/6/2021,0.07,256,0.25,0,
10/7/2021,0.07,259,0.25,0,
10/8/2021,0.07,264,0.25,0,
10/12/2021,0.07,275,0.25,0,
10/13/2021,0.07,270,0.25,0,
10/14/2021,0.07,266,0.25,0,
10/15/2021,0.07,266,0.25,0,
10/18/2021,0.07,277,0.25,0,
10/19/2021,0.07,269,0.25,0,
10/20/2021,0.07,271,0.25,0,
10/21/2021,0.07,284,0.25,0,
10/22/2021,0.07,274,0.25,0,
10/25/2021,0.07,286,0.25,0,
10/26/2021,0.07,276,0.25,0,
10/27/2021,0.07,267,0.25,0,
10/28/2021,0.07,272,0.25,0,
10/29/2021,0.06,222,0.25,0,
11/1/2021,0.07,266,0.25,0,
11/2/2021,0.07,264,0.25,0,
11/3/2021,0.07,276,0.25,0,
11/4/2021,0.07,276,0.25,0,
11/5/2021,0.07,283,0.25,0,
11/8/2021,0.07,285,0.25,0,
11/9/2021,0.07,281,0.25,0,
11/10/2021,0.07,277,0.25,0,
11/12/2021,0.07,264,0.25,0,
11/15/2021,0.07,283,0.25,0,
11/16/2021,0.07,265,0.25,0,
11/17/2021,0.07,271,0.25,0,
11/18/2021,0.07,273,0.25,0,
11/19/2021,0.07,272,0.25,0,
11/22/2021,0.07,278,0.25,0,
11/23/2021,0.07,272,0.25,0,
11/24/2021,0.07,257,0.25,0,
11/26/2021,0.07,268,0.25,0,
11/29/2021,0.07,279,0.25,0,
11/30/2021,0.07,220,0.25,0,
12/1/2021,0.07,256,0.25,0,
12/2/2021,0.07,270,0.25,0,
12/3/2021,0.07,261,0.25,0,
12/6/2021,0.07,259,0.25,0,
12/7/2021,0.07,257,0.25,0,
12/8/2021,0.07,261,0.25,0,
12/9/2021,0.07,266,0.25,0,
12/10/2021,0.07,261,0.25,0,
12/13/2021,0.07,250,0.25,0,
12/14/2021,0.07,256,0.25,0,
12/15/2021,0.07,248,0.25,0,
12/16/2021,0.07,248,0.25,0,
12/17/2021,0.07,257,0.25,0,
12/20/2021,0.07,259,0.25,0,
12/21/2021,0.07,249,0.25,0,
12/22/2021,0.07,234,0.25,0,
12/23/2021,0.08,91,0.25,0,
12/27/2021,0.05,328,0.25,0,
12/28/2021,0.05,328,0.25,0,
12/29/2021,0.05,330,0.25,0,
12/30/2021,0.05,322,0.25,0,
12/31/2021,0.05,327,0.25,0,
1/3/2022,0.05,344,0.25,0,
1/4/2022,0.05,348,0.25,0,
1/5/2022,0.05,340,0.25,0,
1/6/2022,0.05,350,0.25,0,
1/7/2022,0.05,345,0.25,0,
1/10/2022,0.05,351,0.25,0,
1/11/2022,0.05,358,0.25,0,
1/12/2022,0.05,351,0.25,0,
1/13/2022,0.05,353,0.25,0,
1/14/2022,0.05,340,0.25,0,
1/18/2022,0.05,357,0.25,0,
1/19/2022,0.05,351,0.25,0,
1/20/2022,0.05,346,0.25,0,
1/21/2022,0.05,340,0.25,0,
1/24/2022,0.05,332,0.25,0,
1/25/2022,0.05,349,0.25,0,
1/26/2022,0.05,347,0.25,0,
1/27/2022,0.05,345,0.25,0,
1/28/2022,0.05,345,0.25,0,
1/31/2022,0.05,357,0.25,0,
2/1/2022,0.05,348,0.25,0,
2/2/2022,0.05,340,0.25,0,
2/3/2022,0.05,344,0.25,0,
2/4/2022,0.05,344,0.25,0,
2/7/2022,0.05,347,0.25,0,
2/8/2022,0.05,346,0.25,0,
2/9/2022,0.05,350,0.25,0,
2/10/2022,0.05,344,0.25,0,
2/11/2022,0.05,338,0.25,0,
2/14/2022,0.05,329,0.25,0,
2/15/2022,0.05,340,0.25,0,
2/16/2022,0.05,341,0.25,0,
2/17/2022,0.05,346,0.25,0,
2/18/2022,0.05,345,0.25,0,
2/22/2022,0.05,345,0.25,0,
2/23/2022,0.05,334,0.25,0,
2/24/2022,0.05,345,0.25,0,
2/25/2022,0.05,364,0.25,0,
2/28/2022,0.05,369,0.25,0,
3/1/2022,0.05,372,0.25,0,
3/2/2022,0.05,367,0.25,0,
3/3/2022,0.05,367,0.25,0,
3/4/2022,0.05,366,0.25,0,
3/7/2022,0.05,364,0.25,0,
3/8/2022,0.05,364,0.25,0,
3/9/2022,0.05,364,0.25,0,
3/10/2022,0.05,360,0.25,0,
3/11/2022,0.05,368,0.25,0,
3/14/2022,0.05,368,0.25,0,
3/15/2022,0.05,370,0.25,0,
3/16/2022,0.05,375,0.25,0,
3/17/2022,0.3,374,0.5,0.25,
3/18/2022,0.3,381,0.5,0.25,
3/21/2022,0.3,381,0.5,0.25,
3/22/2022,0.3,361,0.5,0.25,
3/23/2022,0.3,359,0.5,0.25,
3/24/2022,0.3,351,0.5,0.25,
3/25/2022,0.3,332,0.5,0.25,
3/28/2022,0.3,335,0.5,0.25,
3/29/2022,0.3,332,0.5,0.25,
3/30/2022,0.3,324,0.5,0.25,
3/31/2022,0.3,303,0.5,0.25,
4/1/2022,0.3,348,0.5,0.25,
4/4/2022,0.3,340,0.5,0.25,
4/5/2022,0.3,336,0.5,0.25,
4/6/2022,0.3,332,0.5,0.25,
4/7/2022,0.3,335,0.5,0.25,
4/8/2022,0.3,337,0.5,0.25,
4/11/2022,0.3,336,0.5,0.25,
4/12/2022,0.3,338,0.5,0.25,
4/13/2022,0.3,336,0.5,0.25,
4/14/2022,0.3,336,0.5,0.25,
4/15/2022,0.33,75,0.5,0.25,
4/18/2022,0.33,76,0.5,0.25,
4/19/2022,0.33,70,0.5,0.25,
4/20/2022,0.33,71,0.5,0.25,
4/21/2022,0.33,70,0.5,0.25,
4/22/2022,0.33,74,0.5,0.25,
4/25/2022,0.33,78,0.5,0.25,
4/26/2022,0.33,73,0.5,0.25,
4/27/2022,0.33,78,0.5,0.25,
4/28/2022,0.33,81,0.5,0.25,
4/29/2022,0.33,76,0.5,0.25,
5/2/2022,0.33,77,0.5,0.25,
5/3/2022,0.33,79,0.5,0.25,
5/4/2022,0.33,77,0.5,0.25,
5/5/2022,0.83,74,1,0.75,
5/6/2022,0.83,81,1,0.75,
5/9/2022,0.83,75,1,0.75,
5/10/2022,0.83,72,1,0.75,
5/11/2022,0.83,78,1,0.75,
5/12/2022,0.83,81,1,0.75,
5/13/2022,0.83,84,1,0.75,
5/16/2022,0.83,84,1,0.75,
5/17/2022,0.83,80,1,0.75,
5/18/2022,0.83,75,1,0.75,
5/19/2022,0.83,76,1,0.75,
5/20/2022,0.83,82,1,0.75,
5/23/2022,0.83,82,1,0.75,
5/24/2022,0.83,82,1,0.75,
5/25/2022,0.83,85,1,0.75,
5/26/2022,0.83,81,1,0.75,
5/27/2022,0.83,79,1,0.75,
5/31/2022,0.83,76,1,0.75,
6/1/2022,0.83,85,1,0.75,
6/2/2022,0.83,83,1,0.75,
6/3/2022,0.83,85,1,0.75,
6/6/2022,0.83,85,1,0.75,
6/7/2022,0.83,82,1,0.75,
6/8/2022,0.83,79,1,0.75,
6/9/2022,0.83,79,1,0.75,
6/10/2022,0.83,76,1,0.75,
6/13/2022,0.83,75,1,0.75,
6/14/2022,0.83,81,1,0.75,
6/15/2022,0.83,83,1,0.75,
6/16/2022,1.58,80,1.75,1.5,
6/17/2022,1.58,84,1.75,1.5,
6/21/2022,1.58,67,1.75,1.5,
6/22/2022,1.58,85,1.75,1.5,
6/23/2022,1.58,84,1.75,1.5,
6/24/2022,1.58,91,1.75,1.5,
6/27/2022,1.58,90,1.75,1.5,
6/28/2022,1.58,95,1.75,1.5,
6/29/2022,1.58,85,1.75,1.5,
6/30/2022,1.58,67,1.75,1.5,
7/1/2022,1.58,90,1.75,1.5,
7/5/2022,1.58,94,1.75,1.5,
7/6/2022,1.58,95,1.75,1.5,
7/7/2022,1.58,92,1.75,1.5,
7/8/2022,1.58,99,1.75,1.5,
7/11/2022,1.58,93,1.75,1.5,
7/12/2022,1.58,98,1.75,1.5,
7/13/2022,1.58,96,1.75,1.5,
7/14/2022,1.58,91,1.75,1.5,
7/15/2022,1.58,97,1.75,1.5,
7/18/2022,1.58,97,1.75,1.5,
7/19/2022,1.58,90,1.75,1.5,
7/20/2022,1.58,95,1.75,1.5,
7/21/2022,1.58,96,1.75,1.5,
7/22/2022,1.58,96,1.75,1.5,
7/25/2022,1.58,94,1.75,1.5,
7/26/2022,1.58,97,1.75,1.5,
7/27/2022,1.58,98,1.75,1.5,
7/28/2022,2.33,90,2.5,2.25,
7/29/2022,2.32,86,2.5,2.25,
8/1/2022,2.33,93,2.5,2.25,
8/2/2022,2.33,95,2.5,2.25,
8/3/2022,2.33,92,2.5,2.25,
8/4/2022,2.33,91,2.5,2.25,
8/5/2022,2.33,91,2.5,2.25,
8/8/2022,2.33,89,2.5,2.25,
8/9/2022,2.33,90,2.5,2.25,
8/10/2022,2.33,93,2.5,2.25,
8/11/2022,2.33,94,2.5,2.25,
8/12/2022,2.33,97,2.5,2.25,
8/15/2022,2.33,97,2.5,2.25,
8/16/2022,2.33,94,2.5,2.25,
8/17/2022,2.33,92,2.5,2.25,
8/18/2022,2.33,91,2.5,2.25,
8/19/2022,2.33,94,2.5,2.25,
8/22/2022,2.33,91,2.5,2.25,
8/23/2022,2.33,91,2.5,2.25,
8/24/2022,2.33,94,2.5,2.25,
8/25/2022,2.33,96,2.5,2.25,
8/26/2022,2.33,98,2.5,2.25,
8/29/2022,2.33,89,2.5,2.25,
8/30/2022,2.33,90,2.5,2.25,
8/31/2022,2.33,86,2.5,2.25,
9/1/2022,2.33,100,2.5,2.25,
9/2/2022,2.33,100,2.5,2.25,
9/6/2022,2.33,94,2.5,2.25,
9/7/2022,2.33,97,2.5,2.25,
9/8/2022,2.33,94,2.5,2.25,
9/9/2022,2.33,101,2.5,2.25,
9/12/2022,2.33,93,2.5,2.25,
9/13/2022,2.33,94,2.5,2.25,
9/14/2022,2.33,95,2.5,2.25,
9/15/2022,2.33,96,2.5,2.25,
9/16/2022,2.33,96,2.5,2.25,
9/19/2022,2.33,93,2.5,2.25,
9/20/2022,2.33,91,2.5,2.25,
9/21/2022,2.33,99,2.5,2.25,
9/22/2022,3.08,99,3.25,3,
9/23/2022,3.08,109,3.25,3,
9/26/2022,3.08,111,3.25,3,
9/27/2022,3.08,111,3.25,3,
9/28/2022,3.08,110,3.25,3,
9/29/2022,3.08,103,3.25,3,
9/30/2022,3.08,90,3.25,3,
10/3/2022,3.08,115,3.25,3,
10/4/2022,3.08,107,3.25,3,
10/5/2022,3.08,104,3.25,3,
10/6/2022,3.08,109,3.25,3,
10/7/2022,3.08,113,3.25,3,
10/11/2022,3.08,104,3.25,3,
10/12/2022,3.08,110,3.25,3,
10/13/2022,3.08,106,3.25,3,
10/14/2022,3.08,110,3.25,3,
10/17/2022,3.08,103,3.25,3,
10/18/2022,3.08,103,3.25,3,
10/19/2022,3.08,104,3.25,3,
10/20/2022,3.08,92,3.25,3,
10/21/2022,3.08,99,3.25,3,
10/24/2022,3.08,99,3.25,3,
10/25/2022,3.08,103,3.25,3,
10/26/2022,3.08,99,3.25,3,
10/27/2022,3.08,103,3.25,3,
10/28/2022,3.08,107,3.25,3,
10/31/2022,3.08,82,3.25,3,
11/1/2022,3.08,108,3.25,3,
11/2/2022,3.08,103,3.25,3,
11/3/2022,3.83,97,4,3.75,
11/4/2022,3.83,105,4,3.75,
11/7/2022,3.83,99,4,3.75,
11/8/2022,3.83,101,4,3.75,
11/9/2022,3.83,100,4,3.75,
11/10/2022,3.83,97,4,3.75,
11/14/2022,3.83,99,4,3.75,
11/15/2022,3.83,97,4,3.75,
11/16/2022,3.83,98,4,3.75,
11/17/2022,3.83,99,4,3.75,
11/18/2022,3.83,102,4,3.75,
11/21/2022,3.83,94,4,3.75,
11/22/2022,3.83,99,4,3.75,
11/23/2022,3.83,108,4,3.75,
11/25/2022,3.83,105,4,3.75,
11/28/2022,3.83,97,4,3.75,
11/29/2022,3.83,95,4,3.75,
11/30/2022,3.83,92,4,3.75,
12/1/2022,3.83,99,4,3.75,
12/2/2022,3.83,108,4,3.75,
12/5/2022,3.83,107,4,3.75,
12/6/2022,3.83,110,4,3.75,
12/7/2022,3.83,103,4,3.75,
12/8/2022,3.83,99,4,3.75,
12/9/2022,3.83,102,4,3.75,
12/12/2022,3.83,97,4,3.75,
12/13/2022,3.83,100,4,3.75,
12/14/2022,3.83,101,4,3.75,
12/15/2022,4.33,104,4.5,4.25,
12/16/2022,4.33,99,4.5,4.25,
12/19/2022,4.33,91,4.5,4.25,
12/20/2022,4.33,99,4.5,4.25,
12/21/2022,4.33,98,4.5,4.25,
12/22/2022,4.33,99,4.5,4.25,
12/23/2022,4.33,107,4.5,4.25,
12/27/2022,4.33,109,4.5,4.25,
12/28/2022,4.33,99,4.5,4.25,
12/29/2022,4.33,94,4.5,4.25,
