Date,Reference,Group,Percentile01,Percentile25,Percentile75,Percentile99,Rate,TargetDe,TargetUe,Volume
3/1/2016,EFFR,1,0.34,0.36,0.37,0.5,0.36,0.25,0.5,76
3/1/2016,OBFR,1,0.29,0.36,0.37,0.42,0.37,NA,NA,324
3/2/2016,EFFR,2,0.33,0.36,0.37,0.45,0.37,0.25,0.5,75
3/2/2016,OBFR,2,0.29,0.36,0.37,0.42,0.37,NA,NA,333
3/3/2016,EFFR,3,0.34,0.36,0.37,0.5,0.37,0.25,0.5,75
3/3/2016,OBFR,3,0.15,0.36,0.37,0.42,0.37,NA,NA,326
3/4/2016,EFFR,4,0.34,0.36,0.37,0.52,0.36,0.25,0.5,75
3/4/2016,OBFR,4,0.25,0.36,0.37,0.43,0.37,NA,NA,325
3/7/2016,EFFR,5,0.34,0.36,0.37,0.5,0.36,0.25,0.5,72
3/7/2016,OBFR,5,0.15,0.36,0.37,0.43,0.37,NA,NA,320
3/8/2016,EFFR,6,0.32,0.36,0.37,0.5,0.36,0.25,0.5,72
3/8/2016,OBFR,6,0.25,0.36,0.37,0.42,0.37,NA,NA,327
3/9/2016,EFFR,7,0.34,0.36,0.37,0.52,0.36,0.25,0.5,75
3/9/2016,OBFR,7,0.25,0.36,0.37,0.43,0.37,NA,NA,322
3/10/2016,EFFR,8,0.35,0.36,0.37,0.75,0.36,0.25,0.5,72
3/10/2016,OBFR,8,0.25,0.36,0.37,0.43,0.37,NA,NA,331
3/11/2016,EFFR,9,0.35,0.36,0.37,0.5,0.36,0.25,0.5,68
3/11/2016,OBFR,9,0.25,0.36,0.37,0.43,0.37,NA,NA,314
3/14/2016,EFFR,10,0.35,0.36,0.37,0.5,0.36,0.25,0.5,67
3/14/2016,OBFR,10,0.25,0.36,0.37,0.43,0.37,NA,NA,304
3/15/2016,EFFR,11,0.35,0.36,0.37,0.5,0.37,0.25,0.5,67
3/15/2016,OBFR,11,0.29,0.36,0.37,0.42,0.37,NA,NA,302
3/16/2016,EFFR,12,0.35,0.36,0.37,0.5,0.37,0.25,0.5,63
3/16/2016,OBFR,12,0.28,0.36,0.37,0.42,0.37,NA,NA,299
3/17/2016,EFFR,13,0.36,0.36,0.37,0.5,0.37,0.25,0.5,63
3/17/2016,OBFR,13,0.15,0.36,0.37,0.42,0.37,NA,NA,306
3/18/2016,EFFR,14,0.32,0.36,0.37,0.55,0.37,0.25,0.5,66
3/18/2016,OBFR,14,0.15,0.36,0.37,0.43,0.37,NA,NA,299
3/21/2016,EFFR,15,0.35,0.36,0.37,0.56,0.37,0.25,0.5,61
3/21/2016,OBFR,15,0.15,0.36,0.37,0.43,0.37,NA,NA,305
3/22/2016,EFFR,16,0.33,0.36,0.37,0.55,0.37,0.25,0.5,66
3/22/2016,OBFR,16,0.25,0.37,0.37,0.43,0.37,NA,NA,310
3/23/2016,EFFR,17,0.32,0.36,0.37,0.55,0.37,0.25,0.5,65
3/23/2016,OBFR,17,0.25,0.37,0.37,0.43,0.37,NA,NA,295
3/24/2016,EFFR,18,0.35,0.36,0.37,0.56,0.37,0.25,0.5,64
3/24/2016,OBFR,18,0.24,0.36,0.38,0.55,0.37,NA,NA,94
3/25/2016,EFFR,19,0.3,0.36,0.37,0.56,0.37,0.25,0.5,68
3/25/2016,OBFR,19,0.01,0.36,0.37,0.55,0.37,NA,NA,96
3/28/2016,EFFR,20,0.35,0.36,0.37,0.56,0.37,0.25,0.5,66
3/28/2016,OBFR,20,0.25,0.37,0.37,0.44,0.37,NA,NA,297
3/29/2016,EFFR,21,0.3,0.36,0.37,0.55,0.37,0.25,0.5,69
3/29/2016,OBFR,21,0.25,0.37,0.37,0.43,0.37,NA,NA,295
3/30/2016,EFFR,22,0.35,0.36,0.37,0.56,0.37,0.25,0.5,73
3/30/2016,OBFR,22,0.25,0.37,0.37,0.48,0.37,NA,NA,301
3/31/2016,EFFR,23,0.2,0.25,0.26,0.56,0.25,0.25,0.5,50
3/31/2016,OBFR,23,0.15,0.25,0.27,0.55,0.25,NA,NA,181
4/1/2016,EFFR,24,0.34,0.36,0.37,0.55,0.37,0.25,0.5,72
4/1/2016,OBFR,24,0.25,0.37,0.37,0.44,0.37,NA,NA,292
4/4/2016,EFFR,25,0.35,0.36,0.37,0.55,0.37,0.25,0.5,74
4/4/2016,OBFR,25,0.28,0.37,0.37,0.43,0.37,NA,NA,294
4/5/2016,EFFR,26,0.35,0.36,0.37,0.55,0.37,0.25,0.5,77
4/5/2016,OBFR,26,0.28,0.37,0.37,0.43,0.37,NA,NA,291
4/6/2016,EFFR,27,0.35,0.36,0.37,0.55,0.37,0.25,0.5,76
4/6/2016,OBFR,27,0.25,0.37,0.37,0.44,0.37,NA,NA,292
4/7/2016,EFFR,28,0.35,0.36,0.37,0.53,0.37,0.25,0.5,79
4/7/2016,OBFR,28,0.29,0.37,0.37,0.44,0.37,NA,NA,294
4/8/2016,EFFR,29,0.33,0.36,0.37,0.53,0.37,0.25,0.5,74
4/8/2016,OBFR,29,0.27,0.37,0.37,0.43,0.37,NA,NA,293
4/11/2016,EFFR,30,0.35,0.36,0.37,0.5,0.37,0.25,0.5,72
4/11/2016,OBFR,30,0.29,0.37,0.37,0.43,0.37,NA,NA,298
4/12/2016,EFFR,31,0.35,0.36,0.37,0.5,0.37,0.25,0.5,74
4/12/2016,OBFR,31,0.29,0.37,0.37,0.43,0.37,NA,NA,300
4/13/2016,EFFR,32,0.33,0.36,0.37,0.53,0.37,0.25,0.5,73
4/13/2016,OBFR,32,0.15,0.37,0.37,0.43,0.37,NA,NA,289
4/14/2016,EFFR,33,0.35,0.37,0.37,0.56,0.37,0.25,0.5,71
4/14/2016,OBFR,33,0.29,0.37,0.37,0.43,0.37,NA,NA,278
4/15/2016,EFFR,34,0.36,0.37,0.38,0.5,0.37,0.25,0.5,70
4/15/2016,OBFR,34,0.2,0.37,0.37,0.43,0.37,NA,NA,277
4/18/2016,EFFR,35,0.36,0.37,0.37,0.56,0.37,0.25,0.5,69
4/18/2016,OBFR,35,0.29,0.37,0.37,0.44,0.37,NA,NA,283
4/19/2016,EFFR,36,0.36,0.37,0.37,0.56,0.37,0.25,0.5,66
4/19/2016,OBFR,36,0.29,0.37,0.37,0.45,0.37,NA,NA,290
4/20/2016,EFFR,37,0.33,0.37,0.37,0.56,0.37,0.25,0.5,62
4/20/2016,OBFR,37,0.28,0.37,0.37,0.45,0.37,NA,NA,282
4/21/2016,EFFR,38,0.36,0.37,0.37,0.56,0.37,0.25,0.5,65
4/21/2016,OBFR,38,0.25,0.37,0.37,0.44,0.37,NA,NA,299
4/22/2016,EFFR,39,0.36,0.37,0.37,0.56,0.37,0.25,0.5,59
4/22/2016,OBFR,39,0.05,0.37,0.37,0.44,0.37,NA,NA,289
4/25/2016,EFFR,40,0.36,0.37,0.37,0.56,0.37,0.25,0.5,59
4/25/2016,OBFR,40,0.25,0.37,0.37,0.46,0.37,NA,NA,279
4/26/2016,EFFR,41,0.35,0.37,0.37,0.56,0.37,0.25,0.5,54
4/26/2016,OBFR,41,0.25,0.37,0.37,0.46,0.37,NA,NA,273
4/27/2016,EFFR,42,0.36,0.37,0.37,0.56,0.37,0.25,0.5,63
4/27/2016,OBFR,42,0.28,0.37,0.37,0.44,0.37,NA,NA,294
4/28/2016,EFFR,43,0.36,0.37,0.38,0.56,0.37,0.25,0.5,62
4/28/2016,OBFR,43,0.29,0.37,0.37,0.46,0.37,NA,NA,302
4/29/2016,EFFR,44,0.27,0.29,0.3,0.56,0.3,0.25,0.5,58
4/29/2016,OBFR,44,0.27,0.29,0.3,0.44,0.3,NA,NA,290
5/2/2016,EFFR,45,0.33,0.37,0.37,0.56,0.37,0.25,0.5,59
5/2/2016,OBFR,45,0.28,0.37,0.37,0.44,0.37,NA,NA,280
5/3/2016,EFFR,46,0.36,0.37,0.38,0.56,0.37,0.25,0.5,61
5/3/2016,OBFR,46,0.29,0.37,0.37,0.47,0.37,NA,NA,296
5/4/2016,EFFR,47,0.36,0.37,0.38,0.56,0.37,0.25,0.5,62
5/4/2016,OBFR,47,0.28,0.37,0.37,0.44,0.37,NA,NA,267
5/5/2016,EFFR,48,0.36,0.37,0.38,0.56,0.37,0.25,0.5,60
5/5/2016,OBFR,48,0.29,0.37,0.37,0.44,0.37,NA,NA,292
5/6/2016,EFFR,49,0.36,0.37,0.38,0.56,0.37,0.25,0.5,64
5/6/2016,OBFR,49,0.29,0.37,0.37,0.44,0.37,NA,NA,294
5/9/2016,EFFR,50,0.35,0.37,0.38,0.56,0.37,0.25,0.5,62
5/9/2016,OBFR,50,0.29,0.37,0.37,0.44,0.37,NA,NA,296
5/10/2016,EFFR,51,0.36,0.37,0.38,0.53,0.37,0.25,0.5,63
5/10/2016,OBFR,51,0.29,0.37,0.38,0.43,0.37,NA,NA,292
5/11/2016,EFFR,52,0.36,0.37,0.38,0.55,0.37,0.25,0.5,63
5/11/2016,OBFR,52,0.29,0.37,0.38,0.43,0.37,NA,NA,287
5/12/2016,EFFR,53,0.36,0.37,0.38,0.55,0.37,0.25,0.5,61
5/12/2016,OBFR,53,0.29,0.37,0.38,0.44,0.37,NA,NA,292
5/13/2016,EFFR,54,0.36,0.37,0.38,0.56,0.37,0.25,0.5,61
5/13/2016,OBFR,54,0.29,0.37,0.38,0.44,0.37,NA,NA,268
5/16/2016,EFFR,55,0.36,0.37,0.38,0.56,0.37,0.25,0.5,61
5/16/2016,OBFR,55,0.29,0.37,0.38,0.44,0.37,NA,NA,290
5/17/2016,EFFR,56,0.36,0.37,0.38,0.56,0.37,0.25,0.5,62
5/17/2016,OBFR,56,0.25,0.37,0.38,0.44,0.37,NA,NA,293
5/18/2016,EFFR,57,0.36,0.37,0.38,0.55,0.37,0.25,0.5,59
5/18/2016,OBFR,57,0.15,0.37,0.38,0.43,0.37,NA,NA,301
5/19/2016,EFFR,58,0.34,0.37,0.38,0.56,0.37,0.25,0.5,64
5/19/2016,OBFR,58,0.3,0.37,0.38,0.44,0.37,NA,NA,309
5/20/2016,EFFR,59,0.36,0.37,0.38,0.56,0.37,0.25,0.5,70
5/20/2016,OBFR,59,0.29,0.37,0.38,0.44,0.37,NA,NA,309
5/23/2016,EFFR,60,0.36,0.37,0.38,0.56,0.37,0.25,0.5,66
5/23/2016,OBFR,60,0.31,0.37,0.38,0.44,0.37,NA,NA,313
5/24/2016,EFFR,61,0.36,0.37,0.38,0.56,0.37,0.25,0.5,65
5/24/2016,OBFR,61,0.2,0.37,0.38,0.44,0.37,NA,NA,321
5/25/2016,EFFR,62,0.35,0.37,0.38,0.5,0.37,0.25,0.5,70
5/25/2016,OBFR,62,0.29,0.37,0.38,0.43,0.37,NA,NA,307
5/26/2016,EFFR,63,0.36,0.37,0.38,0.56,0.37,0.25,0.5,68
5/26/2016,OBFR,63,0.3,0.37,0.38,0.43,0.37,NA,NA,318
5/27/2016,EFFR,64,0.36,0.37,0.38,0.56,0.37,0.25,0.5,69
5/27/2016,OBFR,64,0.29,0.37,0.38,0.45,0.37,NA,NA,308
5/31/2016,EFFR,65,0.26,0.28,0.3,0.56,0.29,0.25,0.5,58
5/31/2016,OBFR,65,0.26,0.28,0.3,0.45,0.29,NA,NA,284
6/1/2016,EFFR,66,0.36,0.37,0.38,0.53,0.37,0.25,0.5,67
6/1/2016,OBFR,66,0.29,0.37,0.38,0.45,0.37,NA,NA,305
6/2/2016,EFFR,67,0.36,0.37,0.38,0.53,0.37,0.25,0.5,70
6/2/2016,OBFR,67,0.29,0.37,0.38,0.45,0.37,NA,NA,302
6/3/2016,EFFR,68,0.35,0.37,0.38,0.5,0.37,0.25,0.5,69
6/3/2016,OBFR,68,0.28,0.37,0.38,0.45,0.37,NA,NA,295
6/6/2016,EFFR,69,0.36,0.37,0.38,0.54,0.37,0.25,0.5,70
6/6/2016,OBFR,69,0.29,0.37,0.38,0.45,0.37,NA,NA,291
6/7/2016,EFFR,70,0.36,0.37,0.38,0.55,0.37,0.25,0.5,71
6/7/2016,OBFR,70,0.29,0.37,0.38,0.46,0.37,NA,NA,296
6/8/2016,EFFR,71,0.36,0.37,0.38,0.54,0.37,0.25,0.5,75
6/8/2016,OBFR,71,0.3,0.37,0.38,0.45,0.37,NA,NA,293
6/9/2016,EFFR,72,0.31,0.37,0.38,0.54,0.37,0.25,0.5,75
6/9/2016,OBFR,72,0.3,0.37,0.38,0.45,0.37,NA,NA,293
6/10/2016,EFFR,73,0.36,0.37,0.38,0.52,0.37,0.25,0.5,72
6/10/2016,OBFR,73,0.3,0.37,0.38,0.45,0.37,NA,NA,284
6/13/2016,EFFR,74,0.36,0.37,0.38,0.54,0.37,0.25,0.5,66
6/13/2016,OBFR,74,0.3,0.37,0.38,0.45,0.37,NA,NA,285
6/14/2016,EFFR,75,0.36,0.37,0.38,0.55,0.37,0.25,0.5,68
6/14/2016,OBFR,75,0.29,0.37,0.38,0.46,0.37,NA,NA,257
6/15/2016,EFFR,76,0.36,0.37,0.38,0.56,0.37,0.25,0.5,69
6/15/2016,OBFR,76,0.28,0.37,0.38,0.45,0.38,NA,NA,241
6/16/2016,EFFR,77,0.36,0.37,0.38,0.56,0.38,0.25,0.5,72
6/16/2016,OBFR,77,0.28,0.38,0.38,0.48,0.38,NA,NA,255
6/17/2016,EFFR,78,0.36,0.38,0.38,0.53,0.38,0.25,0.5,73
6/17/2016,OBFR,78,0.28,0.38,0.38,0.46,0.38,NA,NA,247
6/20/2016,EFFR,79,0.36,0.38,0.39,0.56,0.38,0.25,0.5,70
6/20/2016,OBFR,79,0.27,0.38,0.38,0.47,0.38,NA,NA,248
6/21/2016,EFFR,80,0.37,0.38,0.39,0.56,0.38,0.25,0.5,68
6/21/2016,OBFR,80,0.27,0.38,0.39,0.45,0.38,NA,NA,258
6/22/2016,EFFR,81,0.36,0.38,0.39,0.56,0.38,0.25,0.5,71
6/22/2016,OBFR,81,0.27,0.38,0.39,0.47,0.38,NA,NA,250
6/23/2016,EFFR,82,0.37,0.39,0.39,0.56,0.39,0.25,0.5,71
6/23/2016,OBFR,82,0.27,0.39,0.4,0.47,0.39,NA,NA,244
6/24/2016,EFFR,83,0.38,0.4,0.42,0.56,0.4,0.25,0.5,70
6/24/2016,OBFR,83,0.05,0.4,0.42,0.47,0.4,NA,NA,248
6/27/2016,EFFR,84,0.38,0.4,0.42,0.56,0.41,0.25,0.5,66
6/27/2016,OBFR,84,0.27,0.4,0.42,0.47,0.41,NA,NA,239
6/28/2016,EFFR,85,0.39,0.4,0.42,0.56,0.41,0.25,0.5,66
6/28/2016,OBFR,85,0.28,0.4,0.42,0.47,0.41,NA,NA,242
6/29/2016,EFFR,86,0.39,0.4,0.42,0.56,0.41,0.25,0.5,63
6/29/2016,OBFR,86,0.25,0.4,0.42,0.47,0.41,NA,NA,249
6/30/2016,EFFR,87,0.25,0.29,0.32,0.56,0.3,0.25,0.5,46
6/30/2016,OBFR,87,0.2,0.3,0.32,0.47,0.3,NA,NA,159
7/1/2016,EFFR,88,0.3,0.4,0.41,0.56,0.41,0.25,0.5,68
7/1/2016,OBFR,88,0.25,0.4,0.41,0.46,0.41,NA,NA,235
7/5/2016,EFFR,89,0.38,0.4,0.41,0.75,0.4,0.25,0.5,72
7/5/2016,OBFR,89,0.3,0.4,0.41,0.47,0.4,NA,NA,273
7/6/2016,EFFR,90,0.37,0.4,0.41,0.55,0.4,0.25,0.5,68
7/6/2016,OBFR,90,0.25,0.4,0.41,0.45,0.4,NA,NA,231
7/7/2016,EFFR,91,0.37,0.4,0.41,0.56,0.4,0.25,0.5,68
7/7/2016,OBFR,91,0.27,0.4,0.41,0.46,0.4,NA,NA,245
7/8/2016,EFFR,92,0.37,0.4,0.41,0.55,0.4,0.25,0.5,67
7/8/2016,OBFR,92,0.25,0.4,0.41,0.45,0.4,NA,NA,244
7/11/2016,EFFR,93,0.38,0.4,0.41,0.56,0.4,0.25,0.5,65
7/11/2016,OBFR,93,0.27,0.4,0.41,0.46,0.4,NA,NA,254
7/12/2016,EFFR,94,0.36,0.4,0.41,0.56,0.4,0.25,0.5,63
7/12/2016,OBFR,94,0.27,0.4,0.41,0.46,0.4,NA,NA,258
7/13/2016,EFFR,95,0.38,0.4,0.41,0.51,0.4,0.25,0.5,64
7/13/2016,OBFR,95,0.27,0.4,0.41,0.45,0.4,NA,NA,264
7/14/2016,EFFR,96,0.34,0.4,0.41,0.56,0.4,0.25,0.5,62
7/14/2016,OBFR,96,0.27,0.4,0.41,0.46,0.4,NA,NA,250
7/15/2016,EFFR,97,0.33,0.4,0.41,0.5,0.4,0.25,0.5,71
7/15/2016,OBFR,97,0.27,0.4,0.41,0.45,0.4,NA,NA,256
7/18/2016,EFFR,98,0.35,0.4,0.41,0.55,0.4,0.25,0.5,65
7/18/2016,OBFR,98,0.28,0.4,0.41,0.46,0.4,NA,NA,248
7/19/2016,EFFR,99,0.34,0.4,0.41,0.5,0.4,0.25,0.5,74
7/19/2016,OBFR,99,0.3,0.4,0.41,0.46,0.4,NA,NA,255
7/20/2016,EFFR,100,0.38,0.4,0.41,0.5,0.4,0.25,0.5,70
7/20/2016,OBFR,100,0.3,0.4,0.41,0.46,0.4,NA,NA,254
7/21/2016,EFFR,101,0.35,0.4,0.41,0.56,0.4,0.25,0.5,72
7/21/2016,OBFR,101,0.28,0.4,0.41,0.48,0.4,NA,NA,254
7/22/2016,EFFR,102,0.35,0.4,0.41,0.55,0.4,0.25,0.5,72
7/22/2016,OBFR,102,0.05,0.4,0.41,0.48,0.4,NA,NA,249
7/25/2016,EFFR,103,0.35,0.4,0.41,0.56,0.4,0.25,0.5,70
7/25/2016,OBFR,103,0.25,0.4,0.41,0.48,0.4,NA,NA,267
7/26/2016,EFFR,104,0.35,0.4,0.41,0.56,0.4,0.25,0.5,69
7/26/2016,OBFR,104,0.27,0.4,0.41,0.48,0.4,NA,NA,268
7/27/2016,EFFR,105,0.33,0.4,0.41,0.56,0.4,0.25,0.5,64
7/27/2016,OBFR,105,0.27,0.4,0.41,0.48,0.4,NA,NA,254
7/28/2016,EFFR,106,0.27,0.4,0.41,0.56,0.4,0.25,0.5,63
7/28/2016,OBFR,106,0.27,0.4,0.41,0.48,0.4,NA,NA,254
7/29/2016,EFFR,107,0.2,0.3,0.31,0.56,0.3,0.25,0.5,62
7/29/2016,OBFR,107,0.2,0.3,0.31,0.52,0.3,NA,NA,252
8/1/2016,EFFR,108,0.31,0.4,0.41,0.53,0.4,0.25,0.5,69
8/1/2016,OBFR,108,0.27,0.4,0.41,0.48,0.4,NA,NA,247
8/2/2016,EFFR,109,0.32,0.4,0.41,0.5,0.4,0.25,0.5,63
8/2/2016,OBFR,109,0.27,0.4,0.41,0.46,0.4,NA,NA,258
8/3/2016,EFFR,110,0.31,0.4,0.41,0.5,0.4,0.25,0.5,69
8/3/2016,OBFR,110,0.27,0.4,0.41,0.48,0.4,NA,NA,266
8/4/2016,EFFR,111,0.27,0.4,0.41,0.5,0.4,0.25,0.5,70
8/4/2016,OBFR,111,0.27,0.4,0.41,0.48,0.4,NA,NA,264
8/5/2016,EFFR,112,0.38,0.4,0.41,0.51,0.4,0.25,0.5,66
8/5/2016,OBFR,112,0.27,0.4,0.41,0.48,0.4,NA,NA,257
8/8/2016,EFFR,113,0.36,0.4,0.41,0.53,0.4,0.25,0.5,67
8/8/2016,OBFR,113,0.27,0.4,0.41,0.48,0.4,NA,NA,259
8/9/2016,EFFR,114,0.27,0.4,0.41,0.5,0.4,0.25,0.5,67
8/9/2016,OBFR,114,0.27,0.4,0.41,0.48,0.4,NA,NA,252
8/10/2016,EFFR,115,0.3,0.4,0.41,0.5,0.4,0.25,0.5,61
8/10/2016,OBFR,115,0.27,0.4,0.41,0.46,0.4,NA,NA,246
8/11/2016,EFFR,116,0.31,0.4,0.41,0.5,0.4,0.25,0.5,64
8/11/2016,OBFR,116,0.27,0.4,0.41,0.48,0.4,NA,NA,237
8/12/2016,EFFR,117,0.3,0.4,0.41,0.5,0.4,0.25,0.5,63
8/12/2016,OBFR,117,0.27,0.4,0.41,0.45,0.4,NA,NA,241
8/15/2016,EFFR,118,0.3,0.4,0.41,0.5,0.4,0.25,0.5,67
8/15/2016,OBFR,118,0.27,0.4,0.41,0.46,0.4,NA,NA,243
8/16/2016,EFFR,119,0.27,0.4,0.41,0.5,0.4,0.25,0.5,64
8/16/2016,OBFR,119,0.27,0.4,0.41,0.48,0.4,NA,NA,243
8/17/2016,EFFR,120,0.3,0.4,0.41,0.5,0.4,0.25,0.5,64
8/17/2016,OBFR,120,0.27,0.4,0.41,0.46,0.4,NA,NA,250
8/18/2016,EFFR,121,0.3,0.4,0.41,0.5,0.4,0.25,0.5,64
8/18/2016,OBFR,121,0.27,0.4,0.41,0.47,0.4,NA,NA,239
8/19/2016,EFFR,122,0.3,0.4,0.41,0.53,0.4,0.25,0.5,61
8/19/2016,OBFR,122,0.25,0.4,0.41,0.48,0.4,NA,NA,245
8/22/2016,EFFR,123,0.36,0.4,0.41,0.56,0.4,0.25,0.5,60
8/22/2016,OBFR,123,0.27,0.4,0.41,0.48,0.4,NA,NA,248
8/23/2016,EFFR,124,0.36,0.4,0.41,0.53,0.4,0.25,0.5,69
8/23/2016,OBFR,124,0.27,0.4,0.41,0.48,0.4,NA,NA,254
8/24/2016,EFFR,125,0.31,0.4,0.41,0.55,0.4,0.25,0.5,64
8/24/2016,OBFR,125,0.19,0.4,0.41,0.48,0.4,NA,NA,251
8/25/2016,EFFR,126,0.27,0.4,0.41,0.55,0.4,0.25,0.5,67
8/25/2016,OBFR,126,0.27,0.4,0.41,0.48,0.4,NA,NA,257
8/26/2016,EFFR,127,0.27,0.4,0.41,0.5,0.4,0.25,0.5,74
8/26/2016,OBFR,127,0.27,0.4,0.41,0.49,0.4,NA,NA,254
8/29/2016,EFFR,128,0.27,0.4,0.41,0.53,0.4,0.25,0.5,70
8/29/2016,OBFR,128,0.27,0.4,0.41,0.49,0.4,NA,NA,258
8/30/2016,EFFR,129,0.27,0.4,0.41,0.55,0.4,0.25,0.5,67
8/30/2016,OBFR,129,0.27,0.4,0.41,0.49,0.4,NA,NA,250
8/31/2016,EFFR,130,0.19,0.3,0.31,0.5,0.3,0.25,0.5,64
8/31/2016,OBFR,130,0.25,0.3,0.31,0.49,0.3,NA,NA,244
9/1/2016,EFFR,131,0.31,0.4,0.41,0.5,0.4,0.25,0.5,63
9/1/2016,OBFR,131,0.27,0.4,0.41,0.49,0.4,NA,NA,227
9/2/2016,EFFR,132,0.31,0.4,0.41,0.5,0.4,0.25,0.5,68
9/2/2016,OBFR,132,0.27,0.4,0.41,0.49,0.4,NA,NA,224
9/6/2016,EFFR,133,0.31,0.4,0.41,0.5,0.4,0.25,0.5,65
9/6/2016,OBFR,133,0.3,0.4,0.41,0.49,0.4,NA,NA,233
9/7/2016,EFFR,134,0.31,0.4,0.41,0.55,0.4,0.25,0.5,66
9/7/2016,OBFR,134,0.28,0.4,0.41,0.49,0.4,NA,NA,244
9/8/2016,EFFR,135,0.31,0.4,0.41,0.5,0.4,0.25,0.5,68
9/8/2016,OBFR,135,0.27,0.4,0.41,0.49,0.4,NA,NA,248
9/9/2016,EFFR,136,0.27,0.4,0.41,0.5,0.4,0.25,0.5,65
9/9/2016,OBFR,136,0.27,0.4,0.41,0.47,0.4,NA,NA,228
9/12/2016,EFFR,137,0.31,0.4,0.41,0.55,0.4,0.25,0.5,63
9/12/2016,OBFR,137,0.3,0.4,0.41,0.49,0.4,NA,NA,243
9/13/2016,EFFR,138,0.36,0.4,0.41,0.5,0.4,0.25,0.5,60
9/13/2016,OBFR,138,0.27,0.4,0.41,0.49,0.4,NA,NA,229
9/14/2016,EFFR,139,0.36,0.4,0.41,0.5,0.4,0.25,0.5,59
9/14/2016,OBFR,139,0.3,0.4,0.41,0.49,0.4,NA,NA,224
9/15/2016,EFFR,140,0.3,0.4,0.41,0.55,0.4,0.25,0.5,63
9/15/2016,OBFR,140,0.26,0.4,0.41,0.49,0.4,NA,NA,233
9/16/2016,EFFR,141,0.36,0.4,0.41,0.5,0.4,0.25,0.5,60
9/16/2016,OBFR,141,0.25,0.4,0.41,0.49,0.4,NA,NA,231
9/19/2016,EFFR,142,0.36,0.4,0.41,0.53,0.4,0.25,0.5,59
9/19/2016,OBFR,142,0.27,0.4,0.41,0.49,0.4,NA,NA,230
9/20/2016,EFFR,143,0.36,0.4,0.41,0.53,0.4,0.25,0.5,57
9/20/2016,OBFR,143,0.25,0.4,0.41,0.49,0.4,NA,NA,232
9/21/2016,EFFR,144,0.36,0.4,0.41,0.5,0.4,0.25,0.5,61
9/21/2016,OBFR,144,0.3,0.4,0.41,0.49,0.4,NA,NA,221
9/22/2016,EFFR,145,0.36,0.4,0.41,0.53,0.4,0.25,0.5,62
9/22/2016,OBFR,145,0.27,0.4,0.41,0.49,0.4,NA,NA,226
9/23/2016,EFFR,146,0.36,0.4,0.41,0.5,0.4,0.25,0.5,61
9/23/2016,OBFR,146,0.05,0.4,0.41,0.49,0.4,NA,NA,222
9/26/2016,EFFR,147,0.36,0.4,0.41,0.5,0.4,0.25,0.5,63
9/26/2016,OBFR,147,0.25,0.4,0.41,0.49,0.4,NA,NA,213
9/27/2016,EFFR,148,0.35,0.4,0.41,0.5,0.4,0.25,0.5,64
9/27/2016,OBFR,148,0.25,0.4,0.41,0.49,0.4,NA,NA,186
9/28/2016,EFFR,149,0.26,0.4,0.41,0.5,0.4,0.25,0.5,70
9/28/2016,OBFR,149,0.25,0.4,0.41,0.5,0.4,NA,NA,205
9/29/2016,EFFR,150,0.36,0.4,0.41,0.5,0.4,0.25,0.5,67
9/29/2016,OBFR,150,0.25,0.4,0.41,0.49,0.4,NA,NA,197
9/30/2016,EFFR,151,0.26,0.28,0.3,0.5,0.29,0.25,0.5,58
9/30/2016,OBFR,151,0.25,0.28,0.3,0.5,0.29,NA,NA,142
10/3/2016,EFFR,152,0.26,0.4,0.41,0.5,0.4,0.25,0.5,66
10/3/2016,OBFR,152,0.25,0.4,0.41,0.49,0.4,NA,NA,193
10/4/2016,EFFR,153,0.26,0.4,0.41,0.5,0.4,0.25,0.5,61
10/4/2016,OBFR,153,0.26,0.4,0.41,0.49,0.4,NA,NA,188
10/5/2016,EFFR,154,0.26,0.4,0.41,0.5,0.4,0.25,0.5,63
10/5/2016,OBFR,154,0.26,0.4,0.41,0.49,0.4,NA,NA,176
10/6/2016,EFFR,155,0.26,0.4,0.41,0.5,0.4,0.25,0.5,65
10/6/2016,OBFR,155,0.28,0.4,0.41,0.5,0.4,NA,NA,177
10/7/2016,EFFR,156,0.26,0.4,0.41,0.5,0.4,0.25,0.5,66
10/7/2016,OBFR,156,0.26,0.4,0.41,0.5,0.41,NA,NA,176
10/11/2016,EFFR,157,0.3,0.4,0.41,0.55,0.41,0.25,0.5,63
10/11/2016,OBFR,157,0.26,0.4,0.41,0.5,0.41,NA,NA,169
10/12/2016,EFFR,158,0.26,0.4,0.41,0.5,0.41,0.25,0.5,70
10/12/2016,OBFR,158,0.26,0.4,0.41,0.5,0.41,NA,NA,178
10/13/2016,EFFR,159,0.26,0.4,0.41,0.5,0.41,0.25,0.5,67
10/13/2016,OBFR,159,0.25,0.4,0.41,0.5,0.41,NA,NA,168
10/14/2016,EFFR,160,0.36,0.4,0.41,0.5,0.41,0.25,0.5,66
10/14/2016,OBFR,160,0.3,0.4,0.41,0.5,0.41,NA,NA,163
10/17/2016,EFFR,161,0.26,0.4,0.41,0.5,0.41,0.25,0.5,62
10/17/2016,OBFR,161,0.26,0.4,0.41,0.5,0.41,NA,NA,163
10/18/2016,EFFR,162,0.26,0.4,0.41,0.5,0.41,0.25,0.5,67
10/18/2016,OBFR,162,0.26,0.4,0.41,0.5,0.41,NA,NA,168
10/19/2016,EFFR,163,0.26,0.4,0.41,0.5,0.41,0.25,0.5,66
10/19/2016,OBFR,163,0.26,0.4,0.41,0.5,0.41,NA,NA,170
10/20/2016,EFFR,164,0.26,0.4,0.41,0.5,0.41,0.25,0.5,70
10/20/2016,OBFR,164,0.26,0.4,0.41,0.5,0.41,NA,NA,176
10/21/2016,EFFR,165,0.26,0.4,0.41,0.55,0.41,0.25,0.5,70
10/21/2016,OBFR,165,0.26,0.4,0.41,0.5,0.41,NA,NA,181
10/24/2016,EFFR,166,0.26,0.4,0.41,0.55,0.41,0.25,0.5,65
10/24/2016,OBFR,166,0.05,0.4,0.41,0.5,0.41,NA,NA,177
10/25/2016,EFFR,167,0.34,0.4,0.41,0.5,0.41,0.25,0.5,73
10/25/2016,OBFR,167,0.28,0.4,0.41,0.5,0.41,NA,NA,179
10/26/2016,EFFR,168,0.26,0.4,0.41,0.5,0.41,0.25,0.5,66
10/26/2016,OBFR,168,0.26,0.4,0.41,0.5,0.41,NA,NA,163
10/27/2016,EFFR,169,0.26,0.4,0.41,0.5,0.41,0.25,0.5,65
10/27/2016,OBFR,169,0.25,0.4,0.41,0.5,0.41,NA,NA,158
10/28/2016,EFFR,170,0.3,0.4,0.41,0.5,0.41,0.25,0.5,67
10/28/2016,OBFR,170,0.28,0.4,0.41,0.5,0.41,NA,NA,163
10/31/2016,EFFR,171,0.25,0.3,0.32,0.5,0.31,0.25,0.5,61
10/31/2016,OBFR,171,0.25,0.3,0.32,0.5,0.31,NA,NA,147
11/1/2016,EFFR,172,0.3,0.4,0.41,0.5,0.41,0.25,0.5,63
11/1/2016,OBFR,172,0.3,0.4,0.41,0.5,0.41,NA,NA,157
11/2/2016,EFFR,173,0.3,0.4,0.41,0.5,0.41,0.25,0.5,67
11/2/2016,OBFR,173,0.3,0.4,0.41,0.5,0.41,NA,NA,161
11/3/2016,EFFR,174,0.36,0.4,0.41,0.5,0.41,0.25,0.5,63
11/3/2016,OBFR,174,0.28,0.4,0.41,0.5,0.41,NA,NA,159
11/4/2016,EFFR,175,0.3,0.4,0.41,0.5,0.41,0.25,0.5,65
11/4/2016,OBFR,175,0.25,0.4,0.41,0.5,0.41,NA,NA,157
11/7/2016,EFFR,176,0.36,0.4,0.41,0.5,0.41,0.25,0.5,62
11/7/2016,OBFR,176,0.3,0.4,0.41,0.5,0.41,NA,NA,166
11/8/2016,EFFR,177,0.36,0.4,0.41,0.5,0.41,0.25,0.5,61
11/8/2016,OBFR,177,0.3,0.4,0.41,0.5,0.41,NA,NA,162
11/9/2016,EFFR,178,0.3,0.4,0.41,0.5,0.41,0.25,0.5,65
11/9/2016,OBFR,178,0.26,0.4,0.41,0.5,0.41,NA,NA,172
11/10/2016,EFFR,179,0.36,0.4,0.41,0.5,0.41,0.25,0.5,64
11/10/2016,OBFR,179,0.26,0.4,0.41,0.5,0.41,NA,NA,141
11/14/2016,EFFR,180,0.36,0.4,0.41,0.5,0.41,0.25,0.5,59
11/14/2016,OBFR,180,0.28,0.4,0.41,0.5,0.41,NA,NA,167
11/15/2016,EFFR,181,0.31,0.41,0.41,0.5,0.41,0.25,0.5,66
11/15/2016,OBFR,181,0.3,0.4,0.41,0.49,0.41,NA,NA,174
11/16/2016,EFFR,182,0.36,0.41,0.41,0.5,0.41,0.25,0.5,70
11/16/2016,OBFR,182,0.3,0.41,0.42,0.49,0.41,NA,NA,180
11/17/2016,EFFR,183,0.32,0.41,0.41,0.5,0.41,0.25,0.5,73
11/17/2016,OBFR,183,0.3,0.4,0.41,0.5,0.41,NA,NA,172
11/18/2016,EFFR,184,0.3,0.41,0.41,0.52,0.41,0.25,0.5,72
11/18/2016,OBFR,184,0.3,0.41,0.41,0.5,0.41,NA,NA,178
11/21/2016,EFFR,185,0.36,0.41,0.41,0.56,0.41,0.25,0.5,76
11/21/2016,OBFR,185,0.3,0.41,0.41,0.5,0.41,NA,NA,185
11/22/2016,EFFR,186,0.3,0.41,0.41,0.53,0.41,0.25,0.5,77
11/22/2016,OBFR,186,0.3,0.41,0.41,0.5,0.41,NA,NA,177
11/23/2016,EFFR,187,0.3,0.41,0.41,0.5,0.41,0.25,0.5,78
11/23/2016,OBFR,187,0.05,0.41,0.41,0.55,0.41,NA,NA,184
11/25/2016,EFFR,188,0.3,0.41,0.41,0.5,0.41,0.25,0.5,76
11/25/2016,OBFR,188,0.25,0.41,0.41,0.5,0.41,NA,NA,182
11/28/2016,EFFR,189,0.36,0.41,0.41,0.53,0.41,0.25,0.5,69
11/28/2016,OBFR,189,0.3,0.41,0.42,0.5,0.41,NA,NA,178
11/29/2016,EFFR,190,0.3,0.41,0.41,0.5,0.41,0.25,0.5,75
11/29/2016,OBFR,190,0.3,0.41,0.41,0.5,0.41,NA,NA,181
11/30/2016,EFFR,191,0.28,0.31,0.32,0.55,0.31,0.25,0.5,68
11/30/2016,OBFR,191,0.28,0.31,0.32,0.5,0.31,NA,NA,166
12/1/2016,EFFR,192,0.25,0.41,0.41,0.5,0.41,0.25,0.5,81
12/1/2016,OBFR,192,0.25,0.41,0.41,0.5,0.41,NA,NA,173
12/2/2016,EFFR,193,0.25,0.41,0.41,0.49,0.41,0.25,0.5,81
12/2/2016,OBFR,193,0.25,0.41,0.41,0.5,0.41,NA,NA,179
12/5/2016,EFFR,194,0.3,0.41,0.41,0.5,0.41,0.25,0.5,77
12/5/2016,OBFR,194,0.3,0.41,0.41,0.5,0.41,NA,NA,185
12/6/2016,EFFR,195,0.3,0.41,0.41,0.5,0.41,0.25,0.5,75
12/6/2016,OBFR,195,0.3,0.41,0.41,0.5,0.41,NA,NA,183
12/7/2016,EFFR,196,0.3,0.41,0.41,0.5,0.41,0.25,0.5,76
12/7/2016,OBFR,196,0.3,0.41,0.41,0.5,0.41,NA,NA,181
12/8/2016,EFFR,197,0.3,0.41,0.41,0.5,0.41,0.25,0.5,75
12/8/2016,OBFR,197,0.3,0.41,0.41,0.52,0.41,NA,NA,173
12/9/2016,EFFR,198,0.3,0.41,0.41,0.5,0.41,0.25,0.5,68
12/9/2016,OBFR,198,0.3,0.41,0.41,0.5,0.41,NA,NA,171
12/12/2016,EFFR,199,0.3,0.41,0.41,0.53,0.41,0.25,0.5,71
12/12/2016,OBFR,199,0.3,0.41,0.42,0.5,0.41,NA,NA,181
12/13/2016,EFFR,200,0.34,0.41,0.41,0.5,0.41,0.25,0.5,73
12/13/2016,OBFR,200,0.3,0.41,0.42,0.5,0.41,NA,NA,176
12/14/2016,EFFR,201,0.3,0.41,0.41,0.5,0.41,0.25,0.5,78
12/14/2016,OBFR,201,0.3,0.41,0.42,0.5,0.41,NA,NA,187
12/15/2016,EFFR,202,0.41,0.66,0.66,0.75,0.66,0.5,0.75,74
12/15/2016,OBFR,202,0.41,0.66,0.66,0.75,0.66,NA,NA,170
12/16/2016,EFFR,203,0.59,0.66,0.66,0.75,0.66,0.5,0.75,72
12/16/2016,OBFR,203,0.5,0.66,0.66,0.75,0.66,NA,NA,184
12/19/2016,EFFR,204,0.6,0.66,0.66,0.8,0.66,0.5,0.75,69
12/19/2016,OBFR,204,0.5,0.66,0.67,0.75,0.66,NA,NA,171
12/20/2016,EFFR,205,0.63,0.66,0.66,0.75,0.66,0.5,0.75,70
12/20/2016,OBFR,205,0.5,0.66,0.67,0.75,0.66,NA,NA,175
12/21/2016,EFFR,206,0.63,0.66,0.66,0.78,0.66,0.5,0.75,73
12/21/2016,OBFR,206,0.5,0.66,0.67,0.75,0.66,NA,NA,169
12/22/2016,EFFR,207,0.53,0.66,0.66,0.8,0.66,0.5,0.75,73
12/22/2016,OBFR,207,0.5,0.66,0.67,0.75,0.66,NA,NA,173
12/23/2016,EFFR,208,0.63,0.66,0.66,0.8,0.66,0.5,0.75,73
12/23/2016,OBFR,208,0.15,0.66,0.67,0.75,0.66,NA,NA,167
12/27/2016,EFFR,209,0.5,0.66,0.66,0.8,0.66,0.5,0.75,74
12/27/2016,OBFR,209,0.5,0.66,0.67,0.77,0.66,NA,NA,173
12/28/2016,EFFR,210,0.54,0.66,0.67,0.81,0.66,0.5,0.75,74
12/28/2016,OBFR,210,0.5,0.66,0.67,0.77,0.66,NA,NA,172
12/29/2016,EFFR,211,0.5,0.66,0.66,0.8,0.66,0.5,0.75,73
12/29/2016,OBFR,211,0.5,0.66,0.67,0.77,0.66,NA,NA,167
12/30/2016,EFFR,212,0.5,0.52,0.55,0.82,0.55,0.5,0.75,48
12/30/2016,OBFR,212,0.45,0.52,0.55,1.3,0.55,NA,NA,122
1/3/2017,EFFR,213,0.5,0.66,0.66,0.8,0.66,0.5,0.75,80
1/3/2017,OBFR,213,0.5,0.66,0.67,0.77,0.66,NA,NA,167
1/4/2017,EFFR,214,0.5,0.66,0.66,0.75,0.66,0.5,0.75,79
1/4/2017,OBFR,214,0.5,0.66,0.67,0.77,0.66,NA,NA,188
1/5/2017,EFFR,215,0.5,0.66,0.66,0.78,0.66,0.5,0.75,77
1/5/2017,OBFR,215,0.5,0.66,0.67,0.77,0.66,NA,NA,181
1/6/2017,EFFR,216,0.5,0.66,0.66,0.8,0.66,0.5,0.75,79
1/6/2017,OBFR,216,0.5,0.66,0.67,0.77,0.66,NA,NA,191
1/9/2017,EFFR,217,0.5,0.66,0.67,0.75,0.66,0.5,0.75,74
1/9/2017,OBFR,217,0.5,0.66,0.67,0.77,0.66,NA,NA,188
1/10/2017,EFFR,218,0.5,0.66,0.67,0.8,0.66,0.5,0.75,77
1/10/2017,OBFR,218,0.5,0.66,0.67,0.77,0.66,NA,NA,197
1/11/2017,EFFR,219,0.63,0.66,0.67,0.75,0.66,0.5,0.75,80
1/11/2017,OBFR,219,0.5,0.66,0.67,0.77,0.66,NA,NA,195
1/12/2017,EFFR,220,0.5,0.66,0.67,0.75,0.66,0.5,0.75,84
1/12/2017,OBFR,220,0.5,0.66,0.67,0.77,0.66,NA,NA,200
1/13/2017,EFFR,221,0.64,0.66,0.67,0.75,0.66,0.5,0.75,74
1/13/2017,OBFR,221,0.45,0.66,0.67,0.77,0.66,NA,NA,179
1/17/2017,EFFR,222,0.64,0.66,0.68,0.8,0.66,0.5,0.75,68
1/17/2017,OBFR,222,0.5,0.66,0.67,0.77,0.66,NA,NA,183
1/18/2017,EFFR,223,0.64,0.66,0.67,0.75,0.66,0.5,0.75,69
1/18/2017,OBFR,223,0.5,0.66,0.67,0.77,0.66,NA,NA,177
1/19/2017,EFFR,224,0.63,0.66,0.68,0.8,0.66,0.5,0.75,68
1/19/2017,OBFR,224,0.45,0.66,0.67,0.77,0.66,NA,NA,177
1/20/2017,EFFR,225,0.64,0.66,0.68,0.78,0.66,0.5,0.75,70
1/20/2017,OBFR,225,0.5,0.66,0.67,0.77,0.66,NA,NA,176
1/23/2017,EFFR,226,0.64,0.66,0.68,0.81,0.66,0.5,0.75,64
1/23/2017,OBFR,226,0.5,0.66,0.68,0.77,0.66,NA,NA,185
1/24/2017,EFFR,227,0.64,0.66,0.67,0.8,0.66,0.5,0.75,66
1/24/2017,OBFR,227,0.15,0.66,0.67,0.77,0.66,NA,NA,189
1/25/2017,EFFR,228,0.64,0.66,0.68,0.78,0.66,0.5,0.75,72
1/25/2017,OBFR,228,0.5,0.66,0.67,0.77,0.66,NA,NA,194
1/26/2017,EFFR,229,0.64,0.66,0.67,0.78,0.66,0.5,0.75,80
1/26/2017,OBFR,229,0.5,0.66,0.67,0.77,0.66,NA,NA,199
1/27/2017,EFFR,230,0.64,0.66,0.67,0.78,0.66,0.5,0.75,77
1/27/2017,OBFR,230,0.45,0.66,0.67,0.77,0.66,NA,NA,194
1/30/2017,EFFR,231,0.65,0.66,0.67,0.8,0.66,0.5,0.75,71
1/30/2017,OBFR,231,0.5,0.66,0.67,0.77,0.66,NA,NA,197
1/31/2017,EFFR,232,0.55,0.56,0.57,0.8,0.56,0.5,0.75,74
1/31/2017,OBFR,232,0.5,0.56,0.58,0.77,0.56,NA,NA,201
2/1/2017,EFFR,233,0.62,0.66,0.67,0.8,0.66,0.5,0.75,80
2/1/2017,OBFR,233,0.5,0.66,0.67,0.77,0.66,NA,NA,198
2/2/2017,EFFR,234,0.63,0.66,0.67,0.8,0.66,0.5,0.75,82
2/2/2017,OBFR,234,0.53,0.66,0.67,0.77,0.66,NA,NA,202
2/3/2017,EFFR,235,0.62,0.66,0.67,0.8,0.66,0.5,0.75,82
2/3/2017,OBFR,235,0.53,0.66,0.67,0.77,0.66,NA,NA,201
2/6/2017,EFFR,236,0.62,0.66,0.67,0.8,0.66,0.5,0.75,82
2/6/2017,OBFR,236,0.53,0.66,0.67,0.77,0.66,NA,NA,215
2/7/2017,EFFR,237,0.6,0.66,0.67,0.8,0.66,0.5,0.75,75
2/7/2017,OBFR,237,0.5,0.66,0.67,0.77,0.66,NA,NA,205
2/8/2017,EFFR,238,0.64,0.66,0.67,0.8,0.66,0.5,0.75,80
2/8/2017,OBFR,238,0.53,0.66,0.67,0.77,0.66,NA,NA,210
2/9/2017,EFFR,239,0.64,0.66,0.67,0.8,0.66,0.5,0.75,76
2/9/2017,OBFR,239,0.53,0.66,0.67,0.77,0.66,NA,NA,204
2/10/2017,EFFR,240,0.64,0.66,0.67,0.8,0.66,0.5,0.75,78
2/10/2017,OBFR,240,0.5,0.66,0.67,0.77,0.66,NA,NA,216
2/13/2017,EFFR,241,0.6,0.66,0.67,0.8,0.66,0.5,0.75,75
2/13/2017,OBFR,241,0.5,0.66,0.67,0.77,0.66,NA,NA,207
2/14/2017,EFFR,242,0.64,0.66,0.67,0.8,0.66,0.5,0.75,73
2/14/2017,OBFR,242,0.5,0.66,0.67,0.77,0.66,NA,NA,204
2/15/2017,EFFR,243,0.6,0.66,0.67,0.8,0.66,0.5,0.75,79
2/15/2017,OBFR,243,0.53,0.66,0.67,0.77,0.66,NA,NA,210
2/16/2017,EFFR,244,0.63,0.66,0.67,0.8,0.66,0.5,0.75,81
2/16/2017,OBFR,244,0.52,0.66,0.67,0.77,0.66,NA,NA,220
2/17/2017,EFFR,245,0.64,0.66,0.67,0.8,0.66,0.5,0.75,82
2/17/2017,OBFR,245,0.53,0.66,0.67,0.77,0.66,NA,NA,221
2/21/2017,EFFR,246,0.6,0.66,0.67,0.8,0.66,0.5,0.75,74
2/21/2017,OBFR,246,0.53,0.66,0.67,0.77,0.66,NA,NA,215
2/22/2017,EFFR,247,0.55,0.66,0.67,0.8,0.66,0.5,0.75,81
2/22/2017,OBFR,247,0.53,0.66,0.68,0.77,0.66,NA,NA,223
2/23/2017,EFFR,248,0.55,0.66,0.67,0.8,0.66,0.5,0.75,88
2/23/2017,OBFR,248,0.53,0.66,0.67,0.77,0.66,NA,NA,227
2/24/2017,EFFR,249,0.55,0.66,0.67,0.8,0.66,0.5,0.75,87
2/24/2017,OBFR,249,0.15,0.66,0.67,0.77,0.66,NA,NA,224
2/27/2017,EFFR,250,0.6,0.66,0.67,0.78,0.66,0.5,0.75,85
2/27/2017,OBFR,250,0.5,0.66,0.67,0.77,0.66,NA,NA,226
2/28/2017,EFFR,251,0.55,0.56,0.57,0.78,0.57,0.5,0.75,86
2/28/2017,OBFR,251,0.5,0.56,0.57,0.77,0.57,NA,NA,202
3/1/2017,EFFR,252,0.6,0.66,0.67,0.75,0.66,0.5,0.75,84
3/1/2017,OBFR,252,0.53,0.66,0.67,0.77,0.66,NA,NA,210
3/2/2017,EFFR,253,0.53,0.66,0.67,0.78,0.66,0.5,0.75,85
3/2/2017,OBFR,253,0.5,0.66,0.67,0.77,0.66,NA,NA,221
3/3/2017,EFFR,254,0.6,0.66,0.67,0.75,0.66,0.5,0.75,88
3/3/2017,OBFR,254,0.5,0.66,0.67,0.77,0.66,NA,NA,211
3/6/2017,EFFR,255,0.6,0.66,0.67,0.8,0.66,0.5,0.75,83
3/6/2017,OBFR,255,0.5,0.66,0.67,0.77,0.66,NA,NA,210
3/7/2017,EFFR,256,0.62,0.66,0.67,0.75,0.66,0.5,0.75,83
3/7/2017,OBFR,256,0.53,0.66,0.67,0.77,0.66,NA,NA,205
3/8/2017,EFFR,257,0.64,0.66,0.67,0.8,0.66,0.5,0.75,84
3/8/2017,OBFR,257,0.54,0.66,0.67,0.77,0.66,NA,NA,207
3/9/2017,EFFR,258,0.64,0.66,0.67,0.8,0.66,0.5,0.75,86
3/9/2017,OBFR,258,0.55,0.66,0.67,0.77,0.66,NA,NA,207
3/10/2017,EFFR,259,0.58,0.66,0.67,0.78,0.66,0.5,0.75,84
3/10/2017,OBFR,259,0.5,0.66,0.67,0.77,0.66,NA,NA,206
3/13/2017,EFFR,260,0.55,0.66,0.67,0.75,0.66,0.5,0.75,83
3/13/2017,OBFR,260,0.5,0.66,0.67,0.77,0.66,NA,NA,205
3/14/2017,EFFR,261,0.6,0.66,0.67,0.75,0.66,0.5,0.75,79
3/14/2017,OBFR,261,0.53,0.66,0.67,0.77,0.66,NA,NA,195
3/15/2017,EFFR,262,0.55,0.66,0.67,0.8,0.66,0.5,0.75,88
3/15/2017,OBFR,262,0.5,0.66,0.67,0.77,0.66,NA,NA,221
3/16/2017,EFFR,263,0.8,0.91,0.91,1.03,0.91,0.75,1,85
3/16/2017,OBFR,263,0.75,0.91,0.91,1.02,0.91,NA,NA,209
3/17/2017,EFFR,264,0.8,0.91,0.91,1.03,0.91,0.75,1,83
3/17/2017,OBFR,264,0.75,0.91,0.92,1.02,0.91,NA,NA,209
3/20/2017,EFFR,265,0.89,0.91,0.91,1.05,0.91,0.75,1,80
3/20/2017,OBFR,265,0.75,0.91,0.92,1.02,0.91,NA,NA,202
3/21/2017,EFFR,266,0.8,0.91,0.91,1.03,0.91,0.75,1,83
3/21/2017,OBFR,266,0.75,0.91,0.92,1.02,0.91,NA,NA,208
3/22/2017,EFFR,267,0.8,0.91,0.91,1,0.91,0.75,1,81
3/22/2017,OBFR,267,0.7,0.91,0.92,1.02,0.91,NA,NA,200
3/23/2017,EFFR,268,0.85,0.91,0.91,1.03,0.91,0.75,1,80
3/23/2017,OBFR,268,0.75,0.91,0.92,1.02,0.91,NA,NA,196
3/24/2017,EFFR,269,0.83,0.91,0.91,1.05,0.91,0.75,1,85
3/24/2017,OBFR,269,0.15,0.91,0.92,1.02,0.91,NA,NA,200
3/27/2017,EFFR,270,0.89,0.91,0.91,1.03,0.91,0.75,1,84
3/27/2017,OBFR,270,0.75,0.91,0.92,1.02,0.91,NA,NA,189
3/28/2017,EFFR,271,0.8,0.91,0.91,1,0.91,0.75,1,86
3/28/2017,OBFR,271,0.75,0.91,0.92,1.02,0.91,NA,NA,184
3/29/2017,EFFR,272,0.89,0.91,0.91,1,0.91,0.75,1,84
3/29/2017,OBFR,272,0.65,0.91,0.92,1.02,0.91,NA,NA,174
3/30/2017,EFFR,273,0.83,0.91,0.91,1,0.91,0.75,1,79
3/30/2017,OBFR,273,0.7,0.91,0.92,1.02,0.91,NA,NA,171
3/31/2017,EFFR,274,0.75,0.8,0.82,1,0.82,0.75,1,74
3/31/2017,OBFR,274,0.7,0.8,0.82,1.02,0.82,NA,NA,167
4/3/2017,EFFR,275,0.77,0.91,0.91,1,0.91,0.75,1,82
4/3/2017,OBFR,275,0.75,0.91,0.92,1.02,0.91,NA,NA,189
4/4/2017,EFFR,276,0.8,0.91,0.91,0.97,0.91,0.75,1,81
4/4/2017,OBFR,276,0.75,0.91,0.92,1.02,0.91,NA,NA,193
4/5/2017,EFFR,277,0.83,0.91,0.91,0.97,0.91,0.75,1,76
4/5/2017,OBFR,277,0.75,0.91,0.92,1.02,0.91,NA,NA,189
4/6/2017,EFFR,278,0.85,0.91,0.91,1,0.91,0.75,1,79
4/6/2017,OBFR,278,0.75,0.91,0.92,1.02,0.91,NA,NA,192
4/7/2017,EFFR,279,0.8,0.91,0.91,1,0.91,0.75,1,78
4/7/2017,OBFR,279,0.75,0.91,0.92,1.02,0.91,NA,NA,191
4/10/2017,EFFR,280,0.8,0.91,0.92,1,0.91,0.75,1,74
4/10/2017,OBFR,280,0.75,0.91,0.92,1.02,0.91,NA,NA,187
4/11/2017,EFFR,281,0.8,0.91,0.92,1,0.91,0.75,1,75
4/11/2017,OBFR,281,0.75,0.91,0.92,1.02,0.91,NA,NA,193
4/12/2017,EFFR,282,0.8,0.91,0.92,1,0.91,0.75,1,78
4/12/2017,OBFR,282,0.75,0.91,0.92,1.02,0.91,NA,NA,190
4/13/2017,EFFR,283,0.8,0.91,0.92,1,0.91,0.75,1,78
4/13/2017,OBFR,283,0.65,0.91,0.92,1.02,0.91,NA,NA,104
4/14/2017,EFFR,284,0.8,0.91,0.91,1,0.91,0.75,1,80
4/14/2017,OBFR,284,0.65,0.91,0.91,1.02,0.91,NA,NA,97
4/17/2017,EFFR,285,0.83,0.91,0.91,1,0.91,0.75,1,73
4/17/2017,OBFR,285,0.75,0.91,0.92,1.02,0.91,NA,NA,192
4/18/2017,EFFR,286,0.89,0.91,0.92,1,0.91,0.75,1,68
4/18/2017,OBFR,286,0.75,0.91,0.92,1.02,0.91,NA,NA,193
4/19/2017,EFFR,287,0.9,0.91,0.92,1,0.91,0.75,1,73
4/19/2017,OBFR,287,0.75,0.91,0.92,1.02,0.91,NA,NA,194
4/20/2017,EFFR,288,0.9,0.91,0.92,1,0.91,0.75,1,76
4/20/2017,OBFR,288,0.75,0.91,0.92,1.02,0.91,NA,NA,197
4/21/2017,EFFR,289,0.89,0.91,0.92,1,0.91,0.75,1,73
4/21/2017,OBFR,289,0.75,0.91,0.92,1.02,0.91,NA,NA,202
4/24/2017,EFFR,290,0.9,0.91,0.92,1.05,0.91,0.75,1,69
4/24/2017,OBFR,290,0.15,0.91,0.92,1.02,0.91,NA,NA,202
4/25/2017,EFFR,291,0.89,0.91,0.92,1.05,0.91,0.75,1,68
4/25/2017,OBFR,291,0.75,0.91,0.92,1.02,0.91,NA,NA,191
4/26/2017,EFFR,292,0.89,0.91,0.92,1,0.91,0.75,1,74
4/26/2017,OBFR,292,0.78,0.91,0.92,1.02,0.91,NA,NA,188
4/27/2017,EFFR,293,0.82,0.91,0.92,1.05,0.91,0.75,1,72
4/27/2017,OBFR,293,0.55,0.91,0.92,1.02,0.91,NA,NA,186
4/28/2017,EFFR,294,0.8,0.82,0.84,1.06,0.83,0.75,1,65
4/28/2017,OBFR,294,0.79,0.82,0.83,1.06,0.83,NA,NA,169
5/1/2017,EFFR,295,0.89,0.91,0.92,1.05,0.91,0.75,1,70
5/1/2017,OBFR,295,0.75,0.91,0.92,1.02,0.91,NA,NA,174
5/2/2017,EFFR,296,0.9,0.91,0.92,1.03,0.91,0.75,1,71
5/2/2017,OBFR,296,0.8,0.91,0.92,1.02,0.91,NA,NA,195
5/3/2017,EFFR,297,0.89,0.91,0.92,1,0.91,0.75,1,75
5/3/2017,OBFR,297,0.75,0.91,0.92,1.02,0.91,NA,NA,197
5/4/2017,EFFR,298,0.9,0.91,0.92,1.03,0.91,0.75,1,74
5/4/2017,OBFR,298,0.78,0.91,0.92,1.02,0.91,NA,NA,199
5/5/2017,EFFR,299,0.9,0.91,0.92,1,0.91,0.75,1,79
5/5/2017,OBFR,299,0.77,0.91,0.92,1.02,0.91,NA,NA,196
5/8/2017,EFFR,300,0.89,0.91,0.92,1,0.91,0.75,1,78
5/8/2017,OBFR,300,0.8,0.91,0.92,1.02,0.91,NA,NA,197
5/9/2017,EFFR,301,0.89,0.91,0.92,1,0.91,0.75,1,74
5/9/2017,OBFR,301,0.8,0.91,0.92,1.02,0.91,NA,NA,196
5/10/2017,EFFR,302,0.89,0.91,0.92,1,0.91,0.75,1,73
5/10/2017,OBFR,302,0.8,0.91,0.92,1.02,0.91,NA,NA,198
5/11/2017,EFFR,303,0.89,0.91,0.92,0.97,0.91,0.75,1,73
5/11/2017,OBFR,303,0.8,0.91,0.92,1.02,0.91,NA,NA,198
5/12/2017,EFFR,304,0.89,0.91,0.92,0.97,0.91,0.75,1,78
5/12/2017,OBFR,304,0.78,0.91,0.92,1.02,0.91,NA,NA,199
5/15/2017,EFFR,305,0.89,0.91,0.92,0.97,0.91,0.75,1,83
5/15/2017,OBFR,305,0.78,0.91,0.92,1.03,0.91,NA,NA,213
5/16/2017,EFFR,306,0.85,0.91,0.92,1,0.91,0.75,1,79
5/16/2017,OBFR,306,0.75,0.91,0.93,1.03,0.91,NA,NA,209
5/17/2017,EFFR,307,0.89,0.91,0.92,1,0.91,0.75,1,80
5/17/2017,OBFR,307,0.8,0.91,0.92,1.03,0.91,NA,NA,204
5/18/2017,EFFR,308,0.9,0.91,0.92,1,0.91,0.75,1,73
5/18/2017,OBFR,308,0.8,0.91,0.92,1.03,0.91,NA,NA,196
5/19/2017,EFFR,309,0.9,0.91,0.92,1,0.91,0.75,1,82
5/19/2017,OBFR,309,0.8,0.91,0.92,1.03,0.91,NA,NA,206
5/22/2017,EFFR,310,0.9,0.91,0.92,1.05,0.91,0.75,1,80
5/22/2017,OBFR,310,0.78,0.91,0.92,1.03,0.91,NA,NA,207
5/23/2017,EFFR,311,0.9,0.91,0.92,1.05,0.91,0.75,1,79
5/23/2017,OBFR,311,0.8,0.91,0.92,1.03,0.91,NA,NA,203
5/24/2017,EFFR,312,0.9,0.91,0.92,1,0.91,0.75,1,79
5/24/2017,OBFR,312,0.15,0.91,0.92,1.03,0.91,NA,NA,202
5/25/2017,EFFR,313,0.9,0.91,0.92,1.05,0.91,0.75,1,86
5/25/2017,OBFR,313,0.78,0.91,0.92,1.03,0.91,NA,NA,210
5/26/2017,EFFR,314,0.9,0.91,0.92,1,0.91,0.75,1,85
5/26/2017,OBFR,314,0.8,0.91,0.92,1.03,0.91,NA,NA,198
5/30/2017,EFFR,315,0.9,0.91,0.92,1,0.91,0.75,1,86
5/30/2017,OBFR,315,0.8,0.91,0.92,1.03,0.91,NA,NA,206
5/31/2017,EFFR,316,0.81,0.82,0.83,1.05,0.83,0.75,1,79
5/31/2017,OBFR,316,0.75,0.82,0.83,1.03,0.83,NA,NA,197
6/1/2017,EFFR,317,0.8,0.91,0.92,1.05,0.91,0.75,1,84
6/1/2017,OBFR,317,0.8,0.91,0.92,1.03,0.91,NA,NA,201
6/2/2017,EFFR,318,0.9,0.91,0.92,1,0.91,0.75,1,92
6/2/2017,OBFR,318,0.8,0.91,0.92,1.03,0.91,NA,NA,215
6/5/2017,EFFR,319,0.9,0.91,0.92,1.05,0.91,0.75,1,88
6/5/2017,OBFR,319,0.78,0.91,0.92,1.03,0.91,NA,NA,218
6/6/2017,EFFR,320,0.9,0.91,0.92,1,0.91,0.75,1,86
6/6/2017,OBFR,320,0.78,0.91,0.92,1.03,0.91,NA,NA,211
6/7/2017,EFFR,321,0.9,0.91,0.92,1,0.91,0.75,1,86
6/7/2017,OBFR,321,0.8,0.91,0.92,1.03,0.91,NA,NA,205
6/8/2017,EFFR,322,0.9,0.91,0.92,1,0.91,0.75,1,87
6/8/2017,OBFR,322,0.8,0.91,0.92,1.03,0.91,NA,NA,205
6/9/2017,EFFR,323,0.9,0.91,0.92,1,0.91,0.75,1,84
6/9/2017,OBFR,323,0.82,0.91,0.92,1.02,0.91,NA,NA,203
6/12/2017,EFFR,324,0.89,0.91,0.92,1.03,0.91,0.75,1,80
6/12/2017,OBFR,324,0.7,0.91,0.92,1.02,0.91,NA,NA,201
6/13/2017,EFFR,325,0.9,0.91,0.92,1.05,0.91,0.75,1,79
6/13/2017,OBFR,325,0.7,0.91,0.92,1.03,0.91,NA,NA,202
6/14/2017,EFFR,326,0.89,0.91,0.92,1,0.91,0.75,1,75
6/14/2017,OBFR,326,0.8,0.91,0.92,1.03,0.91,NA,NA,197
6/15/2017,EFFR,327,1.15,1.16,1.17,1.22,1.16,1,1.25,73
6/15/2017,OBFR,327,1.05,1.16,1.17,1.28,1.16,NA,NA,199
6/16/2017,EFFR,328,1.15,1.16,1.17,1.25,1.16,1,1.25,72
6/16/2017,OBFR,328,1.05,1.16,1.17,1.28,1.16,NA,NA,197
6/19/2017,EFFR,329,1.15,1.16,1.17,1.25,1.16,1,1.25,74
6/19/2017,OBFR,329,1,1.16,1.17,1.28,1.16,NA,NA,202
6/20/2017,EFFR,330,1.14,1.16,1.17,1.28,1.16,1,1.25,79
6/20/2017,OBFR,330,1,1.16,1.17,1.28,1.16,NA,NA,212
6/21/2017,EFFR,331,1.15,1.16,1.17,1.28,1.16,1,1.25,79
6/21/2017,OBFR,331,1,1.16,1.17,1.28,1.16,NA,NA,206
6/22/2017,EFFR,332,1.15,1.16,1.17,1.31,1.16,1,1.25,78
6/22/2017,OBFR,332,1,1.16,1.17,1.28,1.16,NA,NA,201
6/23/2017,EFFR,333,1.15,1.16,1.17,1.31,1.16,1,1.25,83
6/23/2017,OBFR,333,0.15,1.16,1.17,1.28,1.16,NA,NA,205
6/26/2017,EFFR,334,1.15,1.16,1.17,1.31,1.16,1,1.25,81
6/26/2017,OBFR,334,1,1.16,1.17,1.28,1.16,NA,NA,201
6/27/2017,EFFR,335,1.15,1.16,1.17,1.31,1.16,1,1.25,82
6/27/2017,OBFR,335,1,1.16,1.17,1.28,1.16,NA,NA,206
6/28/2017,EFFR,336,1.15,1.16,1.17,1.3,1.16,1,1.25,86
6/28/2017,OBFR,336,1,1.16,1.17,1.28,1.16,NA,NA,194
6/29/2017,EFFR,337,1.15,1.16,1.17,1.3,1.16,1,1.25,88
6/29/2017,OBFR,337,1,1.16,1.17,1.28,1.16,NA,NA,192
6/30/2017,EFFR,338,1.02,1.05,1.06,1.31,1.06,1,1.25,72
6/30/2017,OBFR,338,0.9,1.05,1.06,1.31,1.06,NA,NA,152
7/3/2017,EFFR,339,1.14,1.16,1.17,1.31,1.16,1,1.25,85
7/3/2017,OBFR,339,1,1.16,1.17,1.28,1.16,NA,NA,186
7/5/2017,EFFR,340,1.05,1.16,1.17,1.3,1.16,1,1.25,83
7/5/2017,OBFR,340,1,1.16,1.17,1.28,1.16,NA,NA,208
7/6/2017,EFFR,341,1.15,1.16,1.17,1.3,1.16,1,1.25,82
7/6/2017,OBFR,341,1.05,1.16,1.17,1.28,1.16,NA,NA,210
7/7/2017,EFFR,342,1.15,1.16,1.17,1.28,1.16,1,1.25,89
7/7/2017,OBFR,342,1.05,1.16,1.17,1.28,1.16,NA,NA,206
7/10/2017,EFFR,343,1.15,1.16,1.17,1.3,1.16,1,1.25,89
7/10/2017,OBFR,343,1,1.16,1.17,1.28,1.16,NA,NA,208
7/11/2017,EFFR,344,1.14,1.16,1.17,1.25,1.16,1,1.25,92
7/11/2017,OBFR,344,1.03,1.16,1.17,1.28,1.16,NA,NA,214
7/12/2017,EFFR,345,1.15,1.16,1.17,1.25,1.16,1,1.25,92
7/12/2017,OBFR,345,1.03,1.16,1.17,1.28,1.16,NA,NA,209
7/13/2017,EFFR,346,1.15,1.16,1.17,1.25,1.16,1,1.25,89
7/13/2017,OBFR,346,1.04,1.16,1.17,1.28,1.16,NA,NA,202
7/14/2017,EFFR,347,1.14,1.16,1.17,1.25,1.16,1,1.25,91
7/14/2017,OBFR,347,1.04,1.16,1.17,1.28,1.16,NA,NA,211
7/17/2017,EFFR,348,1.12,1.16,1.17,1.3,1.16,1,1.25,92
7/17/2017,OBFR,348,1.05,1.16,1.17,1.28,1.16,NA,NA,212
7/18/2017,EFFR,349,1.12,1.16,1.17,1.25,1.16,1,1.25,87
7/18/2017,OBFR,349,1.05,1.16,1.17,1.27,1.16,NA,NA,189
7/19/2017,EFFR,350,1.15,1.16,1.17,1.25,1.16,1,1.25,85
7/19/2017,OBFR,350,1.02,1.16,1.17,1.27,1.16,NA,NA,203
7/20/2017,EFFR,351,1.15,1.16,1.17,1.3,1.16,1,1.25,88
7/20/2017,OBFR,351,1.05,1.16,1.17,1.28,1.16,NA,NA,214
7/21/2017,EFFR,352,1.15,1.16,1.17,1.31,1.16,1,1.25,90
7/21/2017,OBFR,352,1.02,1.16,1.17,1.28,1.16,NA,NA,213
7/24/2017,EFFR,353,1.15,1.16,1.17,1.3,1.16,1,1.25,88
7/24/2017,OBFR,353,0.4,1.16,1.17,1.28,1.16,NA,NA,211
7/25/2017,EFFR,354,1.15,1.16,1.17,1.25,1.16,1,1.25,92
7/25/2017,OBFR,354,1,1.16,1.17,1.28,1.16,NA,NA,219
7/26/2017,EFFR,355,1.14,1.16,1.17,1.28,1.16,1,1.25,89
7/26/2017,OBFR,355,1.02,1.16,1.17,1.28,1.16,NA,NA,217
7/27/2017,EFFR,356,1.15,1.16,1.17,1.25,1.16,1,1.25,99
7/27/2017,OBFR,356,1.02,1.16,1.17,1.28,1.16,NA,NA,219
7/28/2017,EFFR,357,1.14,1.16,1.17,1.25,1.16,1,1.25,100
7/28/2017,OBFR,357,1,1.16,1.17,1.28,1.16,NA,NA,221
7/31/2017,EFFR,358,1.04,1.07,1.07,1.25,1.07,1,1.25,94
7/31/2017,OBFR,358,1,1.07,1.08,1.28,1.07,NA,NA,212
8/1/2017,EFFR,359,1.1,1.16,1.17,1.22,1.16,1,1.25,100
8/1/2017,OBFR,359,1.05,1.16,1.17,1.28,1.16,NA,NA,220
8/2/2017,EFFR,360,1.15,1.16,1.17,1.25,1.16,1,1.25,106
8/2/2017,OBFR,360,1.04,1.16,1.17,1.28,1.16,NA,NA,229
8/3/2017,EFFR,361,1.15,1.16,1.17,1.25,1.16,1,1.25,106
8/3/2017,OBFR,361,1.02,1.16,1.17,1.28,1.16,NA,NA,233
8/4/2017,EFFR,362,1.15,1.16,1.17,1.25,1.16,1,1.25,102
8/4/2017,OBFR,362,1.05,1.16,1.17,1.28,1.16,NA,NA,225
8/7/2017,EFFR,363,1.14,1.16,1.17,1.25,1.16,1,1.25,102
8/7/2017,OBFR,363,1.03,1.16,1.17,1.28,1.16,NA,NA,224
8/8/2017,EFFR,364,1.14,1.16,1.17,1.25,1.16,1,1.25,102
8/8/2017,OBFR,364,1.03,1.16,1.17,1.28,1.16,NA,NA,223
8/9/2017,EFFR,365,1.15,1.16,1.17,1.25,1.16,1,1.25,96
8/9/2017,OBFR,365,1.05,1.16,1.17,1.28,1.16,NA,NA,220
8/10/2017,EFFR,366,1.14,1.16,1.17,1.25,1.16,1,1.25,98
8/10/2017,OBFR,366,1.05,1.16,1.17,1.27,1.16,NA,NA,221
8/11/2017,EFFR,367,1.1,1.16,1.17,1.25,1.16,1,1.25,97
8/11/2017,OBFR,367,1.05,1.16,1.17,1.27,1.16,NA,NA,220
8/14/2017,EFFR,368,1.14,1.16,1.17,1.25,1.16,1,1.25,95
8/14/2017,OBFR,368,1,1.16,1.17,1.3,1.16,NA,NA,220
8/15/2017,EFFR,369,1.14,1.16,1.17,1.25,1.16,1,1.25,93
8/15/2017,OBFR,369,1.05,1.16,1.17,1.27,1.16,NA,NA,216
8/16/2017,EFFR,370,1.14,1.16,1.17,1.22,1.16,1,1.25,101
8/16/2017,OBFR,370,1.05,1.16,1.17,1.27,1.16,NA,NA,226
8/17/2017,EFFR,371,1.15,1.16,1.17,1.25,1.16,1,1.25,95
8/17/2017,OBFR,371,1,1.16,1.17,1.27,1.16,NA,NA,224
8/18/2017,EFFR,372,1.15,1.16,1.17,1.25,1.16,1,1.25,94
8/18/2017,OBFR,372,1.02,1.16,1.17,1.27,1.16,NA,NA,212
8/21/2017,EFFR,373,1.14,1.16,1.17,1.25,1.16,1,1.25,92
8/21/2017,OBFR,373,1.05,1.16,1.17,1.27,1.16,NA,NA,216
8/22/2017,EFFR,374,1.1,1.16,1.17,1.25,1.16,1,1.25,93
8/22/2017,OBFR,374,1,1.16,1.17,1.27,1.16,NA,NA,212
8/23/2017,EFFR,375,1.14,1.16,1.17,1.25,1.16,1,1.25,93
8/23/2017,OBFR,375,1.05,1.16,1.17,1.27,1.16,NA,NA,215
8/24/2017,EFFR,376,1.14,1.16,1.17,1.25,1.16,1,1.25,90
8/24/2017,OBFR,376,0.75,1.16,1.17,1.27,1.16,NA,NA,215
8/25/2017,EFFR,377,1.14,1.16,1.17,1.25,1.16,1,1.25,97
8/25/2017,OBFR,377,1.02,1.16,1.17,1.27,1.16,NA,NA,216
8/28/2017,EFFR,378,1.14,1.16,1.17,1.25,1.16,1,1.25,92
8/28/2017,OBFR,378,1.05,1.16,1.17,1.27,1.16,NA,NA,209
8/29/2017,EFFR,379,1.1,1.16,1.17,1.25,1.16,1,1.25,92
8/29/2017,OBFR,379,1.05,1.16,1.17,1.27,1.16,NA,NA,207
8/30/2017,EFFR,380,1.15,1.16,1.17,1.25,1.16,1,1.25,95
8/30/2017,OBFR,380,1.05,1.16,1.17,1.27,1.16,NA,NA,215
8/31/2017,EFFR,381,1.05,1.07,1.08,1.28,1.07,1,1.25,91
8/31/2017,OBFR,381,1,1.07,1.08,1.31,1.07,NA,NA,213
9/1/2017,EFFR,382,1.15,1.16,1.17,1.25,1.16,1,1.25,97
9/1/2017,OBFR,382,1.05,1.16,1.17,1.27,1.16,NA,NA,213
9/5/2017,EFFR,383,1.14,1.16,1.17,1.25,1.16,1,1.25,93
9/5/2017,OBFR,383,1.05,1.16,1.17,1.27,1.16,NA,NA,217
9/6/2017,EFFR,384,1.13,1.16,1.17,1.22,1.16,1,1.25,93
9/6/2017,OBFR,384,1.05,1.16,1.17,1.27,1.16,NA,NA,215
9/7/2017,EFFR,385,1.15,1.16,1.17,1.25,1.16,1,1.25,89
9/7/2017,OBFR,385,1.05,1.16,1.17,1.27,1.16,NA,NA,208
9/8/2017,EFFR,386,1.15,1.16,1.17,1.25,1.16,1,1.25,92
9/8/2017,OBFR,386,1.05,1.16,1.17,1.27,1.16,NA,NA,210
9/11/2017,EFFR,387,1.15,1.16,1.17,1.25,1.16,1,1.25,90
9/11/2017,OBFR,387,1,1.16,1.17,1.27,1.16,NA,NA,216
9/12/2017,EFFR,388,1.15,1.16,1.17,1.25,1.16,1,1.25,93
9/12/2017,OBFR,388,1.05,1.16,1.17,1.27,1.16,NA,NA,212
9/13/2017,EFFR,389,1.13,1.16,1.17,1.22,1.16,1,1.25,95
9/13/2017,OBFR,389,1.05,1.16,1.17,1.27,1.16,NA,NA,214
9/14/2017,EFFR,390,1.13,1.16,1.17,1.25,1.16,1,1.25,84
9/14/2017,OBFR,390,1.04,1.16,1.17,1.27,1.16,NA,NA,196
9/15/2017,EFFR,391,1.1,1.16,1.17,1.25,1.16,1,1.25,92
9/15/2017,OBFR,391,1,1.16,1.17,1.27,1.16,NA,NA,205
9/18/2017,EFFR,392,1.15,1.16,1.17,1.3,1.16,1,1.25,83
9/18/2017,OBFR,392,1.1,1.16,1.17,1.27,1.16,NA,NA,213
9/19/2017,EFFR,393,1.15,1.16,1.17,1.25,1.16,1,1.25,81
9/19/2017,OBFR,393,1.04,1.16,1.17,1.27,1.16,NA,NA,210
9/20/2017,EFFR,394,1.15,1.16,1.17,1.3,1.16,1,1.25,81
9/20/2017,OBFR,394,1,1.16,1.17,1.27,1.16,NA,NA,212
9/21/2017,EFFR,395,1.15,1.16,1.17,1.3,1.16,1,1.25,83
9/21/2017,OBFR,395,1,1.16,1.17,1.27,1.17,NA,NA,199
9/22/2017,EFFR,396,1.13,1.16,1.17,1.25,1.16,1,1.25,96
9/22/2017,OBFR,396,0.3,1.16,1.17,1.27,1.16,NA,NA,217
9/25/2017,EFFR,397,1.15,1.16,1.17,1.25,1.16,1,1.25,96
9/25/2017,OBFR,397,1,1.16,1.17,1.27,1.16,NA,NA,209
9/26/2017,EFFR,398,1.05,1.16,1.17,1.25,1.16,1,1.25,93
9/26/2017,OBFR,398,1.03,1.16,1.17,1.27,1.16,NA,NA,203
9/27/2017,EFFR,399,1.13,1.16,1.17,1.25,1.16,1,1.25,98
9/27/2017,OBFR,399,1.01,1.16,1.17,1.27,1.16,NA,NA,200
9/28/2017,EFFR,400,1.11,1.16,1.17,1.25,1.16,1,1.25,98
9/28/2017,OBFR,400,1.01,1.16,1.17,1.27,1.16,NA,NA,211
9/29/2017,EFFR,401,1.03,1.05,1.07,1.3,1.06,1,1.25,84
9/29/2017,OBFR,401,1,1.05,1.07,1.27,1.06,NA,NA,200
10/2/2017,EFFR,402,1.05,1.16,1.17,1.25,1.16,1,1.25,93
10/2/2017,OBFR,402,1,1.16,1.17,1.27,1.16,NA,NA,205
10/3/2017,EFFR,403,1.14,1.16,1.17,1.25,1.16,1,1.25,91
10/3/2017,OBFR,403,1.03,1.16,1.17,1.27,1.16,NA,NA,209
10/4/2017,EFFR,404,1.05,1.16,1.17,1.22,1.16,1,1.25,93
10/4/2017,OBFR,404,1.03,1.16,1.17,1.27,1.16,NA,NA,208
10/5/2017,EFFR,405,1.11,1.16,1.17,1.25,1.16,1,1.25,94
10/5/2017,OBFR,405,1.03,1.16,1.17,1.27,1.16,NA,NA,208
10/6/2017,EFFR,406,1.14,1.16,1.17,1.25,1.16,1,1.25,95
10/6/2017,OBFR,406,1,1.16,1.17,1.27,1.16,NA,NA,210
10/10/2017,EFFR,407,1.15,1.16,1.17,1.25,1.16,1,1.25,91
10/10/2017,OBFR,407,1.05,1.16,1.17,1.27,1.16,NA,NA,209
10/11/2017,EFFR,408,1.14,1.16,1.17,1.25,1.16,1,1.25,90
10/11/2017,OBFR,408,1.05,1.16,1.17,1.27,1.16,NA,NA,207
10/12/2017,EFFR,409,1.15,1.16,1.17,1.25,1.16,1,1.25,87
10/12/2017,OBFR,409,1.05,1.16,1.17,1.27,1.16,NA,NA,204
10/13/2017,EFFR,410,1.15,1.16,1.17,1.25,1.16,1,1.25,92
10/13/2017,OBFR,410,1.05,1.16,1.17,1.27,1.16,NA,NA,205
10/16/2017,EFFR,411,1.15,1.16,1.17,1.28,1.16,1,1.25,91
10/16/2017,OBFR,411,1.05,1.16,1.17,1.27,1.16,NA,NA,212
10/17/2017,EFFR,412,1.15,1.16,1.17,1.25,1.16,1,1.25,86
10/17/2017,OBFR,412,1.05,1.16,1.17,1.27,1.16,NA,NA,210
10/18/2017,EFFR,413,1.15,1.16,1.17,1.25,1.16,1,1.25,87
10/18/2017,OBFR,413,1.05,1.16,1.17,1.27,1.16,NA,NA,208
10/19/2017,EFFR,414,1.14,1.16,1.17,1.25,1.16,1,1.25,86
10/19/2017,OBFR,414,1.05,1.16,1.17,1.27,1.16,NA,NA,204
10/20/2017,EFFR,415,1.15,1.16,1.17,1.25,1.16,1,1.25,86
10/20/2017,OBFR,415,1.05,1.16,1.17,1.27,1.16,NA,NA,209
10/23/2017,EFFR,416,1.14,1.16,1.17,1.25,1.16,1,1.25,85
10/23/2017,OBFR,416,1.03,1.16,1.17,1.27,1.16,NA,NA,212
10/24/2017,EFFR,417,1.15,1.16,1.17,1.25,1.16,1,1.25,90
10/24/2017,OBFR,417,0.3,1.16,1.17,1.27,1.16,NA,NA,217
10/25/2017,EFFR,418,1.15,1.16,1.17,1.25,1.16,1,1.25,93
10/25/2017,OBFR,418,1.05,1.16,1.17,1.27,1.16,NA,NA,219
10/26/2017,EFFR,419,1.15,1.16,1.17,1.25,1.16,1,1.25,97
10/26/2017,OBFR,419,1.07,1.16,1.17,1.27,1.16,NA,NA,221
10/27/2017,EFFR,420,1.15,1.16,1.17,1.25,1.16,1,1.25,97
10/27/2017,OBFR,420,1.02,1.16,1.17,1.27,1.16,NA,NA,216
10/30/2017,EFFR,421,1.15,1.16,1.17,1.25,1.16,1,1.25,92
10/30/2017,OBFR,421,1.02,1.16,1.17,1.27,1.16,NA,NA,221
10/31/2017,EFFR,422,1.05,1.07,1.08,1.28,1.07,1,1.25,93
10/31/2017,OBFR,422,1,1.06,1.08,1.27,1.07,NA,NA,215
11/1/2017,EFFR,423,1.12,1.16,1.17,1.25,1.16,1,1.25,99
11/1/2017,OBFR,423,1.05,1.16,1.17,1.27,1.16,NA,NA,209
11/2/2017,EFFR,424,1.15,1.16,1.17,1.25,1.16,1,1.25,96
11/2/2017,OBFR,424,1.05,1.16,1.17,1.27,1.16,NA,NA,217
11/3/2017,EFFR,425,1.14,1.16,1.17,1.25,1.16,1,1.25,98
11/3/2017,OBFR,425,1.05,1.16,1.17,1.27,1.16,NA,NA,221
11/6/2017,EFFR,426,1.14,1.16,1.17,1.25,1.16,1,1.25,94
11/6/2017,OBFR,426,1.04,1.16,1.17,1.27,1.16,NA,NA,220
11/7/2017,EFFR,427,1.14,1.16,1.17,1.25,1.16,1,1.25,98
11/7/2017,OBFR,427,1.03,1.16,1.17,1.27,1.16,NA,NA,225
11/8/2017,EFFR,428,1.15,1.16,1.17,1.25,1.16,1,1.25,97
11/8/2017,OBFR,428,1.05,1.16,1.17,1.27,1.16,NA,NA,228
11/9/2017,EFFR,429,1.14,1.16,1.17,1.22,1.16,1,1.25,97
11/9/2017,OBFR,429,1.07,1.16,1.17,1.27,1.16,NA,NA,221
11/10/2017,EFFR,430,1.14,1.16,1.17,1.25,1.16,1,1.25,98
11/10/2017,OBFR,430,1.05,1.16,1.17,1.28,1.16,NA,NA,210
11/13/2017,EFFR,431,1.14,1.16,1.17,1.25,1.16,1,1.25,93
11/13/2017,OBFR,431,1.05,1.16,1.17,1.27,1.16,NA,NA,217
11/14/2017,EFFR,432,1.14,1.16,1.17,1.25,1.16,1,1.25,86
11/14/2017,OBFR,432,1.09,1.16,1.17,1.27,1.16,NA,NA,212
11/15/2017,EFFR,433,1.14,1.16,1.17,1.28,1.16,1,1.25,89
11/15/2017,OBFR,433,1.06,1.16,1.17,1.27,1.16,NA,NA,211
11/16/2017,EFFR,434,1.13,1.16,1.17,1.28,1.16,1,1.25,84
11/16/2017,OBFR,434,1.05,1.16,1.17,1.27,1.16,NA,NA,208
11/17/2017,EFFR,435,1.14,1.16,1.17,1.3,1.16,1,1.25,84
11/17/2017,OBFR,435,1.1,1.16,1.17,1.28,1.16,NA,NA,203
11/20/2017,EFFR,436,1.14,1.16,1.17,1.28,1.16,1,1.25,90
11/20/2017,OBFR,436,1.1,1.16,1.17,1.27,1.16,NA,NA,209
11/21/2017,EFFR,437,1.05,1.16,1.17,1.28,1.16,1,1.25,90
11/21/2017,OBFR,437,1.05,1.16,1.17,1.27,1.16,NA,NA,213
11/22/2017,EFFR,438,1.14,1.16,1.17,1.28,1.16,1,1.25,86
11/22/2017,OBFR,438,1.05,1.16,1.17,1.27,1.16,NA,NA,201
11/24/2017,EFFR,439,1.13,1.16,1.17,1.3,1.16,1,1.25,84
11/24/2017,OBFR,439,0.3,1.16,1.17,1.27,1.16,NA,NA,193
11/27/2017,EFFR,440,1.14,1.16,1.17,1.3,1.16,1,1.25,88
11/27/2017,OBFR,440,1.1,1.16,1.17,1.27,1.16,NA,NA,211
11/28/2017,EFFR,441,1.14,1.16,1.17,1.3,1.16,1,1.25,87
11/28/2017,OBFR,441,1.1,1.16,1.17,1.27,1.16,NA,NA,207
11/29/2017,EFFR,442,1.14,1.16,1.17,1.25,1.16,1,1.25,89
11/29/2017,OBFR,442,1.1,1.16,1.17,1.27,1.16,NA,NA,211
11/30/2017,EFFR,443,1.05,1.07,1.08,1.3,1.07,1,1.25,81
11/30/2017,OBFR,443,1.04,1.07,1.08,1.27,1.08,NA,NA,198
12/1/2017,EFFR,444,1.05,1.16,1.17,1.28,1.16,1,1.25,101
12/1/2017,OBFR,444,1.05,1.16,1.17,1.28,1.16,NA,NA,216
12/4/2017,EFFR,445,1.15,1.16,1.17,1.25,1.16,1,1.25,94
12/4/2017,OBFR,445,1.07,1.16,1.17,1.27,1.16,NA,NA,215
12/5/2017,EFFR,446,1.14,1.16,1.17,1.28,1.16,1,1.25,93
12/5/2017,OBFR,446,1.07,1.16,1.17,1.27,1.16,NA,NA,215
12/6/2017,EFFR,447,1.15,1.16,1.17,1.3,1.16,1,1.25,90
12/6/2017,OBFR,447,1.06,1.16,1.17,1.27,1.16,NA,NA,205
12/7/2017,EFFR,448,1.15,1.16,1.17,1.3,1.16,1,1.25,93
12/7/2017,OBFR,448,1.06,1.16,1.17,1.27,1.16,NA,NA,201
12/8/2017,EFFR,449,1.1,1.16,1.17,1.25,1.16,1,1.25,94
12/8/2017,OBFR,449,1.09,1.16,1.17,1.27,1.16,NA,NA,203
12/11/2017,EFFR,450,1.15,1.16,1.17,1.3,1.16,1,1.25,92
12/11/2017,OBFR,450,1.09,1.16,1.17,1.35,1.16,NA,NA,211
12/12/2017,EFFR,451,1.15,1.16,1.17,1.3,1.17,1,1.25,94
12/12/2017,OBFR,451,1.09,1.16,1.17,1.35,1.16,NA,NA,211
12/13/2017,EFFR,452,1.15,1.16,1.17,1.3,1.17,1,1.25,97
12/13/2017,OBFR,452,1.09,1.16,1.18,1.35,1.16,NA,NA,214
12/14/2017,EFFR,453,1.39,1.41,1.42,1.5,1.41,1.25,1.5,85
12/14/2017,OBFR,453,1.3,1.41,1.42,1.52,1.41,NA,NA,199
12/15/2017,EFFR,454,1.39,1.41,1.42,1.5,1.41,1.25,1.5,91
12/15/2017,OBFR,454,1.25,1.41,1.42,1.52,1.41,NA,NA,204
12/18/2017,EFFR,455,1.39,1.41,1.42,1.55,1.42,1.25,1.5,84
12/18/2017,OBFR,455,1.28,1.41,1.42,1.52,1.41,NA,NA,190
12/19/2017,EFFR,456,1.39,1.41,1.43,1.53,1.42,1.25,1.5,89
12/19/2017,OBFR,456,1.28,1.41,1.43,1.52,1.42,NA,NA,202
12/20/2017,EFFR,457,1.35,1.41,1.42,1.55,1.42,1.25,1.5,91
12/20/2017,OBFR,457,1.25,1.41,1.43,1.52,1.42,NA,NA,194
12/21/2017,EFFR,458,1.35,1.41,1.42,1.55,1.42,1.25,1.5,89
12/21/2017,OBFR,458,1.25,1.41,1.43,1.52,1.42,NA,NA,202
12/22/2017,EFFR,459,1.35,1.41,1.42,1.5,1.42,1.25,1.5,89
12/22/2017,OBFR,459,0.5,1.41,1.43,1.52,1.42,NA,NA,198
12/26/2017,EFFR,460,1.39,1.41,1.42,1.55,1.42,1.25,1.5,91
12/26/2017,OBFR,460,1.3,1.41,1.43,1.52,1.42,NA,NA,210
12/27/2017,EFFR,461,1.4,1.41,1.42,1.55,1.42,1.25,1.5,95
12/27/2017,OBFR,461,1.3,1.41,1.43,1.52,1.42,NA,NA,213
12/28/2017,EFFR,462,1.4,1.41,1.42,1.56,1.42,1.25,1.5,93
12/28/2017,OBFR,462,1.3,1.41,1.43,1.52,1.42,NA,NA,198
12/29/2017,EFFR,463,1.28,1.3,1.33,1.56,1.33,1.25,1.5,62
12/29/2017,OBFR,463,1.2,1.3,1.34,1.56,1.33,NA,NA,129
1/2/2018,EFFR,464,1.35,1.41,1.42,1.56,1.42,1.25,1.5,84
1/2/2018,OBFR,464,1.3,1.41,1.43,1.52,1.42,NA,NA,189
1/3/2018,EFFR,465,1.4,1.41,1.42,1.53,1.42,1.25,1.5,93
1/3/2018,OBFR,465,1.3,1.41,1.43,1.52,1.42,NA,NA,208
1/4/2018,EFFR,466,1.35,1.41,1.43,1.5,1.42,1.25,1.5,92
1/4/2018,OBFR,466,1.3,1.41,1.43,1.52,1.42,NA,NA,204
1/5/2018,EFFR,467,1.3,1.41,1.43,1.5,1.42,1.25,1.5,98
1/5/2018,OBFR,467,1.3,1.41,1.43,1.52,1.42,NA,NA,214
1/8/2018,EFFR,468,1.4,1.41,1.43,1.5,1.42,1.25,1.5,93
1/8/2018,OBFR,468,1.3,1.41,1.43,1.52,1.42,NA,NA,206
1/9/2018,EFFR,469,1.4,1.41,1.43,1.5,1.42,1.25,1.5,94
1/9/2018,OBFR,469,1.3,1.41,1.43,1.52,1.42,NA,NA,212
1/10/2018,EFFR,470,1.4,1.41,1.43,1.5,1.42,1.25,1.5,97
1/10/2018,OBFR,470,1.3,1.41,1.43,1.52,1.42,NA,NA,211
1/11/2018,EFFR,471,1.4,1.41,1.43,1.5,1.42,1.25,1.5,95
1/11/2018,OBFR,471,1.3,1.41,1.43,1.52,1.42,NA,NA,205
1/12/2018,EFFR,472,1.4,1.41,1.43,1.5,1.42,1.25,1.5,95
1/12/2018,OBFR,472,1.3,1.41,1.43,1.52,1.42,NA,NA,197
1/16/2018,EFFR,473,1.4,1.41,1.43,1.5,1.42,1.25,1.5,88
1/16/2018,OBFR,473,1.3,1.41,1.43,1.52,1.42,NA,NA,205
1/17/2018,EFFR,474,1.4,1.42,1.43,1.65,1.42,1.25,1.5,93
1/17/2018,OBFR,474,1.3,1.41,1.43,1.54,1.42,NA,NA,210
1/18/2018,EFFR,475,1.4,1.42,1.43,1.5,1.42,1.25,1.5,86
1/18/2018,OBFR,475,1.3,1.41,1.43,1.52,1.42,NA,NA,200
1/19/2018,EFFR,476,1.4,1.42,1.43,1.5,1.42,1.25,1.5,86
1/19/2018,OBFR,476,1.3,1.41,1.43,1.52,1.42,NA,NA,196
1/22/2018,EFFR,477,1.4,1.42,1.43,1.55,1.42,1.25,1.5,87
1/22/2018,OBFR,477,1.3,1.41,1.43,1.52,1.42,NA,NA,204
1/23/2018,EFFR,478,1.4,1.42,1.43,1.55,1.42,1.25,1.5,91
1/23/2018,OBFR,478,1.3,1.41,1.43,1.52,1.42,NA,NA,204
1/24/2018,EFFR,479,1.4,1.42,1.44,1.55,1.42,1.25,1.5,90
1/24/2018,OBFR,479,0.95,1.41,1.43,1.52,1.42,NA,NA,212
1/25/2018,EFFR,480,1.4,1.42,1.44,1.5,1.42,1.25,1.5,88
1/25/2018,OBFR,480,1.3,1.41,1.43,1.52,1.42,NA,NA,198
1/26/2018,EFFR,481,1.4,1.42,1.44,1.5,1.42,1.25,1.5,90
1/26/2018,OBFR,481,1.3,1.41,1.43,1.52,1.42,NA,NA,201
1/29/2018,EFFR,482,1.4,1.42,1.44,1.5,1.42,1.25,1.5,91
1/29/2018,OBFR,482,1.3,1.41,1.43,1.52,1.42,NA,NA,210
1/30/2018,EFFR,483,1.4,1.42,1.43,1.48,1.42,1.25,1.5,102
1/30/2018,OBFR,483,1.32,1.41,1.43,1.52,1.42,NA,NA,218
1/31/2018,EFFR,484,1.3,1.33,1.34,1.5,1.34,1.25,1.5,104
1/31/2018,OBFR,484,1.25,1.33,1.35,1.52,1.34,NA,NA,204
2/1/2018,EFFR,485,1.4,1.42,1.43,1.5,1.42,1.25,1.5,109
2/1/2018,OBFR,485,1.3,1.41,1.43,1.52,1.42,NA,NA,224
2/2/2018,EFFR,486,1.4,1.42,1.43,1.5,1.42,1.25,1.5,108
2/2/2018,OBFR,486,1.3,1.41,1.43,1.52,1.42,NA,NA,218
2/5/2018,EFFR,487,1.4,1.42,1.43,1.5,1.42,1.25,1.5,103
2/5/2018,OBFR,487,1.31,1.41,1.43,1.52,1.42,NA,NA,217
2/6/2018,EFFR,488,1.4,1.42,1.43,1.5,1.42,1.25,1.5,103
2/6/2018,OBFR,488,1.28,1.41,1.43,1.52,1.42,NA,NA,209
2/7/2018,EFFR,489,1.4,1.42,1.43,1.5,1.42,1.25,1.5,104
2/7/2018,OBFR,489,1.28,1.41,1.43,1.52,1.42,NA,NA,220
2/8/2018,EFFR,490,1.4,1.42,1.43,1.5,1.42,1.25,1.5,106
2/8/2018,OBFR,490,1.3,1.41,1.43,1.52,1.42,NA,NA,218
2/9/2018,EFFR,491,1.4,1.42,1.43,1.5,1.42,1.25,1.5,107
2/9/2018,OBFR,491,0.48,1.41,1.43,1.52,1.42,NA,NA,219
2/12/2018,EFFR,492,1.4,1.42,1.44,1.5,1.42,1.25,1.5,97
2/12/2018,OBFR,492,1.35,1.41,1.43,1.52,1.42,NA,NA,221
2/13/2018,EFFR,493,1.4,1.42,1.43,1.5,1.42,1.25,1.5,99
2/13/2018,OBFR,493,1.35,1.41,1.43,1.52,1.42,NA,NA,222
2/14/2018,EFFR,494,1.4,1.42,1.42,1.5,1.42,1.25,1.5,105
2/14/2018,OBFR,494,1.25,1.41,1.42,1.52,1.42,NA,NA,218
2/15/2018,EFFR,495,1.4,1.42,1.42,1.5,1.42,1.25,1.5,101
2/15/2018,OBFR,495,1.3,1.42,1.43,1.52,1.42,NA,NA,214
2/16/2018,EFFR,496,1.4,1.42,1.43,1.55,1.42,1.25,1.5,95
2/16/2018,OBFR,496,1.3,1.41,1.42,1.52,1.42,NA,NA,210
2/20/2018,EFFR,497,1.4,1.42,1.43,1.55,1.42,1.25,1.5,84
2/20/2018,OBFR,497,1.35,1.41,1.43,1.52,1.42,NA,NA,196
2/21/2018,EFFR,498,1.4,1.42,1.43,1.55,1.42,1.25,1.5,88
2/21/2018,OBFR,498,1.3,1.41,1.42,1.52,1.42,NA,NA,200
2/22/2018,EFFR,499,1.4,1.42,1.43,1.5,1.42,1.25,1.5,98
2/22/2018,OBFR,499,1.3,1.41,1.42,1.52,1.42,NA,NA,205
2/23/2018,EFFR,500,1.4,1.42,1.43,1.56,1.42,1.25,1.5,101
2/23/2018,OBFR,500,0.65,1.41,1.43,1.54,1.42,NA,NA,216
2/26/2018,EFFR,501,1.4,1.42,1.43,1.55,1.42,1.25,1.5,97
2/26/2018,OBFR,501,1.3,1.41,1.43,1.52,1.42,NA,NA,208
2/27/2018,EFFR,502,1.4,1.42,1.43,1.55,1.42,1.25,1.5,104
2/27/2018,OBFR,502,1.3,1.41,1.43,1.52,1.42,NA,NA,214
2/28/2018,EFFR,503,1.3,1.34,1.35,1.53,1.35,1.25,1.5,104
2/28/2018,OBFR,503,1.29,1.34,1.35,1.52,1.35,NA,NA,204
3/1/2018,EFFR,504,1.36,1.42,1.43,1.53,1.42,1.25,1.5,115
3/1/2018,OBFR,504,1.3,1.41,1.43,1.52,1.42,NA,NA,210
3/2/2018,EFFR,505,1.4,1.42,1.43,1.5,1.42,1.25,1.5,114
3/2/2018,OBFR,505,1.3,1.41,1.43,1.52,1.42,NA,NA,214
3/5/2018,EFFR,506,1.4,1.42,1.43,1.53,1.42,1.25,1.5,110
3/5/2018,OBFR,506,1.3,1.41,1.43,1.52,1.42,NA,NA,214
3/6/2018,EFFR,507,1.39,1.42,1.43,1.55,1.42,1.25,1.5,112
3/6/2018,OBFR,507,1.3,1.41,1.43,1.52,1.42,NA,NA,212
3/7/2018,EFFR,508,1.39,1.42,1.43,1.53,1.42,1.25,1.5,105
3/7/2018,OBFR,508,1.25,1.41,1.43,1.52,1.42,NA,NA,212
3/8/2018,EFFR,509,1.4,1.42,1.43,1.55,1.42,1.25,1.5,106
3/8/2018,OBFR,509,1.3,1.41,1.43,1.52,1.42,NA,NA,209
3/9/2018,EFFR,510,1.4,1.42,1.43,1.53,1.42,1.25,1.5,104
3/9/2018,OBFR,510,1.3,1.42,1.43,1.52,1.42,NA,NA,192
3/12/2018,EFFR,511,1.4,1.42,1.44,1.55,1.42,1.25,1.5,100
3/12/2018,OBFR,511,1.3,1.42,1.43,1.52,1.42,NA,NA,204
3/13/2018,EFFR,512,1.4,1.42,1.44,1.53,1.42,1.25,1.5,98
3/13/2018,OBFR,512,1.3,1.42,1.43,1.52,1.42,NA,NA,188
3/14/2018,EFFR,513,1.4,1.42,1.44,1.5,1.42,1.25,1.5,103
3/14/2018,OBFR,513,1.35,1.42,1.43,1.52,1.42,NA,NA,198
3/15/2018,EFFR,514,1.4,1.42,1.44,1.56,1.43,1.25,1.5,95
3/15/2018,OBFR,514,1.3,1.42,1.44,1.55,1.42,NA,NA,171
3/16/2018,EFFR,515,1.4,1.42,1.44,1.62,1.43,1.25,1.5,104
3/16/2018,OBFR,515,1.32,1.42,1.44,1.56,1.43,NA,NA,188
3/19/2018,EFFR,516,1.4,1.42,1.44,1.62,1.43,1.25,1.5,92
3/19/2018,OBFR,516,1.35,1.42,1.44,1.56,1.43,NA,NA,174
3/20/2018,EFFR,517,1.4,1.43,1.47,1.62,1.44,1.25,1.5,91
3/20/2018,OBFR,517,1.35,1.42,1.45,1.56,1.43,NA,NA,178
3/21/2018,EFFR,518,1.4,1.43,1.46,1.55,1.44,1.25,1.5,93
3/21/2018,OBFR,518,1.35,1.43,1.45,1.52,1.43,NA,NA,184
3/22/2018,EFFR,519,1.65,1.68,1.69,1.81,1.68,1.5,1.75,78
3/22/2018,OBFR,519,1.55,1.67,1.69,2.05,1.68,NA,NA,163
3/23/2018,EFFR,520,1.65,1.68,1.7,1.81,1.68,1.5,1.75,78
3/23/2018,OBFR,520,0.7,1.67,1.69,1.8,1.68,NA,NA,158
3/26/2018,EFFR,521,1.65,1.68,1.69,1.81,1.68,1.5,1.75,83
3/26/2018,OBFR,521,1.4,1.67,1.69,1.8,1.68,NA,NA,162
3/27/2018,EFFR,522,1.65,1.68,1.69,1.81,1.68,1.5,1.75,81
3/27/2018,OBFR,522,1.58,1.68,1.69,1.8,1.68,NA,NA,168
3/28/2018,EFFR,523,1.65,1.68,1.69,1.81,1.68,1.5,1.75,87
3/28/2018,OBFR,523,1.56,1.67,1.69,1.77,1.68,NA,NA,169
3/29/2018,EFFR,524,1.64,1.68,1.69,1.81,1.68,1.5,1.75,74
3/29/2018,OBFR,524,1.4,1.68,1.69,1.8,1.68,NA,NA,102
3/30/2018,EFFR,525,1.64,1.67,1.68,1.81,1.67,1.5,1.75,88
3/30/2018,OBFR,525,1.4,1.67,1.69,1.81,1.67,NA,NA,104
4/2/2018,EFFR,526,1.65,1.68,1.69,1.81,1.68,1.5,1.75,89
4/2/2018,OBFR,526,1.4,1.68,1.69,1.8,1.68,NA,NA,160
