"Date","DFEDTARL","DFEDTARU","IORR","sdate","weekday"
"3/4/2016",25,50,50,2016-03-04,"Friday"
"3/7/2016",25,50,50,2016-03-07,"Monday"
"3/8/2016",25,50,50,2016-03-08,"Tuesday"
"3/9/2016",25,50,50,2016-03-09,"Wednesday"
"3/10/2016",25,50,50,2016-03-10,"Thursday"
"3/11/2016",25,50,50,2016-03-11,"Friday"
"3/14/2016",25,50,50,2016-03-14,"Monday"
"3/15/2016",25,50,50,2016-03-15,"Tuesday"
"3/16/2016",25,50,50,2016-03-16,"Wednesday"
"3/17/2016",25,50,50,2016-03-17,"Thursday"
"3/18/2016",25,50,50,2016-03-18,"Friday"
"3/21/2016",25,50,50,2016-03-21,"Monday"
"3/22/2016",25,50,50,2016-03-22,"Tuesday"
"3/23/2016",25,50,50,2016-03-23,"Wednesday"
"3/24/2016",25,50,50,2016-03-24,"Thursday"
"3/25/2016",25,50,50,2016-03-25,"Friday"
"3/28/2016",25,50,50,2016-03-28,"Monday"
"3/29/2016",25,50,50,2016-03-29,"Tuesday"
"3/30/2016",25,50,50,2016-03-30,"Wednesday"
"3/31/2016",25,50,50,2016-03-31,"Thursday"
"4/1/2016",25,50,50,2016-04-01,"Friday"
"4/4/2016",25,50,50,2016-04-04,"Monday"
"4/5/2016",25,50,50,2016-04-05,"Tuesday"
"4/6/2016",25,50,50,2016-04-06,"Wednesday"
"4/7/2016",25,50,50,2016-04-07,"Thursday"
"4/8/2016",25,50,50,2016-04-08,"Friday"
"4/11/2016",25,50,50,2016-04-11,"Monday"
"4/12/2016",25,50,50,2016-04-12,"Tuesday"
"4/13/2016",25,50,50,2016-04-13,"Wednesday"
"4/14/2016",25,50,50,2016-04-14,"Thursday"
"4/15/2016",25,50,50,2016-04-15,"Friday"
"4/18/2016",25,50,50,2016-04-18,"Monday"
"4/19/2016",25,50,50,2016-04-19,"Tuesday"
"4/20/2016",25,50,50,2016-04-20,"Wednesday"
"4/21/2016",25,50,50,2016-04-21,"Thursday"
"4/22/2016",25,50,50,2016-04-22,"Friday"
"4/25/2016",25,50,50,2016-04-25,"Monday"
"4/26/2016",25,50,50,2016-04-26,"Tuesday"
"4/27/2016",25,50,50,2016-04-27,"Wednesday"
"4/28/2016",25,50,50,2016-04-28,"Thursday"
"4/29/2016",25,50,50,2016-04-29,"Friday"
"5/2/2016",25,50,50,2016-05-02,"Monday"
"5/3/2016",25,50,50,2016-05-03,"Tuesday"
"5/4/2016",25,50,50,2016-05-04,"Wednesday"
"5/5/2016",25,50,50,2016-05-05,"Thursday"
"5/6/2016",25,50,50,2016-05-06,"Friday"
"5/9/2016",25,50,50,2016-05-09,"Monday"
"5/10/2016",25,50,50,2016-05-10,"Tuesday"
"5/11/2016",25,50,50,2016-05-11,"Wednesday"
"5/12/2016",25,50,50,2016-05-12,"Thursday"
"5/13/2016",25,50,50,2016-05-13,"Friday"
"5/16/2016",25,50,50,2016-05-16,"Monday"
"5/17/2016",25,50,50,2016-05-17,"Tuesday"
"5/18/2016",25,50,50,2016-05-18,"Wednesday"
"5/19/2016",25,50,50,2016-05-19,"Thursday"
"5/20/2016",25,50,50,2016-05-20,"Friday"
"5/23/2016",25,50,50,2016-05-23,"Monday"
"5/24/2016",25,50,50,2016-05-24,"Tuesday"
"5/25/2016",25,50,50,2016-05-25,"Wednesday"
"5/26/2016",25,50,50,2016-05-26,"Thursday"
"5/27/2016",25,50,50,2016-05-27,"Friday"
"5/30/2016",25,50,50,2016-05-30,"Monday"
"5/31/2016",25,50,50,2016-05-31,"Tuesday"
"6/1/2016",25,50,50,2016-06-01,"Wednesday"
"6/2/2016",25,50,50,2016-06-02,"Thursday"
"6/3/2016",25,50,50,2016-06-03,"Friday"
"6/6/2016",25,50,50,2016-06-06,"Monday"
"6/7/2016",25,50,50,2016-06-07,"Tuesday"
"6/8/2016",25,50,50,2016-06-08,"Wednesday"
"6/9/2016",25,50,50,2016-06-09,"Thursday"
"6/10/2016",25,50,50,2016-06-10,"Friday"
"6/13/2016",25,50,50,2016-06-13,"Monday"
"6/14/2016",25,50,50,2016-06-14,"Tuesday"
"6/15/2016",25,50,50,2016-06-15,"Wednesday"
"6/16/2016",25,50,50,2016-06-16,"Thursday"
"6/17/2016",25,50,50,2016-06-17,"Friday"
"6/20/2016",25,50,50,2016-06-20,"Monday"
"6/21/2016",25,50,50,2016-06-21,"Tuesday"
"6/22/2016",25,50,50,2016-06-22,"Wednesday"
"6/23/2016",25,50,50,2016-06-23,"Thursday"
"6/24/2016",25,50,50,2016-06-24,"Friday"
"6/27/2016",25,50,50,2016-06-27,"Monday"
"6/28/2016",25,50,50,2016-06-28,"Tuesday"
"6/29/2016",25,50,50,2016-06-29,"Wednesday"
"6/30/2016",25,50,50,2016-06-30,"Thursday"
"7/1/2016",25,50,50,2016-07-01,"Friday"
"7/5/2016",25,50,50,2016-07-05,"Tuesday"
"7/6/2016",25,50,50,2016-07-06,"Wednesday"
"7/7/2016",25,50,50,2016-07-07,"Thursday"
"7/8/2016",25,50,50,2016-07-08,"Friday"
"7/11/2016",25,50,50,2016-07-11,"Monday"
"7/12/2016",25,50,50,2016-07-12,"Tuesday"
"7/13/2016",25,50,50,2016-07-13,"Wednesday"
"7/14/2016",25,50,50,2016-07-14,"Thursday"
"7/15/2016",25,50,50,2016-07-15,"Friday"
"7/18/2016",25,50,50,2016-07-18,"Monday"
"7/19/2016",25,50,50,2016-07-19,"Tuesday"
"7/20/2016",25,50,50,2016-07-20,"Wednesday"
"7/21/2016",25,50,50,2016-07-21,"Thursday"
"7/22/2016",25,50,50,2016-07-22,"Friday"
"7/25/2016",25,50,50,2016-07-25,"Monday"
"7/26/2016",25,50,50,2016-07-26,"Tuesday"
"7/27/2016",25,50,50,2016-07-27,"Wednesday"
"7/28/2016",25,50,50,2016-07-28,"Thursday"
"7/29/2016",25,50,50,2016-07-29,"Friday"
"8/1/2016",25,50,50,2016-08-01,"Monday"
"8/2/2016",25,50,50,2016-08-02,"Tuesday"
"8/3/2016",25,50,50,2016-08-03,"Wednesday"
"8/4/2016",25,50,50,2016-08-04,"Thursday"
"8/5/2016",25,50,50,2016-08-05,"Friday"
"8/8/2016",25,50,50,2016-08-08,"Monday"
"8/9/2016",25,50,50,2016-08-09,"Tuesday"
"8/10/2016",25,50,50,2016-08-10,"Wednesday"
"8/11/2016",25,50,50,2016-08-11,"Thursday"
"8/12/2016",25,50,50,2016-08-12,"Friday"
"8/15/2016",25,50,50,2016-08-15,"Monday"
"8/16/2016",25,50,50,2016-08-16,"Tuesday"
"8/17/2016",25,50,50,2016-08-17,"Wednesday"
"8/18/2016",25,50,50,2016-08-18,"Thursday"
"8/19/2016",25,50,50,2016-08-19,"Friday"
"8/22/2016",25,50,50,2016-08-22,"Monday"
"8/23/2016",25,50,50,2016-08-23,"Tuesday"
"8/24/2016",25,50,50,2016-08-24,"Wednesday"
"8/25/2016",25,50,50,2016-08-25,"Thursday"
"8/26/2016",25,50,50,2016-08-26,"Friday"
"8/29/2016",25,50,50,2016-08-29,"Monday"
"8/30/2016",25,50,50,2016-08-30,"Tuesday"
"8/31/2016",25,50,50,2016-08-31,"Wednesday"
"9/1/2016",25,50,50,2016-09-01,"Thursday"
"9/2/2016",25,50,50,2016-09-02,"Friday"
"9/5/2016",25,50,50,2016-09-05,"Monday"
"9/6/2016",25,50,50,2016-09-06,"Tuesday"
"9/7/2016",25,50,50,2016-09-07,"Wednesday"
"9/8/2016",25,50,50,2016-09-08,"Thursday"
"9/9/2016",25,50,50,2016-09-09,"Friday"
"9/12/2016",25,50,50,2016-09-12,"Monday"
"9/13/2016",25,50,50,2016-09-13,"Tuesday"
"9/14/2016",25,50,50,2016-09-14,"Wednesday"
"9/15/2016",25,50,50,2016-09-15,"Thursday"
"9/16/2016",25,50,50,2016-09-16,"Friday"
"9/19/2016",25,50,50,2016-09-19,"Monday"
"9/20/2016",25,50,50,2016-09-20,"Tuesday"
"9/21/2016",25,50,50,2016-09-21,"Wednesday"
"9/22/2016",25,50,50,2016-09-22,"Thursday"
"9/23/2016",25,50,50,2016-09-23,"Friday"
"9/26/2016",25,50,50,2016-09-26,"Monday"
"9/27/2016",25,50,50,2016-09-27,"Tuesday"
"9/28/2016",25,50,50,2016-09-28,"Wednesday"
"9/29/2016",25,50,50,2016-09-29,"Thursday"
"9/30/2016",25,50,50,2016-09-30,"Friday"
"10/3/2016",25,50,50,2016-10-03,"Monday"
"10/4/2016",25,50,50,2016-10-04,"Tuesday"
"10/5/2016",25,50,50,2016-10-05,"Wednesday"
"10/6/2016",25,50,50,2016-10-06,"Thursday"
"10/7/2016",25,50,50,2016-10-07,"Friday"
"10/10/2016",25,50,50,2016-10-10,"Monday"
"10/11/2016",25,50,50,2016-10-11,"Tuesday"
"10/12/2016",25,50,50,2016-10-12,"Wednesday"
"10/13/2016",25,50,50,2016-10-13,"Thursday"
"10/14/2016",25,50,50,2016-10-14,"Friday"
"10/17/2016",25,50,50,2016-10-17,"Monday"
"10/18/2016",25,50,50,2016-10-18,"Tuesday"
"10/19/2016",25,50,50,2016-10-19,"Wednesday"
"10/20/2016",25,50,50,2016-10-20,"Thursday"
"10/21/2016",25,50,50,2016-10-21,"Friday"
"10/24/2016",25,50,50,2016-10-24,"Monday"
"10/25/2016",25,50,50,2016-10-25,"Tuesday"
"10/26/2016",25,50,50,2016-10-26,"Wednesday"
"10/27/2016",25,50,50,2016-10-27,"Thursday"
"10/28/2016",25,50,50,2016-10-28,"Friday"
"10/31/2016",25,50,50,2016-10-31,"Monday"
"11/1/2016",25,50,50,2016-11-01,"Tuesday"
"11/2/2016",25,50,50,2016-11-02,"Wednesday"
"11/3/2016",25,50,50,2016-11-03,"Thursday"
"11/4/2016",25,50,50,2016-11-04,"Friday"
"11/7/2016",25,50,50,2016-11-07,"Monday"
"11/8/2016",25,50,50,2016-11-08,"Tuesday"
"11/9/2016",25,50,50,2016-11-09,"Wednesday"
"11/10/2016",25,50,50,2016-11-10,"Thursday"
"11/11/2016",25,50,50,2016-11-11,"Friday"
"11/14/2016",25,50,50,2016-11-14,"Monday"
"11/15/2016",25,50,50,2016-11-15,"Tuesday"
"11/16/2016",25,50,50,2016-11-16,"Wednesday"
"11/17/2016",25,50,50,2016-11-17,"Thursday"
"11/18/2016",25,50,50,2016-11-18,"Friday"
"11/21/2016",25,50,50,2016-11-21,"Monday"
"11/22/2016",25,50,50,2016-11-22,"Tuesday"
"11/23/2016",25,50,50,2016-11-23,"Wednesday"
"11/24/2016",25,50,50,2016-11-24,"Thursday"
"11/25/2016",25,50,50,2016-11-25,"Friday"
"11/28/2016",25,50,50,2016-11-28,"Monday"
"11/29/2016",25,50,50,2016-11-29,"Tuesday"
"11/30/2016",25,50,50,2016-11-30,"Wednesday"
"12/1/2016",25,50,50,2016-12-01,"Thursday"
"12/2/2016",25,50,50,2016-12-02,"Friday"
"12/5/2016",25,50,50,2016-12-05,"Monday"
"12/6/2016",25,50,50,2016-12-06,"Tuesday"
"12/7/2016",25,50,50,2016-12-07,"Wednesday"
"12/8/2016",25,50,50,2016-12-08,"Thursday"
"12/9/2016",25,50,50,2016-12-09,"Friday"
"12/12/2016",25,50,50,2016-12-12,"Monday"
"12/13/2016",25,50,50,2016-12-13,"Tuesday"
"12/14/2016",25,50,50,2016-12-14,"Wednesday"
"12/15/2016",25,50,50,2016-12-15,"Thursday"
"12/16/2016",25,50,50,2016-12-16,"Friday"
"12/19/2016",25,50,50,2016-12-19,"Monday"
"12/20/2016",25,50,50,2016-12-20,"Tuesday"
"12/21/2016",25,50,50,2016-12-21,"Wednesday"
"12/22/2016",25,50,50,2016-12-22,"Thursday"
"12/23/2016",25,50,50,2016-12-23,"Friday"
"12/26/2016",25,50,50,2016-12-26,"Monday"
"12/27/2016",25,50,50,2016-12-27,"Tuesday"
"12/28/2016",25,50,50,2016-12-28,"Wednesday"
"12/29/2016",25,50,50,2016-12-29,"Thursday"
"12/30/2016",25,50,50,2016-12-30,"Friday"
"1/2/2017",25,50,50,2017-01-02,"Monday"
"1/3/2017",25,50,50,2017-01-03,"Tuesday"
"1/4/2017",25,50,50,2017-01-04,"Wednesday"
"1/5/2017",25,50,50,2017-01-05,"Thursday"
"1/6/2017",25,50,50,2017-01-06,"Friday"
"1/9/2017",25,50,50,2017-01-09,"Monday"
"1/10/2017",25,50,50,2017-01-10,"Tuesday"
"1/11/2017",25,50,50,2017-01-11,"Wednesday"
"1/12/2017",25,50,50,2017-01-12,"Thursday"
"1/13/2017",25,50,50,2017-01-13,"Friday"
"1/16/2017",25,50,50,2017-01-16,"Monday"
"1/17/2017",25,50,50,2017-01-17,"Tuesday"
"1/18/2017",25,50,50,2017-01-18,"Wednesday"
"1/19/2017",25,50,50,2017-01-19,"Thursday"
"1/20/2017",25,50,50,2017-01-20,"Friday"
"1/23/2017",25,50,50,2017-01-23,"Monday"
"1/24/2017",25,50,50,2017-01-24,"Tuesday"
"1/25/2017",25,50,50,2017-01-25,"Wednesday"
"1/26/2017",25,50,50,2017-01-26,"Thursday"
"1/27/2017",25,50,50,2017-01-27,"Friday"
"1/30/2017",25,50,50,2017-01-30,"Monday"
"1/31/2017",25,50,50,2017-01-31,"Tuesday"
"2/1/2017",25,50,50,2017-02-01,"Wednesday"
"2/2/2017",25,50,50,2017-02-02,"Thursday"
"2/3/2017",25,50,50,2017-02-03,"Friday"
"2/6/2017",25,50,50,2017-02-06,"Monday"
"2/7/2017",25,50,50,2017-02-07,"Tuesday"
"2/8/2017",25,50,50,2017-02-08,"Wednesday"
"2/9/2017",25,50,50,2017-02-09,"Thursday"
"2/10/2017",25,50,50,2017-02-10,"Friday"
"2/13/2017",25,50,50,2017-02-13,"Monday"
"2/14/2017",25,50,50,2017-02-14,"Tuesday"
"2/15/2017",25,50,50,2017-02-15,"Wednesday"
"2/16/2017",25,50,50,2017-02-16,"Thursday"
"2/17/2017",25,50,50,2017-02-17,"Friday"
"2/20/2017",25,50,50,2017-02-20,"Monday"
"2/21/2017",25,50,50,2017-02-21,"Tuesday"
"2/22/2017",25,50,50,2017-02-22,"Wednesday"
"2/23/2017",25,50,50,2017-02-23,"Thursday"
"2/24/2017",25,50,50,2017-02-24,"Friday"
"2/27/2017",25,50,50,2017-02-27,"Monday"
"2/28/2017",25,50,50,2017-02-28,"Tuesday"
"3/1/2017",25,50,50,2017-03-01,"Wednesday"
"3/2/2017",25,50,50,2017-03-02,"Thursday"
"3/3/2017",25,50,50,2017-03-03,"Friday"
"3/6/2017",25,50,50,2017-03-06,"Monday"
"3/7/2017",25,50,50,2017-03-07,"Tuesday"
"3/8/2017",25,50,50,2017-03-08,"Wednesday"
"3/9/2017",25,50,50,2017-03-09,"Thursday"
"3/10/2017",25,50,50,2017-03-10,"Friday"
"3/13/2017",25,50,50,2017-03-13,"Monday"
"3/14/2017",25,50,50,2017-03-14,"Tuesday"
"3/15/2017",25,50,50,2017-03-15,"Wednesday"
"3/16/2017",25,50,50,2017-03-16,"Thursday"
"3/17/2017",25,50,50,2017-03-17,"Friday"
"3/20/2017",25,50,50,2017-03-20,"Monday"
"3/21/2017",25,50,50,2017-03-21,"Tuesday"
"3/22/2017",25,50,50,2017-03-22,"Wednesday"
"3/23/2017",25,50,50,2017-03-23,"Thursday"
"3/24/2017",25,50,50,2017-03-24,"Friday"
"3/27/2017",25,50,50,2017-03-27,"Monday"
"3/28/2017",25,50,50,2017-03-28,"Tuesday"
"3/29/2017",25,50,50,2017-03-29,"Wednesday"
"3/30/2017",25,50,50,2017-03-30,"Thursday"
"3/31/2017",25,50,50,2017-03-31,"Friday"
"4/3/2017",25,50,50,2017-04-03,"Monday"
"4/4/2017",25,50,50,2017-04-04,"Tuesday"
"4/5/2017",25,50,50,2017-04-05,"Wednesday"
"4/6/2017",25,50,50,2017-04-06,"Thursday"
"4/7/2017",25,50,50,2017-04-07,"Friday"
"4/10/2017",25,50,50,2017-04-10,"Monday"
"4/11/2017",25,50,50,2017-04-11,"Tuesday"
"4/12/2017",25,50,50,2017-04-12,"Wednesday"
"4/13/2017",25,50,50,2017-04-13,"Thursday"
"4/14/2017",25,50,50,2017-04-14,"Friday"
"4/17/2017",25,50,50,2017-04-17,"Monday"
"4/18/2017",25,50,50,2017-04-18,"Tuesday"
"4/19/2017",25,50,50,2017-04-19,"Wednesday"
"4/20/2017",25,50,50,2017-04-20,"Thursday"
"4/21/2017",25,50,50,2017-04-21,"Friday"
"4/24/2017",25,50,50,2017-04-24,"Monday"
"4/25/2017",25,50,50,2017-04-25,"Tuesday"
"4/26/2017",25,50,50,2017-04-26,"Wednesday"
"4/27/2017",25,50,50,2017-04-27,"Thursday"
"4/28/2017",25,50,50,2017-04-28,"Friday"
"5/1/2017",25,50,50,2017-05-01,"Monday"
"5/2/2017",25,50,50,2017-05-02,"Tuesday"
"5/3/2017",25,50,50,2017-05-03,"Wednesday"
"5/4/2017",25,50,50,2017-05-04,"Thursday"
"5/5/2017",25,50,50,2017-05-05,"Friday"
"5/8/2017",25,50,50,2017-05-08,"Monday"
"5/9/2017",25,50,50,2017-05-09,"Tuesday"
"5/10/2017",25,50,50,2017-05-10,"Wednesday"
"5/11/2017",25,50,50,2017-05-11,"Thursday"
"5/12/2017",25,50,50,2017-05-12,"Friday"
"5/15/2017",25,50,50,2017-05-15,"Monday"
"5/16/2017",25,50,50,2017-05-16,"Tuesday"
"5/17/2017",25,50,50,2017-05-17,"Wednesday"
"5/18/2017",25,50,50,2017-05-18,"Thursday"
"5/19/2017",25,50,50,2017-05-19,"Friday"
"5/22/2017",25,50,50,2017-05-22,"Monday"
"5/23/2017",25,50,50,2017-05-23,"Tuesday"
"5/24/2017",25,50,50,2017-05-24,"Wednesday"
"5/25/2017",25,50,50,2017-05-25,"Thursday"
"5/26/2017",25,50,50,2017-05-26,"Friday"
"5/29/2017",25,50,50,2017-05-29,"Monday"
"5/30/2017",25,50,50,2017-05-30,"Tuesday"
"5/31/2017",25,50,50,2017-05-31,"Wednesday"
"6/1/2017",25,50,50,2017-06-01,"Thursday"
"6/2/2017",25,50,50,2017-06-02,"Friday"
"6/5/2017",25,50,50,2017-06-05,"Monday"
"6/6/2017",25,50,50,2017-06-06,"Tuesday"
"6/7/2017",25,50,50,2017-06-07,"Wednesday"
"6/8/2017",25,50,50,2017-06-08,"Thursday"
"6/9/2017",25,50,50,2017-06-09,"Friday"
"6/12/2017",25,50,50,2017-06-12,"Monday"
"6/13/2017",25,50,50,2017-06-13,"Tuesday"
"6/14/2017",25,50,50,2017-06-14,"Wednesday"
"6/15/2017",25,50,50,2017-06-15,"Thursday"
"6/16/2017",25,50,50,2017-06-16,"Friday"
"6/19/2017",25,50,50,2017-06-19,"Monday"
"6/20/2017",25,50,50,2017-06-20,"Tuesday"
"6/21/2017",25,50,50,2017-06-21,"Wednesday"
"6/22/2017",25,50,50,2017-06-22,"Thursday"
"6/23/2017",25,50,50,2017-06-23,"Friday"
"6/26/2017",25,50,50,2017-06-26,"Monday"
"6/27/2017",25,50,50,2017-06-27,"Tuesday"
"6/28/2017",25,50,50,2017-06-28,"Wednesday"
"6/29/2017",25,50,50,2017-06-29,"Thursday"
"6/30/2017",25,50,50,2017-06-30,"Friday"
"7/3/2017",25,50,50,2017-07-03,"Monday"
"7/4/2017",25,50,50,2017-07-04,"Tuesday"
"7/5/2017",25,50,50,2017-07-05,"Wednesday"
"7/6/2017",25,50,50,2017-07-06,"Thursday"
"7/7/2017",25,50,50,2017-07-07,"Friday"
"7/10/2017",25,50,50,2017-07-10,"Monday"
"7/11/2017",25,50,50,2017-07-11,"Tuesday"
"7/12/2017",25,50,50,2017-07-12,"Wednesday"
"7/13/2017",25,50,50,2017-07-13,"Thursday"
"7/14/2017",25,50,50,2017-07-14,"Friday"
"7/17/2017",25,50,50,2017-07-17,"Monday"
"7/18/2017",25,50,50,2017-07-18,"Tuesday"
"7/19/2017",25,50,50,2017-07-19,"Wednesday"
"7/20/2017",25,50,50,2017-07-20,"Thursday"
"7/21/2017",25,50,50,2017-07-21,"Friday"
"7/24/2017",25,50,50,2017-07-24,"Monday"
"7/25/2017",25,50,50,2017-07-25,"Tuesday"
"7/26/2017",25,50,50,2017-07-26,"Wednesday"
"7/27/2017",25,50,50,2017-07-27,"Thursday"
"7/28/2017",25,50,50,2017-07-28,"Friday"
"7/31/2017",25,50,50,2017-07-31,"Monday"
"8/1/2017",25,50,50,2017-08-01,"Tuesday"
"8/2/2017",25,50,50,2017-08-02,"Wednesday"
"8/3/2017",25,50,50,2017-08-03,"Thursday"
"8/4/2017",25,50,50,2017-08-04,"Friday"
"8/7/2017",25,50,50,2017-08-07,"Monday"
"8/8/2017",25,50,50,2017-08-08,"Tuesday"
"8/9/2017",25,50,50,2017-08-09,"Wednesday"
"8/10/2017",25,50,50,2017-08-10,"Thursday"
"8/11/2017",25,50,50,2017-08-11,"Friday"
"8/14/2017",25,50,50,2017-08-14,"Monday"
"8/15/2017",25,50,50,2017-08-15,"Tuesday"
"8/16/2017",25,50,50,2017-08-16,"Wednesday"
"8/17/2017",25,50,50,2017-08-17,"Thursday"
"8/18/2017",25,50,50,2017-08-18,"Friday"
"8/21/2017",25,50,50,2017-08-21,"Monday"
"8/22/2017",25,50,50,2017-08-22,"Tuesday"
"8/23/2017",25,50,50,2017-08-23,"Wednesday"
"8/24/2017",25,50,50,2017-08-24,"Thursday"
"8/25/2017",25,50,50,2017-08-25,"Friday"
"8/28/2017",25,50,50,2017-08-28,"Monday"
"8/29/2017",25,50,50,2017-08-29,"Tuesday"
"8/30/2017",25,50,50,2017-08-30,"Wednesday"
"8/31/2017",25,50,50,2017-08-31,"Thursday"
"9/1/2017",25,50,50,2017-09-01,"Friday"
"9/4/2017",25,50,50,2017-09-04,"Monday"
"9/5/2017",25,50,50,2017-09-05,"Tuesday"
"9/6/2017",25,50,50,2017-09-06,"Wednesday"
"9/7/2017",25,50,50,2017-09-07,"Thursday"
"9/8/2017",25,50,50,2017-09-08,"Friday"
"9/11/2017",25,50,50,2017-09-11,"Monday"
"9/12/2017",25,50,50,2017-09-12,"Tuesday"
"9/13/2017",25,50,50,2017-09-13,"Wednesday"
"9/14/2017",25,50,50,2017-09-14,"Thursday"
"9/15/2017",25,50,50,2017-09-15,"Friday"
"9/18/2017",25,50,50,2017-09-18,"Monday"
"9/19/2017",25,50,50,2017-09-19,"Tuesday"
"9/20/2017",25,50,50,2017-09-20,"Wednesday"
"9/21/2017",25,50,50,2017-09-21,"Thursday"
"9/22/2017",25,50,50,2017-09-22,"Friday"
"9/25/2017",25,50,50,2017-09-25,"Monday"
"9/26/2017",25,50,50,2017-09-26,"Tuesday"
"9/27/2017",25,50,50,2017-09-27,"Wednesday"
"9/28/2017",25,50,50,2017-09-28,"Thursday"
"9/29/2017",25,50,50,2017-09-29,"Friday"
"10/2/2017",25,50,50,2017-10-02,"Monday"
"10/3/2017",25,50,50,2017-10-03,"Tuesday"
"10/4/2017",25,50,50,2017-10-04,"Wednesday"
"10/5/2017",25,50,50,2017-10-05,"Thursday"
"10/6/2017",25,50,50,2017-10-06,"Friday"
"10/9/2017",25,50,50,2017-10-09,"Monday"
"10/10/2017",25,50,50,2017-10-10,"Tuesday"
"10/11/2017",25,50,50,2017-10-11,"Wednesday"
"10/12/2017",25,50,50,2017-10-12,"Thursday"
"10/13/2017",25,50,50,2017-10-13,"Friday"
"10/16/2017",25,50,50,2017-10-16,"Monday"
"10/17/2017",25,50,50,2017-10-17,"Tuesday"
"10/18/2017",25,50,50,2017-10-18,"Wednesday"
"10/19/2017",25,50,50,2017-10-19,"Thursday"
"10/20/2017",25,50,50,2017-10-20,"Friday"
"10/23/2017",25,50,50,2017-10-23,"Monday"
"10/24/2017",25,50,50,2017-10-24,"Tuesday"
"10/25/2017",25,50,50,2017-10-25,"Wednesday"
"10/26/2017",25,50,50,2017-10-26,"Thursday"
"10/27/2017",25,50,50,2017-10-27,"Friday"
"10/30/2017",25,50,50,2017-10-30,"Monday"
"10/31/2017",25,50,50,2017-10-31,"Tuesday"
"11/1/2017",25,50,50,2017-11-01,"Wednesday"
"11/2/2017",25,50,50,2017-11-02,"Thursday"
"11/3/2017",25,50,50,2017-11-03,"Friday"
"11/6/2017",25,50,50,2017-11-06,"Monday"
"11/7/2017",25,50,50,2017-11-07,"Tuesday"
"11/8/2017",25,50,50,2017-11-08,"Wednesday"
"11/9/2017",25,50,50,2017-11-09,"Thursday"
"11/10/2017",25,50,50,2017-11-10,"Friday"
"11/13/2017",25,50,50,2017-11-13,"Monday"
"11/14/2017",25,50,50,2017-11-14,"Tuesday"
"11/15/2017",25,50,50,2017-11-15,"Wednesday"
"11/16/2017",25,50,50,2017-11-16,"Thursday"
"11/17/2017",25,50,50,2017-11-17,"Friday"
"11/20/2017",25,50,50,2017-11-20,"Monday"
"11/21/2017",25,50,50,2017-11-21,"Tuesday"
"11/22/2017",25,50,50,2017-11-22,"Wednesday"
"11/23/2017",25,50,50,2017-11-23,"Thursday"
"11/24/2017",25,50,50,2017-11-24,"Friday"
"11/27/2017",25,50,50,2017-11-27,"Monday"
"11/28/2017",25,50,50,2017-11-28,"Tuesday"
"11/29/2017",25,50,50,2017-11-29,"Wednesday"
"11/30/2017",25,50,50,2017-11-30,"Thursday"
"12/1/2017",25,50,50,2017-12-01,"Friday"
"12/4/2017",25,50,50,2017-12-04,"Monday"
"12/5/2017",25,50,50,2017-12-05,"Tuesday"
"12/6/2017",25,50,50,2017-12-06,"Wednesday"
"12/7/2017",25,50,50,2017-12-07,"Thursday"
"12/8/2017",25,50,50,2017-12-08,"Friday"
"12/11/2017",25,50,50,2017-12-11,"Monday"
"12/12/2017",25,50,50,2017-12-12,"Tuesday"
"12/13/2017",25,50,50,2017-12-13,"Wednesday"
"12/14/2017",25,50,50,2017-12-14,"Thursday"
"12/15/2017",25,50,50,2017-12-15,"Friday"
"12/18/2017",25,50,50,2017-12-18,"Monday"
"12/19/2017",25,50,50,2017-12-19,"Tuesday"
"12/20/2017",25,50,50,2017-12-20,"Wednesday"
"12/21/2017",25,50,50,2017-12-21,"Thursday"
"12/22/2017",25,50,50,2017-12-22,"Friday"
"12/25/2017",25,50,50,2017-12-25,"Monday"
"12/26/2017",25,50,50,2017-12-26,"Tuesday"
"12/27/2017",25,50,50,2017-12-27,"Wednesday"
"12/28/2017",25,50,50,2017-12-28,"Thursday"
"12/29/2017",25,50,50,2017-12-29,"Friday"
"1/1/2018",25,50,50,2018-01-01,"Monday"
"1/2/2018",25,50,50,2018-01-02,"Tuesday"
"1/3/2018",25,50,50,2018-01-03,"Wednesday"
"1/4/2018",25,50,50,2018-01-04,"Thursday"
"1/5/2018",25,50,50,2018-01-05,"Friday"
"1/8/2018",25,50,50,2018-01-08,"Monday"
"1/9/2018",25,50,50,2018-01-09,"Tuesday"
"1/10/2018",25,50,50,2018-01-10,"Wednesday"
"1/11/2018",25,50,50,2018-01-11,"Thursday"
"1/12/2018",25,50,50,2018-01-12,"Friday"
"1/15/2018",25,50,50,2018-01-15,"Monday"
"1/16/2018",25,50,50,2018-01-16,"Tuesday"
"1/17/2018",25,50,50,2018-01-17,"Wednesday"
"1/18/2018",25,50,50,2018-01-18,"Thursday"
"1/19/2018",25,50,50,2018-01-19,"Friday"
"1/22/2018",25,50,50,2018-01-22,"Monday"
"1/23/2018",25,50,50,2018-01-23,"Tuesday"
"1/24/2018",25,50,50,2018-01-24,"Wednesday"
"1/25/2018",25,50,50,2018-01-25,"Thursday"
"1/26/2018",25,50,50,2018-01-26,"Friday"
"1/29/2018",25,50,50,2018-01-29,"Monday"
"1/30/2018",25,50,50,2018-01-30,"Tuesday"
"1/31/2018",25,50,50,2018-01-31,"Wednesday"
"2/1/2018",25,50,50,2018-02-01,"Thursday"
"2/2/2018",25,50,50,2018-02-02,"Friday"
"2/5/2018",25,50,50,2018-02-05,"Monday"
"2/6/2018",25,50,50,2018-02-06,"Tuesday"
"2/7/2018",25,50,50,2018-02-07,"Wednesday"
"2/8/2018",25,50,50,2018-02-08,"Thursday"
"2/9/2018",25,50,50,2018-02-09,"Friday"
"2/12/2018",25,50,50,2018-02-12,"Monday"
"2/13/2018",25,50,50,2018-02-13,"Tuesday"
"2/14/2018",25,50,50,2018-02-14,"Wednesday"
"2/15/2018",25,50,50,2018-02-15,"Thursday"
"2/16/2018",25,50,50,2018-02-16,"Friday"
"2/19/2018",25,50,50,2018-02-19,"Monday"
"2/20/2018",25,50,50,2018-02-20,"Tuesday"
"2/21/2018",25,50,50,2018-02-21,"Wednesday"
"2/22/2018",25,50,50,2018-02-22,"Thursday"
"2/23/2018",25,50,50,2018-02-23,"Friday"
"2/26/2018",25,50,50,2018-02-26,"Monday"
"2/27/2018",25,50,50,2018-02-27,"Tuesday"
"2/28/2018",25,50,50,2018-02-28,"Wednesday"
"3/1/2018",25,50,50,2018-03-01,"Thursday"
"3/2/2018",25,50,50,2018-03-02,"Friday"
"3/5/2018",25,50,50,2018-03-05,"Monday"
"3/6/2018",25,50,50,2018-03-06,"Tuesday"
"3/7/2018",25,50,50,2018-03-07,"Wednesday"
"3/8/2018",25,50,50,2018-03-08,"Thursday"
"3/9/2018",25,50,50,2018-03-09,"Friday"
"3/12/2018",25,50,50,2018-03-12,"Monday"
"3/13/2018",25,50,50,2018-03-13,"Tuesday"
"3/14/2018",25,50,50,2018-03-14,"Wednesday"
"3/15/2018",25,50,50,2018-03-15,"Thursday"
"3/16/2018",25,50,50,2018-03-16,"Friday"
"3/19/2018",25,50,50,2018-03-19,"Monday"
"3/20/2018",25,50,50,2018-03-20,"Tuesday"
"3/21/2018",25,50,50,2018-03-21,"Wednesday"
"3/22/2018",25,50,50,2018-03-22,"Thursday"
"3/23/2018",25,50,50,2018-03-23,"Friday"
"3/26/2018",25,50,50,2018-03-26,"Monday"
"3/27/2018",25,50,50,2018-03-27,"Tuesday"
"3/28/2018",25,50,50,2018-03-28,"Wednesday"
"3/29/2018",25,50,50,2018-03-29,"Thursday"
"3/30/2018",25,50,50,2018-03-30,"Friday"
"4/2/2018",25,50,50,2018-04-02,"Monday"
"4/3/2018",25,50,50,2018-04-03,"Tuesday"
"4/4/2018",25,50,50,2018-04-04,"Wednesday"
"4/5/2018",25,50,50,2018-04-05,"Thursday"
"4/6/2018",25,50,50,2018-04-06,"Friday"
"4/9/2018",25,50,50,2018-04-09,"Monday"
"4/10/2018",25,50,50,2018-04-10,"Tuesday"
"4/11/2018",25,50,50,2018-04-11,"Wednesday"
"4/12/2018",25,50,50,2018-04-12,"Thursday"
"4/13/2018",25,50,50,2018-04-13,"Friday"
"4/16/2018",25,50,50,2018-04-16,"Monday"
"4/17/2018",25,50,50,2018-04-17,"Tuesday"
"4/18/2018",25,50,50,2018-04-18,"Wednesday"
"4/19/2018",25,50,50,2018-04-19,"Thursday"
"4/20/2018",25,50,50,2018-04-20,"Friday"
"4/23/2018",25,50,50,2018-04-23,"Monday"
"4/24/2018",25,50,50,2018-04-24,"Tuesday"
"4/25/2018",25,50,50,2018-04-25,"Wednesday"
"4/26/2018",25,50,50,2018-04-26,"Thursday"
"4/27/2018",25,50,50,2018-04-27,"Friday"
"4/30/2018",25,50,50,2018-04-30,"Monday"
"5/1/2018",25,50,50,2018-05-01,"Tuesday"
"5/2/2018",25,50,50,2018-05-02,"Wednesday"
"5/3/2018",25,50,50,2018-05-03,"Thursday"
"5/4/2018",25,50,50,2018-05-04,"Friday"
"5/7/2018",25,50,50,2018-05-07,"Monday"
"5/8/2018",25,50,50,2018-05-08,"Tuesday"
"5/9/2018",25,50,50,2018-05-09,"Wednesday"
"5/10/2018",25,50,50,2018-05-10,"Thursday"
"5/11/2018",25,50,50,2018-05-11,"Friday"
"5/14/2018",25,50,50,2018-05-14,"Monday"
"5/15/2018",25,50,50,2018-05-15,"Tuesday"
"5/16/2018",25,50,50,2018-05-16,"Wednesday"
"5/17/2018",25,50,50,2018-05-17,"Thursday"
"5/18/2018",25,50,50,2018-05-18,"Friday"
"5/21/2018",25,50,50,2018-05-21,"Monday"
"5/22/2018",25,50,50,2018-05-22,"Tuesday"
"5/23/2018",25,50,50,2018-05-23,"Wednesday"
"5/24/2018",25,50,50,2018-05-24,"Thursday"
"5/25/2018",25,50,50,2018-05-25,"Friday"
"5/28/2018",25,50,50,2018-05-28,"Monday"
"5/29/2018",25,50,50,2018-05-29,"Tuesday"
"5/30/2018",25,50,50,2018-05-30,"Wednesday"
"5/31/2018",25,50,50,2018-05-31,"Thursday"
"6/1/2018",25,50,50,2018-06-01,"Friday"
"6/4/2018",25,50,50,2018-06-04,"Monday"
"6/5/2018",25,50,50,2018-06-05,"Tuesday"
"6/6/2018",25,50,50,2018-06-06,"Wednesday"
"6/7/2018",25,50,50,2018-06-07,"Thursday"
"6/8/2018",25,50,50,2018-06-08,"Friday"
"6/11/2018",25,50,50,2018-06-11,"Monday"
"6/12/2018",25,50,50,2018-06-12,"Tuesday"
"6/13/2018",25,50,50,2018-06-13,"Wednesday"
"6/14/2018",25,50,50,2018-06-14,"Thursday"
"6/15/2018",25,50,50,2018-06-15,"Friday"
"6/18/2018",25,50,50,2018-06-18,"Monday"
"6/19/2018",25,50,50,2018-06-19,"Tuesday"
"6/20/2018",25,50,50,2018-06-20,"Wednesday"
"6/21/2018",25,50,50,2018-06-21,"Thursday"
"6/22/2018",25,50,50,2018-06-22,"Friday"
"6/25/2018",25,50,50,2018-06-25,"Monday"
"6/26/2018",25,50,50,2018-06-26,"Tuesday"
"6/27/2018",25,50,50,2018-06-27,"Wednesday"
"6/28/2018",25,50,50,2018-06-28,"Thursday"
"6/29/2018",25,50,50,2018-06-29,"Friday"
"7/2/2018",25,50,50,2018-07-02,"Monday"
"7/3/2018",25,50,50,2018-07-03,"Tuesday"
"7/4/2018",25,50,50,2018-07-04,"Wednesday"
"7/5/2018",25,50,50,2018-07-05,"Thursday"
"7/6/2018",25,50,50,2018-07-06,"Friday"
"7/9/2018",25,50,50,2018-07-09,"Monday"
"7/10/2018",25,50,50,2018-07-10,"Tuesday"
"7/11/2018",25,50,50,2018-07-11,"Wednesday"
"7/12/2018",25,50,50,2018-07-12,"Thursday"
"7/13/2018",25,50,50,2018-07-13,"Friday"
"7/16/2018",25,50,50,2018-07-16,"Monday"
"7/17/2018",25,50,50,2018-07-17,"Tuesday"
"7/18/2018",25,50,50,2018-07-18,"Wednesday"
"7/19/2018",25,50,50,2018-07-19,"Thursday"
"7/20/2018",25,50,50,2018-07-20,"Friday"
"7/23/2018",25,50,50,2018-07-23,"Monday"
"7/24/2018",25,50,50,2018-07-24,"Tuesday"
"7/25/2018",25,50,50,2018-07-25,"Wednesday"
"7/26/2018",25,50,50,2018-07-26,"Thursday"
"7/27/2018",25,50,50,2018-07-27,"Friday"
"7/30/2018",25,50,50,2018-07-30,"Monday"
"7/31/2018",25,50,50,2018-07-31,"Tuesday"
"8/1/2018",25,50,50,2018-08-01,"Wednesday"
"8/2/2018",25,50,50,2018-08-02,"Thursday"
"8/3/2018",25,50,50,2018-08-03,"Friday"
"8/6/2018",25,50,50,2018-08-06,"Monday"
"8/7/2018",25,50,50,2018-08-07,"Tuesday"
"8/8/2018",25,50,50,2018-08-08,"Wednesday"
"8/9/2018",25,50,50,2018-08-09,"Thursday"
"8/10/2018",25,50,50,2018-08-10,"Friday"
"8/13/2018",25,50,50,2018-08-13,"Monday"
"8/14/2018",25,50,50,2018-08-14,"Tuesday"
"8/15/2018",25,50,50,2018-08-15,"Wednesday"
"8/16/2018",25,50,50,2018-08-16,"Thursday"
"8/17/2018",25,50,50,2018-08-17,"Friday"
"8/20/2018",25,50,50,2018-08-20,"Monday"
"8/21/2018",25,50,50,2018-08-21,"Tuesday"
"8/22/2018",25,50,50,2018-08-22,"Wednesday"
"8/23/2018",25,50,50,2018-08-23,"Thursday"
"8/24/2018",25,50,50,2018-08-24,"Friday"
"8/27/2018",25,50,50,2018-08-27,"Monday"
"8/28/2018",25,50,50,2018-08-28,"Tuesday"
"8/29/2018",25,50,50,2018-08-29,"Wednesday"
"8/30/2018",25,50,50,2018-08-30,"Thursday"
"8/31/2018",25,50,50,2018-08-31,"Friday"
"9/3/2018",25,50,50,2018-09-03,"Monday"
"9/4/2018",25,50,50,2018-09-04,"Tuesday"
"9/5/2018",25,50,50,2018-09-05,"Wednesday"
"9/6/2018",25,50,50,2018-09-06,"Thursday"
"9/7/2018",25,50,50,2018-09-07,"Friday"
"9/10/2018",25,50,50,2018-09-10,"Monday"
"9/11/2018",25,50,50,2018-09-11,"Tuesday"
"9/12/2018",25,50,50,2018-09-12,"Wednesday"
"9/13/2018",25,50,50,2018-09-13,"Thursday"
"9/14/2018",25,50,50,2018-09-14,"Friday"
"9/17/2018",25,50,50,2018-09-17,"Monday"
"9/18/2018",25,50,50,2018-09-18,"Tuesday"
"9/19/2018",25,50,50,2018-09-19,"Wednesday"
"9/20/2018",25,50,50,2018-09-20,"Thursday"
"9/21/2018",25,50,50,2018-09-21,"Friday"
"9/24/2018",25,50,50,2018-09-24,"Monday"
"9/25/2018",25,50,50,2018-09-25,"Tuesday"
"9/26/2018",25,50,50,2018-09-26,"Wednesday"
"9/27/2018",25,50,50,2018-09-27,"Thursday"
"9/28/2018",25,50,50,2018-09-28,"Friday"
"10/1/2018",25,50,50,2018-10-01,"Monday"
"10/2/2018",25,50,50,2018-10-02,"Tuesday"
"10/3/2018",25,50,50,2018-10-03,"Wednesday"
"10/4/2018",25,50,50,2018-10-04,"Thursday"
"10/5/2018",25,50,50,2018-10-05,"Friday"
"10/8/2018",25,50,50,2018-10-08,"Monday"
"10/9/2018",25,50,50,2018-10-09,"Tuesday"
"10/10/2018",25,50,50,2018-10-10,"Wednesday"
"10/11/2018",25,50,50,2018-10-11,"Thursday"
"10/12/2018",25,50,50,2018-10-12,"Friday"
"10/15/2018",25,50,50,2018-10-15,"Monday"
"10/16/2018",25,50,50,2018-10-16,"Tuesday"
"10/17/2018",25,50,50,2018-10-17,"Wednesday"
"10/18/2018",25,50,50,2018-10-18,"Thursday"
"10/19/2018",25,50,50,2018-10-19,"Friday"
"10/22/2018",25,50,50,2018-10-22,"Monday"
"10/23/2018",25,50,50,2018-10-23,"Tuesday"
"10/24/2018",25,50,50,2018-10-24,"Wednesday"
"10/25/2018",25,50,50,2018-10-25,"Thursday"
"10/26/2018",25,50,50,2018-10-26,"Friday"
"10/29/2018",25,50,50,2018-10-29,"Monday"
"10/30/2018",25,50,50,2018-10-30,"Tuesday"
"10/31/2018",25,50,50,2018-10-31,"Wednesday"
"11/1/2018",25,50,50,2018-11-01,"Thursday"
"11/2/2018",25,50,50,2018-11-02,"Friday"
"11/5/2018",25,50,50,2018-11-05,"Monday"
"11/6/2018",25,50,50,2018-11-06,"Tuesday"
"11/7/2018",25,50,50,2018-11-07,"Wednesday"
"11/8/2018",25,50,50,2018-11-08,"Thursday"
"11/9/2018",25,50,50,2018-11-09,"Friday"
"11/12/2018",25,50,50,2018-11-12,"Monday"
"11/13/2018",25,50,50,2018-11-13,"Tuesday"
"11/14/2018",25,50,50,2018-11-14,"Wednesday"
"11/15/2018",25,50,50,2018-11-15,"Thursday"
"11/16/2018",25,50,50,2018-11-16,"Friday"
"11/19/2018",25,50,50,2018-11-19,"Monday"
"11/20/2018",25,50,50,2018-11-20,"Tuesday"
"11/21/2018",25,50,50,2018-11-21,"Wednesday"
"11/22/2018",25,50,50,2018-11-22,"Thursday"
"11/23/2018",25,50,50,2018-11-23,"Friday"
"11/26/2018",25,50,50,2018-11-26,"Monday"
"11/27/2018",25,50,50,2018-11-27,"Tuesday"
"11/28/2018",25,50,50,2018-11-28,"Wednesday"
"11/29/2018",25,50,50,2018-11-29,"Thursday"
"11/30/2018",25,50,50,2018-11-30,"Friday"
"12/3/2018",25,50,50,2018-12-03,"Monday"
"12/4/2018",25,50,50,2018-12-04,"Tuesday"
"12/5/2018",25,50,50,2018-12-05,"Wednesday"
"12/6/2018",25,50,50,2018-12-06,"Thursday"
"12/7/2018",25,50,50,2018-12-07,"Friday"
"12/10/2018",25,50,50,2018-12-10,"Monday"
"12/11/2018",25,50,50,2018-12-11,"Tuesday"
"12/12/2018",25,50,50,2018-12-12,"Wednesday"
"12/13/2018",25,50,50,2018-12-13,"Thursday"
"12/14/2018",25,50,50,2018-12-14,"Friday"
"12/17/2018",25,50,50,2018-12-17,"Monday"
"12/18/2018",25,50,50,2018-12-18,"Tuesday"
"12/19/2018",25,50,50,2018-12-19,"Wednesday"
"12/20/2018",25,50,50,2018-12-20,"Thursday"
"12/21/2018",25,50,50,2018-12-21,"Friday"
"12/24/2018",25,50,50,2018-12-24,"Monday"
"12/25/2018",25,50,50,2018-12-25,"Tuesday"
"12/26/2018",25,50,50,2018-12-26,"Wednesday"
"12/27/2018",25,50,50,2018-12-27,"Thursday"
"12/28/2018",25,50,50,2018-12-28,"Friday"
"12/31/2018",25,50,50,2018-12-31,"Monday"
"1/1/2019",25,50,50,2019-01-01,"Tuesday"
"1/2/2019",25,50,50,2019-01-02,"Wednesday"
"1/3/2019",25,50,50,2019-01-03,"Thursday"
"1/4/2019",25,50,50,2019-01-04,"Friday"
"1/7/2019",25,50,50,2019-01-07,"Monday"
"1/8/2019",25,50,50,2019-01-08,"Tuesday"
"1/9/2019",25,50,50,2019-01-09,"Wednesday"
"1/10/2019",25,50,50,2019-01-10,"Thursday"
"1/11/2019",25,50,50,2019-01-11,"Friday"
"1/14/2019",25,50,50,2019-01-14,"Monday"
"1/15/2019",25,50,50,2019-01-15,"Tuesday"
"1/16/2019",25,50,50,2019-01-16,"Wednesday"
"1/17/2019",25,50,50,2019-01-17,"Thursday"
"1/18/2019",25,50,50,2019-01-18,"Friday"
"1/21/2019",25,50,50,2019-01-21,"Monday"
"1/22/2019",25,50,50,2019-01-22,"Tuesday"
"1/23/2019",25,50,50,2019-01-23,"Wednesday"
"1/24/2019",25,50,50,2019-01-24,"Thursday"
"1/25/2019",25,50,50,2019-01-25,"Friday"
"1/28/2019",25,50,50,2019-01-28,"Monday"
"1/29/2019",25,50,50,2019-01-29,"Tuesday"
"1/30/2019",25,50,50,2019-01-30,"Wednesday"
"1/31/2019",25,50,50,2019-01-31,"Thursday"
"2/1/2019",25,50,50,2019-02-01,"Friday"
"2/4/2019",25,50,50,2019-02-04,"Monday"
"2/5/2019",25,50,50,2019-02-05,"Tuesday"
"2/6/2019",25,50,50,2019-02-06,"Wednesday"
"2/7/2019",25,50,50,2019-02-07,"Thursday"
"2/8/2019",25,50,50,2019-02-08,"Friday"
"2/11/2019",25,50,50,2019-02-11,"Monday"
"2/12/2019",25,50,50,2019-02-12,"Tuesday"
"2/13/2019",25,50,50,2019-02-13,"Wednesday"
"2/14/2019",25,50,50,2019-02-14,"Thursday"
"2/15/2019",25,50,50,2019-02-15,"Friday"
"2/18/2019",25,50,50,2019-02-18,"Monday"
"2/19/2019",25,50,50,2019-02-19,"Tuesday"
"2/20/2019",25,50,50,2019-02-20,"Wednesday"
"2/21/2019",25,50,50,2019-02-21,"Thursday"
"2/22/2019",25,50,50,2019-02-22,"Friday"
"2/25/2019",25,50,50,2019-02-25,"Monday"
"2/26/2019",25,50,50,2019-02-26,"Tuesday"
"2/27/2019",25,50,50,2019-02-27,"Wednesday"
"2/28/2019",25,50,50,2019-02-28,"Thursday"
"3/1/2019",25,50,50,2019-03-01,"Friday"
"3/4/2019",25,50,50,2019-03-04,"Monday"
"3/5/2019",25,50,50,2019-03-05,"Tuesday"
"3/6/2019",25,50,50,2019-03-06,"Wednesday"
"3/7/2019",25,50,50,2019-03-07,"Thursday"
"3/8/2019",25,50,50,2019-03-08,"Friday"
"3/11/2019",25,50,50,2019-03-11,"Monday"
"3/12/2019",25,50,50,2019-03-12,"Tuesday"
"3/13/2019",25,50,50,2019-03-13,"Wednesday"
"3/14/2019",25,50,50,2019-03-14,"Thursday"
"3/15/2019",25,50,50,2019-03-15,"Friday"
"3/18/2019",25,50,50,2019-03-18,"Monday"
"3/19/2019",25,50,50,2019-03-19,"Tuesday"
"3/20/2019",25,50,50,2019-03-20,"Wednesday"
"3/21/2019",25,50,50,2019-03-21,"Thursday"
"3/22/2019",25,50,50,2019-03-22,"Friday"
"3/25/2019",25,50,50,2019-03-25,"Monday"
"3/26/2019",25,50,50,2019-03-26,"Tuesday"
"3/27/2019",25,50,50,2019-03-27,"Wednesday"
"3/28/2019",25,50,50,2019-03-28,"Thursday"
"3/29/2019",25,50,50,2019-03-29,"Friday"
"4/1/2019",25,50,50,2019-04-01,"Monday"
"4/2/2019",25,50,50,2019-04-02,"Tuesday"
"4/3/2019",25,50,50,2019-04-03,"Wednesday"
"4/4/2019",25,50,50,2019-04-04,"Thursday"
"4/5/2019",25,50,50,2019-04-05,"Friday"
"4/8/2019",25,50,50,2019-04-08,"Monday"
"4/9/2019",25,50,50,2019-04-09,"Tuesday"
"4/10/2019",25,50,50,2019-04-10,"Wednesday"
"4/11/2019",25,50,50,2019-04-11,"Thursday"
"4/12/2019",25,50,50,2019-04-12,"Friday"
"4/15/2019",25,50,50,2019-04-15,"Monday"
"4/16/2019",25,50,50,2019-04-16,"Tuesday"
"4/17/2019",25,50,50,2019-04-17,"Wednesday"
"4/18/2019",25,50,50,2019-04-18,"Thursday"
"4/19/2019",25,50,50,2019-04-19,"Friday"
"4/22/2019",25,50,50,2019-04-22,"Monday"
"4/23/2019",25,50,50,2019-04-23,"Tuesday"
"4/24/2019",25,50,50,2019-04-24,"Wednesday"
"4/25/2019",25,50,50,2019-04-25,"Thursday"
"4/26/2019",25,50,50,2019-04-26,"Friday"
"4/29/2019",25,50,50,2019-04-29,"Monday"
"4/30/2019",25,50,50,2019-04-30,"Tuesday"
"5/1/2019",25,50,50,2019-05-01,"Wednesday"
"5/2/2019",25,50,50,2019-05-02,"Thursday"
"5/3/2019",25,50,50,2019-05-03,"Friday"
"5/6/2019",25,50,50,2019-05-06,"Monday"
"5/7/2019",25,50,50,2019-05-07,"Tuesday"
"5/8/2019",25,50,50,2019-05-08,"Wednesday"
"5/9/2019",25,50,50,2019-05-09,"Thursday"
"5/10/2019",25,50,50,2019-05-10,"Friday"
"5/13/2019",25,50,50,2019-05-13,"Monday"
"5/14/2019",25,50,50,2019-05-14,"Tuesday"
"5/15/2019",25,50,50,2019-05-15,"Wednesday"
"5/16/2019",25,50,50,2019-05-16,"Thursday"
"5/17/2019",25,50,50,2019-05-17,"Friday"
"5/20/2019",25,50,50,2019-05-20,"Monday"
"5/21/2019",25,50,50,2019-05-21,"Tuesday"
"5/22/2019",25,50,50,2019-05-22,"Wednesday"
"5/23/2019",25,50,50,2019-05-23,"Thursday"
"5/24/2019",25,50,50,2019-05-24,"Friday"
"5/27/2019",25,50,50,2019-05-27,"Monday"
"5/28/2019",25,50,50,2019-05-28,"Tuesday"
"5/29/2019",25,50,50,2019-05-29,"Wednesday"
"5/30/2019",25,50,50,2019-05-30,"Thursday"
"5/31/2019",25,50,50,2019-05-31,"Friday"
"6/3/2019",25,50,50,2019-06-03,"Monday"
"6/4/2019",25,50,50,2019-06-04,"Tuesday"
"6/5/2019",25,50,50,2019-06-05,"Wednesday"
"6/6/2019",25,50,50,2019-06-06,"Thursday"
"6/7/2019",25,50,50,2019-06-07,"Friday"
"6/10/2019",25,50,50,2019-06-10,"Monday"
"6/11/2019",25,50,50,2019-06-11,"Tuesday"
"6/12/2019",25,50,50,2019-06-12,"Wednesday"
"6/13/2019",25,50,50,2019-06-13,"Thursday"
"6/14/2019",25,50,50,2019-06-14,"Friday"
"6/17/2019",25,50,50,2019-06-17,"Monday"
"6/18/2019",25,50,50,2019-06-18,"Tuesday"
"6/19/2019",25,50,50,2019-06-19,"Wednesday"
"6/20/2019",25,50,50,2019-06-20,"Thursday"
"6/21/2019",25,50,50,2019-06-21,"Friday"
"6/24/2019",25,50,50,2019-06-24,"Monday"
"6/25/2019",25,50,50,2019-06-25,"Tuesday"
"6/26/2019",25,50,50,2019-06-26,"Wednesday"
"6/27/2019",25,50,50,2019-06-27,"Thursday"
"6/28/2019",25,50,50,2019-06-28,"Friday"
"7/1/2019",25,50,50,2019-07-01,"Monday"
"7/2/2019",25,50,50,2019-07-02,"Tuesday"
"7/3/2019",25,50,50,2019-07-03,"Wednesday"
"7/4/2019",25,50,50,2019-07-04,"Thursday"
"7/5/2019",25,50,50,2019-07-05,"Friday"
"7/8/2019",25,50,50,2019-07-08,"Monday"
"7/9/2019",25,50,50,2019-07-09,"Tuesday"
"7/10/2019",25,50,50,2019-07-10,"Wednesday"
"7/11/2019",25,50,50,2019-07-11,"Thursday"
"7/12/2019",25,50,50,2019-07-12,"Friday"
"7/15/2019",25,50,50,2019-07-15,"Monday"
"7/16/2019",25,50,50,2019-07-16,"Tuesday"
"7/17/2019",25,50,50,2019-07-17,"Wednesday"
"7/18/2019",25,50,50,2019-07-18,"Thursday"
"7/19/2019",25,50,50,2019-07-19,"Friday"
"7/22/2019",25,50,50,2019-07-22,"Monday"
"7/23/2019",25,50,50,2019-07-23,"Tuesday"
"7/24/2019",25,50,50,2019-07-24,"Wednesday"
"7/25/2019",25,50,50,2019-07-25,"Thursday"
"7/26/2019",25,50,50,2019-07-26,"Friday"
"7/29/2019",25,50,50,2019-07-29,"Monday"
"7/30/2019",25,50,50,2019-07-30,"Tuesday"
"7/31/2019",25,50,50,2019-07-31,"Wednesday"
"8/1/2019",25,50,50,2019-08-01,"Thursday"
"8/2/2019",25,50,50,2019-08-02,"Friday"
"8/5/2019",25,50,50,2019-08-05,"Monday"
"8/6/2019",25,50,50,2019-08-06,"Tuesday"
"8/7/2019",25,50,50,2019-08-07,"Wednesday"
"8/8/2019",25,50,50,2019-08-08,"Thursday"
"8/9/2019",25,50,50,2019-08-09,"Friday"
"8/12/2019",25,50,50,2019-08-12,"Monday"
"8/13/2019",25,50,50,2019-08-13,"Tuesday"
"8/14/2019",25,50,50,2019-08-14,"Wednesday"
"8/15/2019",25,50,50,2019-08-15,"Thursday"
"8/16/2019",25,50,50,2019-08-16,"Friday"
"8/19/2019",25,50,50,2019-08-19,"Monday"
"8/20/2019",25,50,50,2019-08-20,"Tuesday"
"8/21/2019",25,50,50,2019-08-21,"Wednesday"
"8/22/2019",25,50,50,2019-08-22,"Thursday"
"8/23/2019",25,50,50,2019-08-23,"Friday"
"8/26/2019",25,50,50,2019-08-26,"Monday"
"8/27/2019",25,50,50,2019-08-27,"Tuesday"
"8/28/2019",25,50,50,2019-08-28,"Wednesday"
"8/29/2019",25,50,50,2019-08-29,"Thursday"
"8/30/2019",25,50,50,2019-08-30,"Friday"
"9/2/2019",25,50,50,2019-09-02,"Monday"
"9/3/2019",25,50,50,2019-09-03,"Tuesday"
"9/4/2019",25,50,50,2019-09-04,"Wednesday"
"9/5/2019",25,50,50,2019-09-05,"Thursday"
"9/6/2019",25,50,50,2019-09-06,"Friday"
"9/9/2019",25,50,50,2019-09-09,"Monday"
"9/10/2019",25,50,50,2019-09-10,"Tuesday"
"9/11/2019",25,50,50,2019-09-11,"Wednesday"
"9/12/2019",25,50,50,2019-09-12,"Thursday"
"9/13/2019",25,50,50,2019-09-13,"Friday"
"9/16/2019",25,50,50,2019-09-16,"Monday"
"9/17/2019",25,50,50,2019-09-17,"Tuesday"
"9/18/2019",25,50,50,2019-09-18,"Wednesday"
"9/19/2019",25,50,50,2019-09-19,"Thursday"
"9/20/2019",25,50,50,2019-09-20,"Friday"
"9/23/2019",25,50,50,2019-09-23,"Monday"
"9/24/2019",25,50,50,2019-09-24,"Tuesday"
"9/25/2019",25,50,50,2019-09-25,"Wednesday"
"9/26/2019",25,50,50,2019-09-26,"Thursday"
"9/27/2019",25,50,50,2019-09-27,"Friday"
"9/30/2019",25,50,50,2019-09-30,"Monday"
"10/1/2019",25,50,50,2019-10-01,"Tuesday"
"10/2/2019",25,50,50,2019-10-02,"Wednesday"
"10/3/2019",25,50,50,2019-10-03,"Thursday"
"10/4/2019",25,50,50,2019-10-04,"Friday"
"10/7/2019",25,50,50,2019-10-07,"Monday"
"10/8/2019",25,50,50,2019-10-08,"Tuesday"
"10/9/2019",25,50,50,2019-10-09,"Wednesday"
"10/10/2019",25,50,50,2019-10-10,"Thursday"
"10/11/2019",25,50,50,2019-10-11,"Friday"
"10/14/2019",25,50,50,2019-10-14,"Monday"
"10/15/2019",25,50,50,2019-10-15,"Tuesday"
"10/16/2019",25,50,50,2019-10-16,"Wednesday"
"10/17/2019",25,50,50,2019-10-17,"Thursday"
"10/18/2019",25,50,50,2019-10-18,"Friday"
"10/21/2019",25,50,50,2019-10-21,"Monday"
"10/22/2019",25,50,50,2019-10-22,"Tuesday"
"10/23/2019",25,50,50,2019-10-23,"Wednesday"
"10/24/2019",25,50,50,2019-10-24,"Thursday"
"10/25/2019",25,50,50,2019-10-25,"Friday"
"10/28/2019",25,50,50,2019-10-28,"Monday"
"10/29/2019",25,50,50,2019-10-29,"Tuesday"
"10/30/2019",25,50,50,2019-10-30,"Wednesday"
"10/31/2019",25,50,50,2019-10-31,"Thursday"
"11/1/2019",25,50,50,2019-11-01,"Friday"
"11/4/2019",25,50,50,2019-11-04,"Monday"
"11/5/2019",25,50,50,2019-11-05,"Tuesday"
"11/6/2019",25,50,50,2019-11-06,"Wednesday"
"11/7/2019",25,50,50,2019-11-07,"Thursday"
"11/8/2019",25,50,50,2019-11-08,"Friday"
"11/11/2019",25,50,50,2019-11-11,"Monday"
"11/12/2019",25,50,50,2019-11-12,"Tuesday"
"11/13/2019",25,50,50,2019-11-13,"Wednesday"
"11/14/2019",25,50,50,2019-11-14,"Thursday"
"11/15/2019",25,50,50,2019-11-15,"Friday"
"11/18/2019",25,50,50,2019-11-18,"Monday"
"11/19/2019",25,50,50,2019-11-19,"Tuesday"
"11/20/2019",25,50,50,2019-11-20,"Wednesday"
"11/21/2019",25,50,50,2019-11-21,"Thursday"
"11/22/2019",25,50,50,2019-11-22,"Friday"
"11/25/2019",25,50,50,2019-11-25,"Monday"
"11/26/2019",25,50,50,2019-11-26,"Tuesday"
"11/27/2019",25,50,50,2019-11-27,"Wednesday"
"11/28/2019",25,50,50,2019-11-28,"Thursday"
"11/29/2019",25,50,50,2019-11-29,"Friday"
"12/2/2019",25,50,50,2019-12-02,"Monday"
"12/3/2019",25,50,50,2019-12-03,"Tuesday"
"12/4/2019",25,50,50,2019-12-04,"Wednesday"
"12/5/2019",25,50,50,2019-12-05,"Thursday"
"12/6/2019",25,50,50,2019-12-06,"Friday"
"12/9/2019",25,50,50,2019-12-09,"Monday"
"12/10/2019",25,50,50,2019-12-10,"Tuesday"
"12/11/2019",25,50,50,2019-12-11,"Wednesday"
"12/12/2019",25,50,50,2019-12-12,"Thursday"
"12/13/2019",25,50,50,2019-12-13,"Friday"
"12/16/2019",25,50,50,2019-12-16,"Monday"
"12/17/2019",25,50,50,2019-12-17,"Tuesday"
"12/18/2019",25,50,50,2019-12-18,"Wednesday"
"12/19/2019",25,50,50,2019-12-19,"Thursday"
"12/20/2019",25,50,50,2019-12-20,"Friday"
"12/23/2019",25,50,50,2019-12-23,"Monday"
"12/24/2019",25,50,50,2019-12-24,"Tuesday"
"12/25/2019",25,50,50,2019-12-25,"Wednesday"
"12/26/2019",25,50,50,2019-12-26,"Thursday"
"12/27/2019",25,50,50,2019-12-27,"Friday"
"12/30/2019",25,50,50,2019-12-30,"Monday"
"12/31/2019",25,50,50,2019-12-31,"Tuesday"
"1/1/2020",25,50,50,2020-01-01,"Wednesday"
"1/2/2020",25,50,50,2020-01-02,"Thursday"
"1/3/2020",25,50,50,2020-01-03,"Friday"
"1/6/2020",25,50,50,2020-01-06,"Monday"
"1/7/2020",25,50,50,2020-01-07,"Tuesday"
"1/8/2020",25,50,50,2020-01-08,"Wednesday"
"1/9/2020",25,50,50,2020-01-09,"Thursday"
"1/10/2020",25,50,50,2020-01-10,"Friday"
"1/13/2020",25,50,50,2020-01-13,"Monday"
"1/14/2020",25,50,50,2020-01-14,"Tuesday"
"1/15/2020",25,50,50,2020-01-15,"Wednesday"
"1/16/2020",25,50,50,2020-01-16,"Thursday"
"1/17/2020",25,50,50,2020-01-17,"Friday"
"1/20/2020",25,50,50,2020-01-20,"Monday"
"1/21/2020",25,50,50,2020-01-21,"Tuesday"
"1/22/2020",25,50,50,2020-01-22,"Wednesday"
"1/23/2020",25,50,50,2020-01-23,"Thursday"
"1/24/2020",25,50,50,2020-01-24,"Friday"
"1/27/2020",25,50,50,2020-01-27,"Monday"
"1/28/2020",25,50,50,2020-01-28,"Tuesday"
"1/29/2020",25,50,50,2020-01-29,"Wednesday"
"1/30/2020",25,50,50,2020-01-30,"Thursday"
"1/31/2020",25,50,50,2020-01-31,"Friday"
"2/3/2020",25,50,50,2020-02-03,"Monday"
"2/4/2020",25,50,50,2020-02-04,"Tuesday"
"2/5/2020",25,50,50,2020-02-05,"Wednesday"
"2/6/2020",25,50,50,2020-02-06,"Thursday"
"2/7/2020",25,50,50,2020-02-07,"Friday"
"2/10/2020",25,50,50,2020-02-10,"Monday"
"2/11/2020",25,50,50,2020-02-11,"Tuesday"
"2/12/2020",25,50,50,2020-02-12,"Wednesday"
"2/13/2020",25,50,50,2020-02-13,"Thursday"
"2/14/2020",25,50,50,2020-02-14,"Friday"
"2/17/2020",25,50,50,2020-02-17,"Monday"
"2/18/2020",25,50,50,2020-02-18,"Tuesday"
"2/19/2020",25,50,50,2020-02-19,"Wednesday"
"2/20/2020",25,50,50,2020-02-20,"Thursday"
"2/21/2020",25,50,50,2020-02-21,"Friday"
"2/24/2020",25,50,50,2020-02-24,"Monday"
"2/25/2020",25,50,50,2020-02-25,"Tuesday"
"2/26/2020",25,50,50,2020-02-26,"Wednesday"
"2/27/2020",25,50,50,2020-02-27,"Thursday"
"2/28/2020",25,50,50,2020-02-28,"Friday"
"3/2/2020",25,50,50,2020-03-02,"Monday"
"3/3/2020",25,50,50,2020-03-03,"Tuesday"
"3/4/2020",25,50,50,2020-03-04,"Wednesday"
"3/5/2020",25,50,50,2020-03-05,"Thursday"
"3/6/2020",25,50,50,2020-03-06,"Friday"
"3/9/2020",25,50,50,2020-03-09,"Monday"
"3/10/2020",25,50,50,2020-03-10,"Tuesday"
"3/11/2020",25,50,50,2020-03-11,"Wednesday"
"3/12/2020",25,50,50,2020-03-12,"Thursday"
"3/13/2020",25,50,50,2020-03-13,"Friday"
"3/16/2020",25,50,50,2020-03-16,"Monday"
"3/17/2020",25,50,50,2020-03-17,"Tuesday"
"3/18/2020",25,50,50,2020-03-18,"Wednesday"
"3/19/2020",25,50,50,2020-03-19,"Thursday"
"3/20/2020",25,50,50,2020-03-20,"Friday"
"3/23/2020",25,50,50,2020-03-23,"Monday"
"3/24/2020",25,50,50,2020-03-24,"Tuesday"
"3/25/2020",25,50,50,2020-03-25,"Wednesday"
"3/26/2020",25,50,50,2020-03-26,"Thursday"
"3/27/2020",25,50,50,2020-03-27,"Friday"
"3/30/2020",25,50,50,2020-03-30,"Monday"
"3/31/2020",25,50,50,2020-03-31,"Tuesday"
"4/1/2020",25,50,50,2020-04-01,"Wednesday"
"4/2/2020",25,50,50,2020-04-02,"Thursday"
"4/3/2020",25,50,50,2020-04-03,"Friday"
"4/6/2020",25,50,50,2020-04-06,"Monday"
"4/7/2020",25,50,50,2020-04-07,"Tuesday"
"4/8/2020",25,50,50,2020-04-08,"Wednesday"
"4/9/2020",25,50,50,2020-04-09,"Thursday"
"4/10/2020",25,50,50,2020-04-10,"Friday"
"4/13/2020",25,50,50,2020-04-13,"Monday"
"4/14/2020",25,50,50,2020-04-14,"Tuesday"
"4/15/2020",25,50,50,2020-04-15,"Wednesday"
"4/16/2020",25,50,50,2020-04-16,"Thursday"
"4/17/2020",25,50,50,2020-04-17,"Friday"
"4/20/2020",25,50,50,2020-04-20,"Monday"
"4/21/2020",25,50,50,2020-04-21,"Tuesday"
"4/22/2020",25,50,50,2020-04-22,"Wednesday"
"4/23/2020",25,50,50,2020-04-23,"Thursday"
"4/24/2020",25,50,50,2020-04-24,"Friday"
"4/27/2020",25,50,50,2020-04-27,"Monday"
"4/28/2020",25,50,50,2020-04-28,"Tuesday"
"4/29/2020",25,50,50,2020-04-29,"Wednesday"
"4/30/2020",25,50,50,2020-04-30,"Thursday"
"5/1/2020",25,50,50,2020-05-01,"Friday"
"5/4/2020",25,50,50,2020-05-04,"Monday"
"5/5/2020",25,50,50,2020-05-05,"Tuesday"
"5/6/2020",25,50,50,2020-05-06,"Wednesday"
"5/7/2020",25,50,50,2020-05-07,"Thursday"
"5/8/2020",25,50,50,2020-05-08,"Friday"
"5/11/2020",25,50,50,2020-05-11,"Monday"
"5/12/2020",25,50,50,2020-05-12,"Tuesday"
"5/13/2020",25,50,50,2020-05-13,"Wednesday"
"5/14/2020",25,50,50,2020-05-14,"Thursday"
"5/15/2020",25,50,50,2020-05-15,"Friday"
"5/18/2020",25,50,50,2020-05-18,"Monday"
"5/19/2020",25,50,50,2020-05-19,"Tuesday"
"5/20/2020",25,50,50,2020-05-20,"Wednesday"
"5/21/2020",25,50,50,2020-05-21,"Thursday"
"5/22/2020",25,50,50,2020-05-22,"Friday"
"5/25/2020",25,50,50,2020-05-25,"Monday"
"5/26/2020",25,50,50,2020-05-26,"Tuesday"
"5/27/2020",25,50,50,2020-05-27,"Wednesday"
"5/28/2020",25,50,50,2020-05-28,"Thursday"
"5/29/2020",25,50,50,2020-05-29,"Friday"
"6/1/2020",25,50,50,2020-06-01,"Monday"
"6/2/2020",25,50,50,2020-06-02,"Tuesday"
"6/3/2020",25,50,50,2020-06-03,"Wednesday"
"6/4/2020",25,50,50,2020-06-04,"Thursday"
"6/5/2020",25,50,50,2020-06-05,"Friday"
"6/8/2020",25,50,50,2020-06-08,"Monday"
"6/9/2020",25,50,50,2020-06-09,"Tuesday"
"6/10/2020",25,50,50,2020-06-10,"Wednesday"
"6/11/2020",25,50,50,2020-06-11,"Thursday"
"6/12/2020",25,50,50,2020-06-12,"Friday"
"6/15/2020",25,50,50,2020-06-15,"Monday"
"6/16/2020",25,50,50,2020-06-16,"Tuesday"
"6/17/2020",25,50,50,2020-06-17,"Wednesday"
"6/18/2020",25,50,50,2020-06-18,"Thursday"
"6/19/2020",25,50,50,2020-06-19,"Friday"
"6/22/2020",25,50,50,2020-06-22,"Monday"
"6/23/2020",25,50,50,2020-06-23,"Tuesday"
"6/24/2020",25,50,50,2020-06-24,"Wednesday"
"6/25/2020",25,50,50,2020-06-25,"Thursday"
"6/26/2020",25,50,50,2020-06-26,"Friday"
"6/29/2020",25,50,50,2020-06-29,"Monday"
"6/30/2020",25,50,50,2020-06-30,"Tuesday"
"7/1/2020",25,50,50,2020-07-01,"Wednesday"
"7/2/2020",25,50,50,2020-07-02,"Thursday"
"7/3/2020",25,50,50,2020-07-03,"Friday"
"7/6/2020",25,50,50,2020-07-06,"Monday"
"7/7/2020",25,50,50,2020-07-07,"Tuesday"
"7/8/2020",25,50,50,2020-07-08,"Wednesday"
"7/9/2020",25,50,50,2020-07-09,"Thursday"
"7/10/2020",25,50,50,2020-07-10,"Friday"
"7/13/2020",25,50,50,2020-07-13,"Monday"
"7/14/2020",25,50,50,2020-07-14,"Tuesday"
"7/15/2020",25,50,50,2020-07-15,"Wednesday"
"7/16/2020",25,50,50,2020-07-16,"Thursday"
"7/17/2020",25,50,50,2020-07-17,"Friday"
"7/20/2020",25,50,50,2020-07-20,"Monday"
"7/21/2020",25,50,50,2020-07-21,"Tuesday"
"7/22/2020",25,50,50,2020-07-22,"Wednesday"
"7/23/2020",25,50,50,2020-07-23,"Thursday"
"7/24/2020",25,50,50,2020-07-24,"Friday"
"7/27/2020",25,50,50,2020-07-27,"Monday"
"7/28/2020",25,50,50,2020-07-28,"Tuesday"
"7/29/2020",25,50,50,2020-07-29,"Wednesday"
"7/30/2020",25,50,50,2020-07-30,"Thursday"
"7/31/2020",25,50,50,2020-07-31,"Friday"
"8/3/2020",25,50,50,2020-08-03,"Monday"
"8/4/2020",25,50,50,2020-08-04,"Tuesday"
"8/5/2020",25,50,50,2020-08-05,"Wednesday"
"8/6/2020",25,50,50,2020-08-06,"Thursday"
"8/7/2020",25,50,50,2020-08-07,"Friday"
"8/10/2020",25,50,50,2020-08-10,"Monday"
"8/11/2020",25,50,50,2020-08-11,"Tuesday"
"8/12/2020",25,50,50,2020-08-12,"Wednesday"
"8/13/2020",25,50,50,2020-08-13,"Thursday"
"8/14/2020",25,50,50,2020-08-14,"Friday"
"8/17/2020",25,50,50,2020-08-17,"Monday"
"8/18/2020",25,50,50,2020-08-18,"Tuesday"
"8/19/2020",25,50,50,2020-08-19,"Wednesday"
"8/20/2020",25,50,50,2020-08-20,"Thursday"
"8/21/2020",25,50,50,2020-08-21,"Friday"
"8/24/2020",25,50,50,2020-08-24,"Monday"
"8/25/2020",25,50,50,2020-08-25,"Tuesday"
"8/26/2020",25,50,50,2020-08-26,"Wednesday"
"8/27/2020",25,50,50,2020-08-27,"Thursday"
"8/28/2020",25,50,50,2020-08-28,"Friday"
"8/31/2020",25,50,50,2020-08-31,"Monday"
"9/1/2020",25,50,50,2020-09-01,"Tuesday"
"9/2/2020",25,50,50,2020-09-02,"Wednesday"
"9/3/2020",25,50,50,2020-09-03,"Thursday"
"9/4/2020",25,50,50,2020-09-04,"Friday"
"9/7/2020",25,50,50,2020-09-07,"Monday"
"9/8/2020",25,50,50,2020-09-08,"Tuesday"
"9/9/2020",25,50,50,2020-09-09,"Wednesday"
"9/10/2020",25,50,50,2020-09-10,"Thursday"
"9/11/2020",25,50,50,2020-09-11,"Friday"
"9/14/2020",25,50,50,2020-09-14,"Monday"
"9/15/2020",25,50,50,2020-09-15,"Tuesday"
"9/16/2020",25,50,50,2020-09-16,"Wednesday"
"9/17/2020",25,50,50,2020-09-17,"Thursday"
"9/18/2020",25,50,50,2020-09-18,"Friday"
"9/21/2020",25,50,50,2020-09-21,"Monday"
"9/22/2020",25,50,50,2020-09-22,"Tuesday"
"9/23/2020",25,50,50,2020-09-23,"Wednesday"
"9/24/2020",25,50,50,2020-09-24,"Thursday"
"9/25/2020",25,50,50,2020-09-25,"Friday"
"9/28/2020",25,50,50,2020-09-28,"Monday"
"9/29/2020",25,50,50,2020-09-29,"Tuesday"
"9/30/2020",25,50,50,2020-09-30,"Wednesday"
"10/1/2020",25,50,50,2020-10-01,"Thursday"
"10/2/2020",25,50,50,2020-10-02,"Friday"
"10/5/2020",25,50,50,2020-10-05,"Monday"
"10/6/2020",25,50,50,2020-10-06,"Tuesday"
"10/7/2020",25,50,50,2020-10-07,"Wednesday"
"10/8/2020",25,50,50,2020-10-08,"Thursday"
"10/9/2020",25,50,50,2020-10-09,"Friday"
"10/12/2020",25,50,50,2020-10-12,"Monday"
"10/13/2020",25,50,50,2020-10-13,"Tuesday"
"10/14/2020",25,50,50,2020-10-14,"Wednesday"
"10/15/2020",25,50,50,2020-10-15,"Thursday"
"10/16/2020",25,50,50,2020-10-16,"Friday"
"10/19/2020",25,50,50,2020-10-19,"Monday"
"10/20/2020",25,50,50,2020-10-20,"Tuesday"
"10/21/2020",25,50,50,2020-10-21,"Wednesday"
"10/22/2020",25,50,50,2020-10-22,"Thursday"
"10/23/2020",25,50,50,2020-10-23,"Friday"
"10/26/2020",25,50,50,2020-10-26,"Monday"
"10/27/2020",25,50,50,2020-10-27,"Tuesday"
"10/28/2020",25,50,50,2020-10-28,"Wednesday"
"10/29/2020",25,50,50,2020-10-29,"Thursday"
"10/30/2020",25,50,50,2020-10-30,"Friday"
"11/2/2020",25,50,50,2020-11-02,"Monday"
"11/3/2020",25,50,50,2020-11-03,"Tuesday"
"11/4/2020",25,50,50,2020-11-04,"Wednesday"
"11/5/2020",25,50,50,2020-11-05,"Thursday"
"11/6/2020",25,50,50,2020-11-06,"Friday"
"11/9/2020",25,50,50,2020-11-09,"Monday"
"11/10/2020",25,50,50,2020-11-10,"Tuesday"
"11/11/2020",25,50,50,2020-11-11,"Wednesday"
"11/12/2020",25,50,50,2020-11-12,"Thursday"
"11/13/2020",25,50,50,2020-11-13,"Friday"
"11/16/2020",25,50,50,2020-11-16,"Monday"
"11/17/2020",25,50,50,2020-11-17,"Tuesday"
"11/18/2020",25,50,50,2020-11-18,"Wednesday"
"11/19/2020",25,50,50,2020-11-19,"Thursday"
"11/20/2020",25,50,50,2020-11-20,"Friday"
"11/23/2020",25,50,50,2020-11-23,"Monday"
"11/24/2020",25,50,50,2020-11-24,"Tuesday"
"11/25/2020",25,50,50,2020-11-25,"Wednesday"
"11/26/2020",25,50,50,2020-11-26,"Thursday"
"11/27/2020",25,50,50,2020-11-27,"Friday"
"11/30/2020",25,50,50,2020-11-30,"Monday"
"12/1/2020",25,50,50,2020-12-01,"Tuesday"
"12/2/2020",25,50,50,2020-12-02,"Wednesday"
"12/3/2020",25,50,50,2020-12-03,"Thursday"
"12/4/2020",25,50,50,2020-12-04,"Friday"
"12/7/2020",25,50,50,2020-12-07,"Monday"
"12/8/2020",25,50,50,2020-12-08,"Tuesday"
"12/9/2020",25,50,50,2020-12-09,"Wednesday"
"12/10/2020",25,50,50,2020-12-10,"Thursday"
"12/11/2020",25,50,50,2020-12-11,"Friday"
"12/14/2020",25,50,50,2020-12-14,"Monday"
"12/15/2020",25,50,50,2020-12-15,"Tuesday"
"12/16/2020",25,50,50,2020-12-16,"Wednesday"
"12/17/2020",25,50,50,2020-12-17,"Thursday"
"12/18/2020",25,50,50,2020-12-18,"Friday"
"12/21/2020",25,50,50,2020-12-21,"Monday"
"12/22/2020",25,50,50,2020-12-22,"Tuesday"
"12/23/2020",25,50,50,2020-12-23,"Wednesday"
"12/24/2020",25,50,50,2020-12-24,"Thursday"
"12/25/2020",25,50,50,2020-12-25,"Friday"
"12/28/2020",25,50,50,2020-12-28,"Monday"
"12/29/2020",25,50,50,2020-12-29,"Tuesday"
"12/30/2020",25,50,50,2020-12-30,"Wednesday"
"12/31/2020",25,50,50,2020-12-31,"Thursday"
"1/1/2021",25,50,50,2021-01-01,"Friday"
"1/4/2021",25,50,50,2021-01-04,"Monday"
"1/5/2021",25,50,50,2021-01-05,"Tuesday"
"1/6/2021",25,50,50,2021-01-06,"Wednesday"
"1/7/2021",25,50,50,2021-01-07,"Thursday"
"1/8/2021",25,50,50,2021-01-08,"Friday"
"1/11/2021",25,50,50,2021-01-11,"Monday"
"1/12/2021",25,50,50,2021-01-12,"Tuesday"
"1/13/2021",25,50,50,2021-01-13,"Wednesday"
"1/14/2021",25,50,50,2021-01-14,"Thursday"
"1/15/2021",25,50,50,2021-01-15,"Friday"
"1/18/2021",25,50,50,2021-01-18,"Monday"
"1/19/2021",25,50,50,2021-01-19,"Tuesday"
"1/20/2021",25,50,50,2021-01-20,"Wednesday"
"1/21/2021",25,50,50,2021-01-21,"Thursday"
"1/22/2021",25,50,50,2021-01-22,"Friday"
"1/25/2021",25,50,50,2021-01-25,"Monday"
"1/26/2021",25,50,50,2021-01-26,"Tuesday"
"1/27/2021",25,50,50,2021-01-27,"Wednesday"
"1/28/2021",25,50,50,2021-01-28,"Thursday"
"1/29/2021",25,50,50,2021-01-29,"Friday"
"2/1/2021",25,50,50,2021-02-01,"Monday"
"2/2/2021",25,50,50,2021-02-02,"Tuesday"
"2/3/2021",25,50,50,2021-02-03,"Wednesday"
"2/4/2021",25,50,50,2021-02-04,"Thursday"
"2/5/2021",25,50,50,2021-02-05,"Friday"
"2/8/2021",25,50,50,2021-02-08,"Monday"
"2/9/2021",25,50,50,2021-02-09,"Tuesday"
"2/10/2021",25,50,50,2021-02-10,"Wednesday"
"2/11/2021",25,50,50,2021-02-11,"Thursday"
"2/12/2021",25,50,50,2021-02-12,"Friday"
"2/15/2021",25,50,50,2021-02-15,"Monday"
"2/16/2021",25,50,50,2021-02-16,"Tuesday"
"2/17/2021",25,50,50,2021-02-17,"Wednesday"
"2/18/2021",25,50,50,2021-02-18,"Thursday"
"2/19/2021",25,50,50,2021-02-19,"Friday"
"2/22/2021",25,50,50,2021-02-22,"Monday"
"2/23/2021",25,50,50,2021-02-23,"Tuesday"
"2/24/2021",25,50,50,2021-02-24,"Wednesday"
"2/25/2021",25,50,50,2021-02-25,"Thursday"
"2/26/2021",25,50,50,2021-02-26,"Friday"
"3/1/2021",25,50,50,2021-03-01,"Monday"
"3/2/2021",25,50,50,2021-03-02,"Tuesday"
"3/3/2021",25,50,50,2021-03-03,"Wednesday"
"3/4/2021",25,50,50,2021-03-04,"Thursday"
"3/5/2021",25,50,50,2021-03-05,"Friday"
"3/8/2021",25,50,50,2021-03-08,"Monday"
"3/9/2021",25,50,50,2021-03-09,"Tuesday"
"3/10/2021",25,50,50,2021-03-10,"Wednesday"
"3/11/2021",25,50,50,2021-03-11,"Thursday"
"3/12/2021",25,50,50,2021-03-12,"Friday"
"3/15/2021",25,50,50,2021-03-15,"Monday"
"3/16/2021",25,50,50,2021-03-16,"Tuesday"
"3/17/2021",25,50,50,2021-03-17,"Wednesday"
"3/18/2021",25,50,50,2021-03-18,"Thursday"
"3/19/2021",25,50,50,2021-03-19,"Friday"
"3/22/2021",25,50,50,2021-03-22,"Monday"
"3/23/2021",25,50,50,2021-03-23,"Tuesday"
"3/24/2021",25,50,50,2021-03-24,"Wednesday"
"3/25/2021",25,50,50,2021-03-25,"Thursday"
"3/26/2021",25,50,50,2021-03-26,"Friday"
"3/29/2021",25,50,50,2021-03-29,"Monday"
"3/30/2021",25,50,50,2021-03-30,"Tuesday"
"3/31/2021",25,50,50,2021-03-31,"Wednesday"
"4/1/2021",25,50,50,2021-04-01,"Thursday"
"4/2/2021",25,50,50,2021-04-02,"Friday"
"4/5/2021",25,50,50,2021-04-05,"Monday"
"4/6/2021",25,50,50,2021-04-06,"Tuesday"
"4/7/2021",25,50,50,2021-04-07,"Wednesday"
"4/8/2021",25,50,50,2021-04-08,"Thursday"
"4/9/2021",25,50,50,2021-04-09,"Friday"
"4/12/2021",25,50,50,2021-04-12,"Monday"
"4/13/2021",25,50,50,2021-04-13,"Tuesday"
"4/14/2021",25,50,50,2021-04-14,"Wednesday"
"4/15/2021",25,50,50,2021-04-15,"Thursday"
"4/16/2021",25,50,50,2021-04-16,"Friday"
"4/19/2021",25,50,50,2021-04-19,"Monday"
"4/20/2021",25,50,50,2021-04-20,"Tuesday"
"4/21/2021",25,50,50,2021-04-21,"Wednesday"
"4/22/2021",25,50,50,2021-04-22,"Thursday"
"4/23/2021",25,50,50,2021-04-23,"Friday"
"4/26/2021",25,50,50,2021-04-26,"Monday"
"4/27/2021",25,50,50,2021-04-27,"Tuesday"
"4/28/2021",25,50,50,2021-04-28,"Wednesday"
"4/29/2021",25,50,50,2021-04-29,"Thursday"
"4/30/2021",25,50,50,2021-04-30,"Friday"
"5/3/2021",25,50,50,2021-05-03,"Monday"
"5/4/2021",25,50,50,2021-05-04,"Tuesday"
"5/5/2021",25,50,50,2021-05-05,"Wednesday"
"5/6/2021",25,50,50,2021-05-06,"Thursday"
"5/7/2021",25,50,50,2021-05-07,"Friday"
"5/10/2021",25,50,50,2021-05-10,"Monday"
"5/11/2021",25,50,50,2021-05-11,"Tuesday"
"5/12/2021",25,50,50,2021-05-12,"Wednesday"
"5/13/2021",25,50,50,2021-05-13,"Thursday"
"5/14/2021",25,50,50,2021-05-14,"Friday"
"5/17/2021",25,50,50,2021-05-17,"Monday"
"5/18/2021",25,50,50,2021-05-18,"Tuesday"
"5/19/2021",25,50,50,2021-05-19,"Wednesday"
"5/20/2021",25,50,50,2021-05-20,"Thursday"
"5/21/2021",25,50,50,2021-05-21,"Friday"
"5/24/2021",25,50,50,2021-05-24,"Monday"
"5/25/2021",25,50,50,2021-05-25,"Tuesday"
"5/26/2021",25,50,50,2021-05-26,"Wednesday"
"5/27/2021",25,50,50,2021-05-27,"Thursday"
"5/28/2021",25,50,50,2021-05-28,"Friday"
"5/31/2021",25,50,50,2021-05-31,"Monday"
"6/1/2021",25,50,50,2021-06-01,"Tuesday"
"6/2/2021",25,50,50,2021-06-02,"Wednesday"
"6/3/2021",25,50,50,2021-06-03,"Thursday"
"6/4/2021",25,50,50,2021-06-04,"Friday"
"6/7/2021",25,50,50,2021-06-07,"Monday"
"6/8/2021",25,50,50,2021-06-08,"Tuesday"
"6/9/2021",25,50,50,2021-06-09,"Wednesday"
"6/10/2021",25,50,50,2021-06-10,"Thursday"
"6/11/2021",25,50,50,2021-06-11,"Friday"
"6/14/2021",25,50,50,2021-06-14,"Monday"
"6/15/2021",25,50,50,2021-06-15,"Tuesday"
"6/16/2021",25,50,50,2021-06-16,"Wednesday"
"6/17/2021",25,50,50,2021-06-17,"Thursday"
"6/18/2021",25,50,50,2021-06-18,"Friday"
"6/21/2021",25,50,50,2021-06-21,"Monday"
"6/22/2021",25,50,50,2021-06-22,"Tuesday"
"6/23/2021",25,50,50,2021-06-23,"Wednesday"
"6/24/2021",25,50,50,2021-06-24,"Thursday"
"6/25/2021",25,50,50,2021-06-25,"Friday"
"6/28/2021",25,50,50,2021-06-28,"Monday"
"6/29/2021",25,50,50,2021-06-29,"Tuesday"
"6/30/2021",25,50,50,2021-06-30,"Wednesday"
"7/1/2021",25,50,50,2021-07-01,"Thursday"
"7/2/2021",25,50,50,2021-07-02,"Friday"
"7/5/2021",25,50,50,2021-07-05,"Monday"
"7/6/2021",25,50,50,2021-07-06,"Tuesday"
"7/7/2021",25,50,50,2021-07-07,"Wednesday"
"7/8/2021",25,50,50,2021-07-08,"Thursday"
"7/9/2021",25,50,50,2021-07-09,"Friday"
"7/12/2021",25,50,50,2021-07-12,"Monday"
"7/13/2021",25,50,50,2021-07-13,"Tuesday"
"7/14/2021",25,50,50,2021-07-14,"Wednesday"
"7/15/2021",25,50,50,2021-07-15,"Thursday"
"7/16/2021",25,50,50,2021-07-16,"Friday"
"7/19/2021",25,50,50,2021-07-19,"Monday"
"7/20/2021",25,50,50,2021-07-20,"Tuesday"
"7/21/2021",25,50,50,2021-07-21,"Wednesday"
"7/22/2021",25,50,50,2021-07-22,"Thursday"
"7/23/2021",25,50,50,2021-07-23,"Friday"
"7/26/2021",25,50,50,2021-07-26,"Monday"
"7/27/2021",25,50,50,2021-07-27,"Tuesday"
"7/28/2021",25,50,50,2021-07-28,"Wednesday"
"7/29/2021",25,50,50,2021-07-29,"Thursday"
"7/30/2021",25,50,50,2021-07-30,"Friday"
"8/2/2021",25,50,50,2021-08-02,"Monday"
"8/3/2021",25,50,50,2021-08-03,"Tuesday"
"8/4/2021",25,50,50,2021-08-04,"Wednesday"
"8/5/2021",25,50,50,2021-08-05,"Thursday"
"8/6/2021",25,50,50,2021-08-06,"Friday"
"8/9/2021",25,50,50,2021-08-09,"Monday"
"8/10/2021",25,50,50,2021-08-10,"Tuesday"
"8/11/2021",25,50,50,2021-08-11,"Wednesday"
"8/12/2021",25,50,50,2021-08-12,"Thursday"
"8/13/2021",25,50,50,2021-08-13,"Friday"
"8/16/2021",25,50,50,2021-08-16,"Monday"
"8/17/2021",25,50,50,2021-08-17,"Tuesday"
"8/18/2021",25,50,50,2021-08-18,"Wednesday"
"8/19/2021",25,50,50,2021-08-19,"Thursday"
"8/20/2021",25,50,50,2021-08-20,"Friday"
"8/23/2021",25,50,50,2021-08-23,"Monday"
"8/24/2021",25,50,50,2021-08-24,"Tuesday"
"8/25/2021",25,50,50,2021-08-25,"Wednesday"
"8/26/2021",25,50,50,2021-08-26,"Thursday"
"8/27/2021",25,50,50,2021-08-27,"Friday"
"8/30/2021",25,50,50,2021-08-30,"Monday"
"8/31/2021",25,50,50,2021-08-31,"Tuesday"
"9/1/2021",25,50,50,2021-09-01,"Wednesday"
"9/2/2021",25,50,50,2021-09-02,"Thursday"
"9/3/2021",25,50,50,2021-09-03,"Friday"
"9/6/2021",25,50,50,2021-09-06,"Monday"
"9/7/2021",25,50,50,2021-09-07,"Tuesday"
"9/8/2021",25,50,50,2021-09-08,"Wednesday"
"9/9/2021",25,50,50,2021-09-09,"Thursday"
"9/10/2021",25,50,50,2021-09-10,"Friday"
"9/13/2021",25,50,50,2021-09-13,"Monday"
"9/14/2021",25,50,50,2021-09-14,"Tuesday"
"9/15/2021",25,50,50,2021-09-15,"Wednesday"
"9/16/2021",25,50,50,2021-09-16,"Thursday"
"9/17/2021",25,50,50,2021-09-17,"Friday"
"9/20/2021",25,50,50,2021-09-20,"Monday"
"9/21/2021",25,50,50,2021-09-21,"Tuesday"
"9/22/2021",25,50,50,2021-09-22,"Wednesday"
"9/23/2021",25,50,50,2021-09-23,"Thursday"
"9/24/2021",25,50,50,2021-09-24,"Friday"
"9/27/2021",25,50,50,2021-09-27,"Monday"
"9/28/2021",25,50,50,2021-09-28,"Tuesday"
"9/29/2021",25,50,50,2021-09-29,"Wednesday"
"9/30/2021",25,50,50,2021-09-30,"Thursday"
"10/1/2021",25,50,50,2021-10-01,"Friday"
"10/4/2021",25,50,50,2021-10-04,"Monday"
"10/5/2021",25,50,50,2021-10-05,"Tuesday"
"10/6/2021",25,50,50,2021-10-06,"Wednesday"
"10/7/2021",25,50,50,2021-10-07,"Thursday"
"10/8/2021",25,50,50,2021-10-08,"Friday"
"10/11/2021",25,50,50,2021-10-11,"Monday"
"10/12/2021",25,50,50,2021-10-12,"Tuesday"
"10/13/2021",25,50,50,2021-10-13,"Wednesday"
"10/14/2021",25,50,50,2021-10-14,"Thursday"
"10/15/2021",25,50,50,2021-10-15,"Friday"
"10/18/2021",25,50,50,2021-10-18,"Monday"
"10/19/2021",25,50,50,2021-10-19,"Tuesday"
"10/20/2021",25,50,50,2021-10-20,"Wednesday"
"10/21/2021",25,50,50,2021-10-21,"Thursday"
"10/22/2021",25,50,50,2021-10-22,"Friday"
"10/25/2021",25,50,50,2021-10-25,"Monday"
"10/26/2021",25,50,50,2021-10-26,"Tuesday"
"10/27/2021",25,50,50,2021-10-27,"Wednesday"
"10/28/2021",25,50,50,2021-10-28,"Thursday"
"10/29/2021",25,50,50,2021-10-29,"Friday"
"11/1/2021",25,50,50,2021-11-01,"Monday"
"11/2/2021",25,50,50,2021-11-02,"Tuesday"
"11/3/2021",25,50,50,2021-11-03,"Wednesday"
"11/4/2021",25,50,50,2021-11-04,"Thursday"
"11/5/2021",25,50,50,2021-11-05,"Friday"
"11/8/2021",25,50,50,2021-11-08,"Monday"
"11/9/2021",25,50,50,2021-11-09,"Tuesday"
"11/10/2021",25,50,50,2021-11-10,"Wednesday"
"11/11/2021",25,50,50,2021-11-11,"Thursday"
"11/12/2021",25,50,50,2021-11-12,"Friday"
"11/15/2021",25,50,50,2021-11-15,"Monday"
"11/16/2021",25,50,50,2021-11-16,"Tuesday"
"11/17/2021",25,50,50,2021-11-17,"Wednesday"
"11/18/2021",25,50,50,2021-11-18,"Thursday"
"11/19/2021",25,50,50,2021-11-19,"Friday"
"11/22/2021",25,50,50,2021-11-22,"Monday"
"11/23/2021",25,50,50,2021-11-23,"Tuesday"
"11/24/2021",25,50,50,2021-11-24,"Wednesday"
"11/25/2021",25,50,50,2021-11-25,"Thursday"
"11/26/2021",25,50,50,2021-11-26,"Friday"
"11/29/2021",25,50,50,2021-11-29,"Monday"
"11/30/2021",25,50,50,2021-11-30,"Tuesday"
"12/1/2021",25,50,50,2021-12-01,"Wednesday"
"12/2/2021",25,50,50,2021-12-02,"Thursday"
"12/3/2021",25,50,50,2021-12-03,"Friday"
"12/6/2021",25,50,50,2021-12-06,"Monday"
"12/7/2021",25,50,50,2021-12-07,"Tuesday"
"12/8/2021",25,50,50,2021-12-08,"Wednesday"
"12/9/2021",25,50,50,2021-12-09,"Thursday"
"12/10/2021",25,50,50,2021-12-10,"Friday"
"12/13/2021",25,50,50,2021-12-13,"Monday"
"12/14/2021",25,50,50,2021-12-14,"Tuesday"
"12/15/2021",25,50,50,2021-12-15,"Wednesday"
"12/16/2021",25,50,50,2021-12-16,"Thursday"
"12/17/2021",25,50,50,2021-12-17,"Friday"
"12/20/2021",25,50,50,2021-12-20,"Monday"
"12/21/2021",25,50,50,2021-12-21,"Tuesday"
"12/22/2021",25,50,50,2021-12-22,"Wednesday"
"12/23/2021",25,50,50,2021-12-23,"Thursday"
"12/24/2021",25,50,50,2021-12-24,"Friday"
"12/27/2021",25,50,50,2021-12-27,"Monday"
"12/28/2021",25,50,50,2021-12-28,"Tuesday"
"12/29/2021",25,50,50,2021-12-29,"Wednesday"
"12/30/2021",25,50,50,2021-12-30,"Thursday"
"12/31/2021",25,50,50,2021-12-31,"Friday"
"1/3/2022",25,50,50,2022-01-03,"Monday"
"1/4/2022",25,50,50,2022-01-04,"Tuesday"
"1/5/2022",25,50,50,2022-01-05,"Wednesday"
"1/6/2022",25,50,50,2022-01-06,"Thursday"
"1/7/2022",25,50,50,2022-01-07,"Friday"
"1/10/2022",25,50,50,2022-01-10,"Monday"
"1/11/2022",25,50,50,2022-01-11,"Tuesday"
"1/12/2022",25,50,50,2022-01-12,"Wednesday"
"1/13/2022",25,50,50,2022-01-13,"Thursday"
"1/14/2022",25,50,50,2022-01-14,"Friday"
"1/17/2022",25,50,50,2022-01-17,"Monday"
"1/18/2022",25,50,50,2022-01-18,"Tuesday"
"1/19/2022",25,50,50,2022-01-19,"Wednesday"
"1/20/2022",25,50,50,2022-01-20,"Thursday"
"1/21/2022",25,50,50,2022-01-21,"Friday"
"1/24/2022",25,50,50,2022-01-24,"Monday"
"1/25/2022",25,50,50,2022-01-25,"Tuesday"
"1/26/2022",25,50,50,2022-01-26,"Wednesday"
"1/27/2022",25,50,50,2022-01-27,"Thursday"
"1/28/2022",25,50,50,2022-01-28,"Friday"
"1/31/2022",25,50,50,2022-01-31,"Monday"
"2/1/2022",25,50,50,2022-02-01,"Tuesday"
"2/2/2022",25,50,50,2022-02-02,"Wednesday"
"2/3/2022",25,50,50,2022-02-03,"Thursday"
"2/4/2022",25,50,50,2022-02-04,"Friday"
"2/7/2022",25,50,50,2022-02-07,"Monday"
"2/8/2022",25,50,50,2022-02-08,"Tuesday"
"2/9/2022",25,50,50,2022-02-09,"Wednesday"
"2/10/2022",25,50,50,2022-02-10,"Thursday"
"2/11/2022",25,50,50,2022-02-11,"Friday"
"2/14/2022",25,50,50,2022-02-14,"Monday"
"2/15/2022",25,50,50,2022-02-15,"Tuesday"
"2/16/2022",25,50,50,2022-02-16,"Wednesday"
"2/17/2022",25,50,50,2022-02-17,"Thursday"
"2/18/2022",25,50,50,2022-02-18,"Friday"
"2/21/2022",25,50,50,2022-02-21,"Monday"
"2/22/2022",25,50,50,2022-02-22,"Tuesday"
"2/23/2022",25,50,50,2022-02-23,"Wednesday"
"2/24/2022",25,50,50,2022-02-24,"Thursday"
"2/25/2022",25,50,50,2022-02-25,"Friday"
"2/28/2022",25,50,50,2022-02-28,"Monday"
"3/1/2022",25,50,50,2022-03-01,"Tuesday"
"3/2/2022",25,50,50,2022-03-02,"Wednesday"
"3/3/2022",25,50,50,2022-03-03,"Thursday"
"3/4/2022",25,50,50,2022-03-04,"Friday"
"3/7/2022",25,50,50,2022-03-07,"Monday"
"3/8/2022",25,50,50,2022-03-08,"Tuesday"
"3/9/2022",25,50,50,2022-03-09,"Wednesday"
"3/10/2022",25,50,50,2022-03-10,"Thursday"
"3/11/2022",25,50,50,2022-03-11,"Friday"
"3/14/2022",25,50,50,2022-03-14,"Monday"
"3/15/2022",25,50,50,2022-03-15,"Tuesday"
"3/16/2022",25,50,50,2022-03-16,"Wednesday"
"3/17/2022",25,50,50,2022-03-17,"Thursday"
"3/18/2022",25,50,50,2022-03-18,"Friday"
"3/21/2022",25,50,50,2022-03-21,"Monday"
"3/22/2022",25,50,50,2022-03-22,"Tuesday"
"3/23/2022",25,50,50,2022-03-23,"Wednesday"
"3/24/2022",25,50,50,2022-03-24,"Thursday"
"3/25/2022",25,50,50,2022-03-25,"Friday"
"3/28/2022",25,50,50,2022-03-28,"Monday"
"3/29/2022",25,50,50,2022-03-29,"Tuesday"
"3/30/2022",25,50,50,2022-03-30,"Wednesday"
"3/31/2022",25,50,50,2022-03-31,"Thursday"
"4/1/2022",25,50,50,2022-04-01,"Friday"
"4/4/2022",25,50,50,2022-04-04,"Monday"
"4/5/2022",25,50,50,2022-04-05,"Tuesday"
"4/6/2022",25,50,50,2022-04-06,"Wednesday"
"4/7/2022",25,50,50,2022-04-07,"Thursday"
"4/8/2022",25,50,50,2022-04-08,"Friday"
"4/11/2022",25,50,50,2022-04-11,"Monday"
"4/12/2022",25,50,50,2022-04-12,"Tuesday"
"4/13/2022",25,50,50,2022-04-13,"Wednesday"
"4/14/2022",25,50,50,2022-04-14,"Thursday"
"4/15/2022",25,50,50,2022-04-15,"Friday"
"4/18/2022",25,50,50,2022-04-18,"Monday"
"4/19/2022",25,50,50,2022-04-19,"Tuesday"
"4/20/2022",25,50,50,2022-04-20,"Wednesday"
"4/21/2022",25,50,50,2022-04-21,"Thursday"
"4/22/2022",25,50,50,2022-04-22,"Friday"
"4/25/2022",25,50,50,2022-04-25,"Monday"
"4/26/2022",25,50,50,2022-04-26,"Tuesday"
"4/27/2022",25,50,50,2022-04-27,"Wednesday"
"4/28/2022",25,50,50,2022-04-28,"Thursday"
"4/29/2022",25,50,50,2022-04-29,"Friday"
"5/2/2022",25,50,50,2022-05-02,"Monday"
"5/3/2022",25,50,50,2022-05-03,"Tuesday"
"5/4/2022",25,50,50,2022-05-04,"Wednesday"
"5/5/2022",25,50,50,2022-05-05,"Thursday"
"5/6/2022",25,50,50,2022-05-06,"Friday"
"5/9/2022",25,50,50,2022-05-09,"Monday"
"5/10/2022",25,50,50,2022-05-10,"Tuesday"
"5/11/2022",25,50,50,2022-05-11,"Wednesday"
"5/12/2022",25,50,50,2022-05-12,"Thursday"
"5/13/2022",25,50,50,2022-05-13,"Friday"
"5/16/2022",25,50,50,2022-05-16,"Monday"
"5/17/2022",25,50,50,2022-05-17,"Tuesday"
"5/18/2022",25,50,50,2022-05-18,"Wednesday"
"5/19/2022",25,50,50,2022-05-19,"Thursday"
"5/20/2022",25,50,50,2022-05-20,"Friday"
"5/23/2022",25,50,50,2022-05-23,"Monday"
"5/24/2022",25,50,50,2022-05-24,"Tuesday"
"5/25/2022",25,50,50,2022-05-25,"Wednesday"
"5/26/2022",25,50,50,2022-05-26,"Thursday"
"5/27/2022",25,50,50,2022-05-27,"Friday"
"5/30/2022",25,50,50,2022-05-30,"Monday"
"5/31/2022",25,50,50,2022-05-31,"Tuesday"
"6/1/2022",25,50,50,2022-06-01,"Wednesday"
"6/2/2022",25,50,50,2022-06-02,"Thursday"
"6/3/2022",25,50,50,2022-06-03,"Friday"
"6/6/2022",25,50,50,2022-06-06,"Monday"
"6/7/2022",25,50,50,2022-06-07,"Tuesday"
"6/8/2022",25,50,50,2022-06-08,"Wednesday"
"6/9/2022",25,50,50,2022-06-09,"Thursday"
"6/10/2022",25,50,50,2022-06-10,"Friday"
"6/13/2022",25,50,50,2022-06-13,"Monday"
"6/14/2022",25,50,50,2022-06-14,"Tuesday"
"6/15/2022",25,50,50,2022-06-15,"Wednesday"
"6/16/2022",25,50,50,2022-06-16,"Thursday"
"6/17/2022",25,50,50,2022-06-17,"Friday"
"6/20/2022",25,50,50,2022-06-20,"Monday"
"6/21/2022",25,50,50,2022-06-21,"Tuesday"
"6/22/2022",25,50,50,2022-06-22,"Wednesday"
"6/23/2022",25,50,50,2022-06-23,"Thursday"
"6/24/2022",25,50,50,2022-06-24,"Friday"
"6/27/2022",25,50,50,2022-06-27,"Monday"
"6/28/2022",25,50,50,2022-06-28,"Tuesday"
"6/29/2022",25,50,50,2022-06-29,"Wednesday"
"6/30/2022",25,50,50,2022-06-30,"Thursday"
"7/1/2022",25,50,50,2022-07-01,"Friday"
"7/4/2022",25,50,50,2022-07-04,"Monday"
"7/5/2022",25,50,50,2022-07-05,"Tuesday"
"7/6/2022",25,50,50,2022-07-06,"Wednesday"
"7/7/2022",25,50,50,2022-07-07,"Thursday"
"7/8/2022",25,50,50,2022-07-08,"Friday"
"7/11/2022",25,50,50,2022-07-11,"Monday"
"7/12/2022",25,50,50,2022-07-12,"Tuesday"
"7/13/2022",25,50,50,2022-07-13,"Wednesday"
"7/14/2022",25,50,50,2022-07-14,"Thursday"
"7/15/2022",25,50,50,2022-07-15,"Friday"
"7/18/2022",25,50,50,2022-07-18,"Monday"
"7/19/2022",25,50,50,2022-07-19,"Tuesday"
"7/20/2022",25,50,50,2022-07-20,"Wednesday"
"7/21/2022",25,50,50,2022-07-21,"Thursday"
"7/22/2022",25,50,50,2022-07-22,"Friday"
"7/25/2022",25,50,50,2022-07-25,"Monday"
"7/26/2022",25,50,50,2022-07-26,"Tuesday"
"7/27/2022",25,50,50,2022-07-27,"Wednesday"
"7/28/2022",25,50,50,2022-07-28,"Thursday"
"7/29/2022",25,50,50,2022-07-29,"Friday"
"8/1/2022",25,50,50,2022-08-01,"Monday"
"8/2/2022",25,50,50,2022-08-02,"Tuesday"
"8/3/2022",25,50,50,2022-08-03,"Wednesday"
"8/4/2022",25,50,50,2022-08-04,"Thursday"
"8/5/2022",25,50,50,2022-08-05,"Friday"
"8/8/2022",25,50,50,2022-08-08,"Monday"
"8/9/2022",25,50,50,2022-08-09,"Tuesday"
"8/10/2022",25,50,50,2022-08-10,"Wednesday"
"8/11/2022",25,50,50,2022-08-11,"Thursday"
"8/12/2022",25,50,50,2022-08-12,"Friday"
"8/15/2022",25,50,50,2022-08-15,"Monday"
"8/16/2022",25,50,50,2022-08-16,"Tuesday"
"8/17/2022",25,50,50,2022-08-17,"Wednesday"
"8/18/2022",25,50,50,2022-08-18,"Thursday"
"8/19/2022",25,50,50,2022-08-19,"Friday"
"8/22/2022",25,50,50,2022-08-22,"Monday"
"8/23/2022",25,50,50,2022-08-23,"Tuesday"
"8/24/2022",25,50,50,2022-08-24,"Wednesday"
"8/25/2022",25,50,50,2022-08-25,"Thursday"
"8/26/2022",25,50,50,2022-08-26,"Friday"
"8/29/2022",25,50,50,2022-08-29,"Monday"
"8/30/2022",25,50,50,2022-08-30,"Tuesday"
"8/31/2022",25,50,50,2022-08-31,"Wednesday"
"9/1/2022",25,50,50,2022-09-01,"Thursday"
"9/2/2022",25,50,50,2022-09-02,"Friday"
"9/5/2022",25,50,50,2022-09-05,"Monday"
"9/6/2022",25,50,50,2022-09-06,"Tuesday"
"9/7/2022",25,50,50,2022-09-07,"Wednesday"
"9/8/2022",25,50,50,2022-09-08,"Thursday"
"9/9/2022",25,50,50,2022-09-09,"Friday"
"9/12/2022",25,50,50,2022-09-12,"Monday"
"9/13/2022",25,50,50,2022-09-13,"Tuesday"
"9/14/2022",25,50,50,2022-09-14,"Wednesday"
"9/15/2022",25,50,50,2022-09-15,"Thursday"
"9/16/2022",25,50,50,2022-09-16,"Friday"
"9/19/2022",25,50,50,2022-09-19,"Monday"
"9/20/2022",25,50,50,2022-09-20,"Tuesday"
"9/21/2022",25,50,50,2022-09-21,"Wednesday"
"9/22/2022",25,50,50,2022-09-22,"Thursday"
"9/23/2022",25,50,50,2022-09-23,"Friday"
"9/26/2022",25,50,50,2022-09-26,"Monday"
"9/27/2022",25,50,50,2022-09-27,"Tuesday"
"9/28/2022",25,50,50,2022-09-28,"Wednesday"
"9/29/2022",25,50,50,2022-09-29,"Thursday"
"9/30/2022",25,50,50,2022-09-30,"Friday"
"10/3/2022",25,50,50,2022-10-03,"Monday"
"10/4/2022",25,50,50,2022-10-04,"Tuesday"
"10/5/2022",25,50,50,2022-10-05,"Wednesday"
"10/6/2022",25,50,50,2022-10-06,"Thursday"
"10/7/2022",25,50,50,2022-10-07,"Friday"
"10/10/2022",25,50,50,2022-10-10,"Monday"
"10/11/2022",25,50,50,2022-10-11,"Tuesday"
"10/12/2022",25,50,50,2022-10-12,"Wednesday"
"10/13/2022",25,50,50,2022-10-13,"Thursday"
"10/14/2022",25,50,50,2022-10-14,"Friday"
"10/17/2022",25,50,50,2022-10-17,"Monday"
"10/18/2022",25,50,50,2022-10-18,"Tuesday"
"10/19/2022",25,50,50,2022-10-19,"Wednesday"
"10/20/2022",25,50,50,2022-10-20,"Thursday"
"10/21/2022",25,50,50,2022-10-21,"Friday"
"10/24/2022",25,50,50,2022-10-24,"Monday"
"10/25/2022",25,50,50,2022-10-25,"Tuesday"
"10/26/2022",25,50,50,2022-10-26,"Wednesday"
"10/27/2022",25,50,50,2022-10-27,"Thursday"
"10/28/2022",25,50,50,2022-10-28,"Friday"
"10/31/2022",25,50,50,2022-10-31,"Monday"
"11/1/2022",25,50,50,2022-11-01,"Tuesday"
"11/2/2022",25,50,50,2022-11-02,"Wednesday"
"11/3/2022",25,50,50,2022-11-03,"Thursday"
"11/4/2022",25,50,50,2022-11-04,"Friday"
"11/7/2022",25,50,50,2022-11-07,"Monday"
"11/8/2022",25,50,50,2022-11-08,"Tuesday"
"11/9/2022",25,50,50,2022-11-09,"Wednesday"
"11/10/2022",25,50,50,2022-11-10,"Thursday"
"11/11/2022",25,50,50,2022-11-11,"Friday"
"11/14/2022",25,50,50,2022-11-14,"Monday"
"11/15/2022",25,50,50,2022-11-15,"Tuesday"
"11/16/2022",25,50,50,2022-11-16,"Wednesday"
"11/17/2022",25,50,50,2022-11-17,"Thursday"
"11/18/2022",25,50,50,2022-11-18,"Friday"
"11/21/2022",25,50,50,2022-11-21,"Monday"
"11/22/2022",25,50,50,2022-11-22,"Tuesday"
"11/23/2022",25,50,50,2022-11-23,"Wednesday"
"11/24/2022",25,50,50,2022-11-24,"Thursday"
"11/25/2022",25,50,50,2022-11-25,"Friday"
"11/28/2022",25,50,50,2022-11-28,"Monday"
"11/29/2022",25,50,50,2022-11-29,"Tuesday"
"11/30/2022",25,50,50,2022-11-30,"Wednesday"
"12/1/2022",25,50,50,2022-12-01,"Thursday"
"12/2/2022",25,50,50,2022-12-02,"Friday"
"12/5/2022",25,50,50,2022-12-05,"Monday"
"12/6/2022",25,50,50,2022-12-06,"Tuesday"
"12/7/2022",25,50,50,2022-12-07,"Wednesday"
"12/8/2022",25,50,50,2022-12-08,"Thursday"
"12/9/2022",25,50,50,2022-12-09,"Friday"
"12/12/2022",25,50,50,2022-12-12,"Monday"
"12/13/2022",25,50,50,2022-12-13,"Tuesday"
"12/14/2022",25,50,50,2022-12-14,"Wednesday"
"12/15/2022",25,50,50,2022-12-15,"Thursday"
"12/16/2022",25,50,50,2022-12-16,"Friday"
"12/19/2022",25,50,50,2022-12-19,"Monday"
"12/20/2022",25,50,50,2022-12-20,"Tuesday"
"12/21/2022",25,50,50,2022-12-21,"Wednesday"
"12/22/2022",25,50,50,2022-12-22,"Thursday"
"12/23/2022",25,50,50,2022-12-23,"Friday"
"12/26/2022",25,50,50,2022-12-26,"Monday"
"12/27/2022",25,50,50,2022-12-27,"Tuesday"
"12/28/2022",25,50,50,2022-12-28,"Wednesday"
"12/29/2022",25,50,50,2022-12-29,"Thursday"
"12/30/2022",25,50,50,2022-12-30,"Friday"
"1/2/2023",25,50,50,2023-01-02,"Monday"
"1/3/2023",25,50,50,2023-01-03,"Tuesday"
"1/4/2023",25,50,50,2023-01-04,"Wednesday"
"1/5/2023",25,50,50,2023-01-05,"Thursday"
"1/6/2023",25,50,50,2023-01-06,"Friday"
"1/9/2023",25,50,50,2023-01-09,"Monday"
"1/10/2023",25,50,50,2023-01-10,"Tuesday"
"1/11/2023",25,50,50,2023-01-11,"Wednesday"
"1/12/2023",25,50,50,2023-01-12,"Thursday"
"1/13/2023",25,50,50,2023-01-13,"Friday"
"1/16/2023",25,50,50,2023-01-16,"Monday"
"1/17/2023",25,50,50,2023-01-17,"Tuesday"
"1/18/2023",25,50,50,2023-01-18,"Wednesday"
"1/19/2023",25,50,50,2023-01-19,"Thursday"
"1/20/2023",25,50,50,2023-01-20,"Friday"
"1/23/2023",25,50,50,2023-01-23,"Monday"
"1/24/2023",25,50,50,2023-01-24,"Tuesday"
"1/25/2023",25,50,50,2023-01-25,"Wednesday"
"1/26/2023",25,50,50,2023-01-26,"Thursday"
"1/27/2023",25,50,50,2023-01-27,"Friday"
"1/30/2023",25,50,50,2023-01-30,"Monday"
"1/31/2023",25,50,50,2023-01-31,"Tuesday"
"2/1/2023",25,50,50,2023-02-01,"Wednesday"
"2/2/2023",25,50,50,2023-02-02,"Thursday"
"2/3/2023",25,50,50,2023-02-03,"Friday"
"2/6/2023",25,50,50,2023-02-06,"Monday"
"2/7/2023",25,50,50,2023-02-07,"Tuesday"
"2/8/2023",25,50,50,2023-02-08,"Wednesday"
"2/9/2023",25,50,50,2023-02-09,"Thursday"
"2/10/2023",25,50,50,2023-02-10,"Friday"
"2/13/2023",25,50,50,2023-02-13,"Monday"
"2/14/2023",25,50,50,2023-02-14,"Tuesday"
"2/15/2023",25,50,50,2023-02-15,"Wednesday"
"2/16/2023",25,50,50,2023-02-16,"Thursday"
"2/17/2023",25,50,50,2023-02-17,"Friday"
"2/20/2023",25,50,50,2023-02-20,"Monday"
"2/21/2023",25,50,50,2023-02-21,"Tuesday"
"2/22/2023",25,50,50,2023-02-22,"Wednesday"
"2/23/2023",25,50,50,2023-02-23,"Thursday"
"2/24/2023",25,50,50,2023-02-24,"Friday"
"2/27/2023",25,50,50,2023-02-27,"Monday"
"2/28/2023",25,50,50,2023-02-28,"Tuesday"
"3/1/2023",25,50,50,2023-03-01,"Wednesday"
"3/2/2023",25,50,50,2023-03-02,"Thursday"
"3/3/2023",25,50,50,2023-03-03,"Friday"
"3/6/2023",25,50,50,2023-03-06,"Monday"
"3/7/2023",25,50,50,2023-03-07,"Tuesday"
"3/8/2023",25,50,50,2023-03-08,"Wednesday"
"3/9/2023",25,50,50,2023-03-09,"Thursday"
"3/10/2023",25,50,50,2023-03-10,"Friday"
"3/13/2023",25,50,50,2023-03-13,"Monday"
"3/14/2023",25,50,50,2023-03-14,"Tuesday"
"3/15/2023",25,50,50,2023-03-15,"Wednesday"
"3/16/2023",25,50,50,2023-03-16,"Thursday"
"3/17/2023",25,50,50,2023-03-17,"Friday"
"3/20/2023",25,50,50,2023-03-20,"Monday"
"3/21/2023",25,50,50,2023-03-21,"Tuesday"
"3/22/2023",25,50,50,2023-03-22,"Wednesday"
"3/23/2023",25,50,50,2023-03-23,"Thursday"
"3/24/2023",25,50,50,2023-03-24,"Friday"
"3/27/2023",25,50,50,2023-03-27,"Monday"
"3/28/2023",25,50,50,2023-03-28,"Tuesday"
"3/29/2023",25,50,50,2023-03-29,"Wednesday"
"3/30/2023",25,50,50,2023-03-30,"Thursday"
"3/31/2023",25,50,50,2023-03-31,"Friday"
"4/3/2023",25,50,50,2023-04-03,"Monday"
"4/4/2023",25,50,50,2023-04-04,"Tuesday"
"4/5/2023",25,50,50,2023-04-05,"Wednesday"
"4/6/2023",25,50,50,2023-04-06,"Thursday"
"4/7/2023",25,50,50,2023-04-07,"Friday"
"4/10/2023",25,50,50,2023-04-10,"Monday"
"4/11/2023",25,50,50,2023-04-11,"Tuesday"
"4/12/2023",25,50,50,2023-04-12,"Wednesday"
"4/13/2023",25,50,50,2023-04-13,"Thursday"
"4/14/2023",25,50,50,2023-04-14,"Friday"
"4/17/2023",25,50,50,2023-04-17,"Monday"
"4/18/2023",25,50,50,2023-04-18,"Tuesday"
"4/19/2023",25,50,50,2023-04-19,"Wednesday"
"4/20/2023",25,50,50,2023-04-20,"Thursday"
"4/21/2023",25,50,50,2023-04-21,"Friday"
"4/24/2023",25,50,50,2023-04-24,"Monday"
"4/25/2023",25,50,50,2023-04-25,"Tuesday"
"4/26/2023",25,50,50,2023-04-26,"Wednesday"
"4/27/2023",25,50,50,2023-04-27,"Thursday"
"4/28/2023",25,50,50,2023-04-28,"Friday"
"5/1/2023",25,50,50,2023-05-01,"Monday"
"5/2/2023",25,50,50,2023-05-02,"Tuesday"
"5/3/2023",25,50,50,2023-05-03,"Wednesday"
"5/4/2023",25,50,50,2023-05-04,"Thursday"
"5/5/2023",25,50,50,2023-05-05,"Friday"
"5/8/2023",25,50,50,2023-05-08,"Monday"
"5/9/2023",25,50,50,2023-05-09,"Tuesday"
"5/10/2023",25,50,50,2023-05-10,"Wednesday"
"5/11/2023",25,50,50,2023-05-11,"Thursday"
"5/12/2023",25,50,50,2023-05-12,"Friday"
"5/15/2023",25,50,50,2023-05-15,"Monday"
"5/16/2023",25,50,50,2023-05-16,"Tuesday"
"5/17/2023",25,50,50,2023-05-17,"Wednesday"
"5/18/2023",25,50,50,2023-05-18,"Thursday"
"5/19/2023",25,50,50,2023-05-19,"Friday"
"5/22/2023",25,50,50,2023-05-22,"Monday"
"5/23/2023",25,50,50,2023-05-23,"Tuesday"
"5/24/2023",25,50,50,2023-05-24,"Wednesday"
"5/25/2023",25,50,50,2023-05-25,"Thursday"
"5/26/2023",25,50,50,2023-05-26,"Friday"
"5/29/2023",25,50,50,2023-05-29,"Monday"
"5/30/2023",25,50,50,2023-05-30,"Tuesday"
"5/31/2023",25,50,50,2023-05-31,"Wednesday"
"6/1/2023",25,50,50,2023-06-01,"Thursday"
"6/2/2023",25,50,50,2023-06-02,"Friday"
"6/5/2023",25,50,50,2023-06-05,"Monday"
"6/6/2023",25,50,50,2023-06-06,"Tuesday"
"6/7/2023",25,50,50,2023-06-07,"Wednesday"
"6/8/2023",25,50,50,2023-06-08,"Thursday"
"6/9/2023",25,50,50,2023-06-09,"Friday"
"6/12/2023",25,50,50,2023-06-12,"Monday"
"6/13/2023",25,50,50,2023-06-13,"Tuesday"
"6/14/2023",25,50,50,2023-06-14,"Wednesday"
"6/15/2023",25,50,50,2023-06-15,"Thursday"
"6/16/2023",25,50,50,2023-06-16,"Friday"
"6/19/2023",25,50,50,2023-06-19,"Monday"
"6/20/2023",25,50,50,2023-06-20,"Tuesday"
"6/21/2023",25,50,50,2023-06-21,"Wednesday"
"6/22/2023",25,50,50,2023-06-22,"Thursday"
"6/23/2023",25,50,50,2023-06-23,"Friday"
"6/26/2023",25,50,50,2023-06-26,"Monday"
"6/27/2023",25,50,50,2023-06-27,"Tuesday"
"6/28/2023",25,50,50,2023-06-28,"Wednesday"
"6/29/2023",25,50,50,2023-06-29,"Thursday"
"6/30/2023",25,50,50,2023-06-30,"Friday"
"7/3/2023",25,50,50,2023-07-03,"Monday"
"7/4/2023",25,50,50,2023-07-04,"Tuesday"
"7/5/2023",25,50,50,2023-07-05,"Wednesday"
"7/6/2023",25,50,50,2023-07-06,"Thursday"
"7/7/2023",25,50,50,2023-07-07,"Friday"
"7/10/2023",25,50,50,2023-07-10,"Monday"
"7/11/2023",25,50,50,2023-07-11,"Tuesday"
"7/12/2023",25,50,50,2023-07-12,"Wednesday"
"7/13/2023",25,50,50,2023-07-13,"Thursday"
"7/14/2023",25,50,50,2023-07-14,"Friday"
"7/17/2023",25,50,50,2023-07-17,"Monday"
"7/18/2023",25,50,50,2023-07-18,"Tuesday"
"7/19/2023",25,50,50,2023-07-19,"Wednesday"
"7/20/2023",25,50,50,2023-07-20,"Thursday"
"7/21/2023",25,50,50,2023-07-21,"Friday"
"7/24/2023",25,50,50,2023-07-24,"Monday"
"7/25/2023",25,50,50,2023-07-25,"Tuesday"
"7/26/2023",25,50,50,2023-07-26,"Wednesday"
"7/27/2023",25,50,50,2023-07-27,"Thursday"
"7/28/2023",25,50,50,2023-07-28,"Friday"
"7/31/2023",25,50,50,2023-07-31,"Monday"
"8/1/2023",25,50,50,2023-08-01,"Tuesday"
"8/2/2023",25,50,50,2023-08-02,"Wednesday"
"8/3/2023",25,50,50,2023-08-03,"Thursday"
"8/4/2023",25,50,50,2023-08-04,"Friday"
"8/7/2023",25,50,50,2023-08-07,"Monday"
"8/8/2023",25,50,50,2023-08-08,"Tuesday"
"8/9/2023",25,50,50,2023-08-09,"Wednesday"
"8/10/2023",25,50,50,2023-08-10,"Thursday"
"8/11/2023",25,50,50,2023-08-11,"Friday"
"8/14/2023",25,50,50,2023-08-14,"Monday"
"8/15/2023",25,50,50,2023-08-15,"Tuesday"
"8/16/2023",25,50,50,2023-08-16,"Wednesday"
"8/17/2023",25,50,50,2023-08-17,"Thursday"
"8/18/2023",25,50,50,2023-08-18,"Friday"
"8/21/2023",25,50,50,2023-08-21,"Monday"
"8/22/2023",25,50,50,2023-08-22,"Tuesday"
"8/23/2023",25,50,50,2023-08-23,"Wednesday"
"8/24/2023",25,50,50,2023-08-24,"Thursday"
"8/25/2023",25,50,50,2023-08-25,"Friday"
"8/28/2023",25,50,50,2023-08-28,"Monday"
"8/29/2023",25,50,50,2023-08-29,"Tuesday"
"8/30/2023",25,50,50,2023-08-30,"Wednesday"
"8/31/2023",25,50,50,2023-08-31,"Thursday"
"9/1/2023",25,50,50,2023-09-01,"Friday"
"9/4/2023",25,50,50,2023-09-04,"Monday"
"9/5/2023",25,50,50,2023-09-05,"Tuesday"
"9/6/2023",25,50,50,2023-09-06,"Wednesday"
"9/7/2023",25,50,50,2023-09-07,"Thursday"
"9/8/2023",25,50,50,2023-09-08,"Friday"
"9/11/2023",25,50,50,2023-09-11,"Monday"
"9/12/2023",25,50,50,2023-09-12,"Tuesday"
"9/13/2023",25,50,50,2023-09-13,"Wednesday"
"9/14/2023",25,50,50,2023-09-14,"Thursday"
"9/15/2023",25,50,50,2023-09-15,"Friday"
"9/18/2023",25,50,50,2023-09-18,"Monday"
"9/19/2023",25,50,50,2023-09-19,"Tuesday"
"9/20/2023",25,50,50,2023-09-20,"Wednesday"
"9/21/2023",25,50,50,2023-09-21,"Thursday"
"9/22/2023",25,50,50,2023-09-22,"Friday"
"9/25/2023",25,50,50,2023-09-25,"Monday"
"9/26/2023",25,50,50,2023-09-26,"Tuesday"
"9/27/2023",25,50,50,2023-09-27,"Wednesday"
"9/28/2023",25,50,50,2023-09-28,"Thursday"
"9/29/2023",25,50,50,2023-09-29,"Friday"
"10/2/2023",25,50,50,2023-10-02,"Monday"
"10/3/2023",25,50,50,2023-10-03,"Tuesday"
"10/4/2023",25,50,50,2023-10-04,"Wednesday"
"10/5/2023",25,50,50,2023-10-05,"Thursday"
"10/6/2023",25,50,50,2023-10-06,"Friday"
"10/9/2023",25,50,50,2023-10-09,"Monday"
"10/10/2023",25,50,50,2023-10-10,"Tuesday"
"10/11/2023",25,50,50,2023-10-11,"Wednesday"
"10/12/2023",25,50,50,2023-10-12,"Thursday"
"10/13/2023",25,50,50,2023-10-13,"Friday"
"10/16/2023",25,50,50,2023-10-16,"Monday"
"10/17/2023",25,50,50,2023-10-17,"Tuesday"
"10/18/2023",25,50,50,2023-10-18,"Wednesday"
"10/19/2023",25,50,50,2023-10-19,"Thursday"
"10/20/2023",25,50,50,2023-10-20,"Friday"
"10/23/2023",25,50,50,2023-10-23,"Monday"
"10/24/2023",25,50,50,2023-10-24,"Tuesday"
"10/25/2023",25,50,50,2023-10-25,"Wednesday"
"10/26/2023",25,50,50,2023-10-26,"Thursday"
"10/27/2023",25,50,50,2023-10-27,"Friday"
"10/30/2023",25,50,50,2023-10-30,"Monday"
"10/31/2023",25,50,50,2023-10-31,"Tuesday"
"11/1/2023",25,50,50,2023-11-01,"Wednesday"
"11/2/2023",25,50,50,2023-11-02,"Thursday"
"11/3/2023",25,50,50,2023-11-03,"Friday"
"11/6/2023",25,50,50,2023-11-06,"Monday"
"11/7/2023",25,50,50,2023-11-07,"Tuesday"
"11/8/2023",25,50,50,2023-11-08,"Wednesday"
"11/9/2023",25,50,50,2023-11-09,"Thursday"
"11/10/2023",25,50,50,2023-11-10,"Friday"
"11/13/2023",25,50,50,2023-11-13,"Monday"
"11/14/2023",25,50,50,2023-11-14,"Tuesday"
"11/15/2023",25,50,50,2023-11-15,"Wednesday"
"11/16/2023",25,50,50,2023-11-16,"Thursday"
"11/17/2023",25,50,50,2023-11-17,"Friday"
"11/20/2023",25,50,50,2023-11-20,"Monday"
"11/21/2023",25,50,50,2023-11-21,"Tuesday"
"11/22/2023",25,50,50,2023-11-22,"Wednesday"
"11/23/2023",25,50,50,2023-11-23,"Thursday"
"11/24/2023",25,50,50,2023-11-24,"Friday"
"11/27/2023",25,50,50,2023-11-27,"Monday"
"11/28/2023",25,50,50,2023-11-28,"Tuesday"
"11/29/2023",25,50,50,2023-11-29,"Wednesday"
"11/30/2023",25,50,50,2023-11-30,"Thursday"
"12/1/2023",25,50,50,2023-12-01,"Friday"
"12/4/2023",25,50,50,2023-12-04,"Monday"
"12/5/2023",25,50,50,2023-12-05,"Tuesday"
"12/6/2023",25,50,50,2023-12-06,"Wednesday"
"12/7/2023",25,50,50,2023-12-07,"Thursday"
"12/8/2023",25,50,50,2023-12-08,"Friday"
"12/11/2023",25,50,50,2023-12-11,"Monday"
"12/12/2023",25,50,50,2023-12-12,"Tuesday"
"12/13/2023",25,50,50,2023-12-13,"Wednesday"
"12/14/2023",25,50,50,2023-12-14,"Thursday"
