Date,Reference,Rate,Percentile01,Percentile25,Percentile75,Percentile99,Volume,TargetDe,TargetUe
3/1/2016,EFFR,0.36,0.34,0.36,0.37,0.5,76,0.25,0.5
3/1/2016,OBFR,0.37,0.29,0.36,0.37,0.42,324,,
3/2/2016,EFFR,0.37,0.33,0.36,0.37,0.45,75,0.25,0.5
3/2/2016,OBFR,0.37,0.29,0.36,0.37,0.42,333,,
3/3/2016,EFFR,0.37,0.34,0.36,0.37,0.5,75,0.25,0.5
3/3/2016,OBFR,0.37,0.15,0.36,0.37,0.42,326,,
3/4/2016,EFFR,0.36,0.34,0.36,0.37,0.52,75,0.25,0.5
3/4/2016,OBFR,0.37,0.25,0.36,0.37,0.43,325,,
3/7/2016,EFFR,0.36,0.34,0.36,0.37,0.5,72,0.25,0.5
3/7/2016,OBFR,0.37,0.15,0.36,0.37,0.43,320,,
3/8/2016,EFFR,0.36,0.32,0.36,0.37,0.5,72,0.25,0.5
3/8/2016,OBFR,0.37,0.25,0.36,0.37,0.42,327,,
3/9/2016,EFFR,0.36,0.34,0.36,0.37,0.52,75,0.25,0.5
3/9/2016,OBFR,0.37,0.25,0.36,0.37,0.43,322,,
3/10/2016,EFFR,0.36,0.35,0.36,0.37,0.75,72,0.25,0.5
3/10/2016,OBFR,0.37,0.25,0.36,0.37,0.43,331,,
3/11/2016,EFFR,0.36,0.35,0.36,0.37,0.5,68,0.25,0.5
3/11/2016,OBFR,0.37,0.25,0.36,0.37,0.43,314,,
3/14/2016,EFFR,0.36,0.35,0.36,0.37,0.5,67,0.25,0.5
3/14/2016,OBFR,0.37,0.25,0.36,0.37,0.43,304,,
3/15/2016,EFFR,0.37,0.35,0.36,0.37,0.5,67,0.25,0.5
3/15/2016,OBFR,0.37,0.29,0.36,0.37,0.42,302,,
3/16/2016,EFFR,0.37,0.35,0.36,0.37,0.5,63,0.25,0.5
3/16/2016,OBFR,0.37,0.28,0.36,0.37,0.42,299,,
3/17/2016,EFFR,0.37,0.36,0.36,0.37,0.5,63,0.25,0.5
3/17/2016,OBFR,0.37,0.15,0.36,0.37,0.42,306,,
3/18/2016,EFFR,0.37,0.32,0.36,0.37,0.55,66,0.25,0.5
3/18/2016,OBFR,0.37,0.15,0.36,0.37,0.43,299,,
3/21/2016,EFFR,0.37,0.35,0.36,0.37,0.56,61,0.25,0.5
3/21/2016,OBFR,0.37,0.15,0.36,0.37,0.43,305,,
3/22/2016,EFFR,0.37,0.33,0.36,0.37,0.55,66,0.25,0.5
3/22/2016,OBFR,0.37,0.25,0.37,0.37,0.43,310,,
3/23/2016,EFFR,0.37,0.32,0.36,0.37,0.55,65,0.25,0.5
3/23/2016,OBFR,0.37,0.25,0.37,0.37,0.43,295,,
3/24/2016,EFFR,0.37,0.35,0.36,0.37,0.56,64,0.25,0.5
3/24/2016,OBFR,0.37,0.24,0.36,0.38,0.55,94,,
3/25/2016,EFFR,0.37,0.3,0.36,0.37,0.56,68,0.25,0.5
3/25/2016,OBFR,0.37,0.01,0.36,0.37,0.55,96,,
3/28/2016,EFFR,0.37,0.35,0.36,0.37,0.56,66,0.25,0.5
3/28/2016,OBFR,0.37,0.25,0.37,0.37,0.44,297,,
3/29/2016,EFFR,0.37,0.3,0.36,0.37,0.55,69,0.25,0.5
3/29/2016,OBFR,0.37,0.25,0.37,0.37,0.43,295,,
3/30/2016,EFFR,0.37,0.35,0.36,0.37,0.56,73,0.25,0.5
3/30/2016,OBFR,0.37,0.25,0.37,0.37,0.48,301,,
3/31/2016,EFFR,0.25,0.2,0.25,0.26,0.56,50,0.25,0.5
3/31/2016,OBFR,0.25,0.15,0.25,0.27,0.55,181,,
4/1/2016,EFFR,0.37,0.34,0.36,0.37,0.55,72,0.25,0.5
4/1/2016,OBFR,0.37,0.25,0.37,0.37,0.44,292,,
4/4/2016,EFFR,0.37,0.35,0.36,0.37,0.55,74,0.25,0.5
4/4/2016,OBFR,0.37,0.28,0.37,0.37,0.43,294,,
4/5/2016,EFFR,0.37,0.35,0.36,0.37,0.55,77,0.25,0.5
4/5/2016,OBFR,0.37,0.28,0.37,0.37,0.43,291,,
4/6/2016,EFFR,0.37,0.35,0.36,0.37,0.55,76,0.25,0.5
4/6/2016,OBFR,0.37,0.25,0.37,0.37,0.44,292,,
4/7/2016,EFFR,0.37,0.35,0.36,0.37,0.53,79,0.25,0.5
4/7/2016,OBFR,0.37,0.29,0.37,0.37,0.44,294,,
4/8/2016,EFFR,0.37,0.33,0.36,0.37,0.53,74,0.25,0.5
4/8/2016,OBFR,0.37,0.27,0.37,0.37,0.43,293,,
4/11/2016,EFFR,0.37,0.35,0.36,0.37,0.5,72,0.25,0.5
4/11/2016,OBFR,0.37,0.29,0.37,0.37,0.43,298,,
4/12/2016,EFFR,0.37,0.35,0.36,0.37,0.5,74,0.25,0.5
4/12/2016,OBFR,0.37,0.29,0.37,0.37,0.43,300,,
4/13/2016,EFFR,0.37,0.33,0.36,0.37,0.53,73,0.25,0.5
4/13/2016,OBFR,0.37,0.15,0.37,0.37,0.43,289,,
4/14/2016,EFFR,0.37,0.35,0.37,0.37,0.56,71,0.25,0.5
4/14/2016,OBFR,0.37,0.29,0.37,0.37,0.43,278,,
4/15/2016,EFFR,0.37,0.36,0.37,0.38,0.5,70,0.25,0.5
4/15/2016,OBFR,0.37,0.2,0.37,0.37,0.43,277,,
4/18/2016,EFFR,0.37,0.36,0.37,0.37,0.56,69,0.25,0.5
4/18/2016,OBFR,0.37,0.29,0.37,0.37,0.44,283,,
4/19/2016,EFFR,0.37,0.36,0.37,0.37,0.56,66,0.25,0.5
4/19/2016,OBFR,0.37,0.29,0.37,0.37,0.45,290,,
4/20/2016,EFFR,0.37,0.33,0.37,0.37,0.56,62,0.25,0.5
4/20/2016,OBFR,0.37,0.28,0.37,0.37,0.45,282,,
4/21/2016,EFFR,0.37,0.36,0.37,0.37,0.56,65,0.25,0.5
4/21/2016,OBFR,0.37,0.25,0.37,0.37,0.44,299,,
4/22/2016,EFFR,0.37,0.36,0.37,0.37,0.56,59,0.25,0.5
4/22/2016,OBFR,0.37,0.05,0.37,0.37,0.44,289,,
4/25/2016,EFFR,0.37,0.36,0.37,0.37,0.56,59,0.25,0.5
4/25/2016,OBFR,0.37,0.25,0.37,0.37,0.46,279,,
4/26/2016,EFFR,0.37,0.35,0.37,0.37,0.56,54,0.25,0.5
4/26/2016,OBFR,0.37,0.25,0.37,0.37,0.46,273,,
4/27/2016,EFFR,0.37,0.36,0.37,0.37,0.56,63,0.25,0.5
4/27/2016,OBFR,0.37,0.28,0.37,0.37,0.44,294,,
4/28/2016,EFFR,0.37,0.36,0.37,0.38,0.56,62,0.25,0.5
4/28/2016,OBFR,0.37,0.29,0.37,0.37,0.46,302,,
4/29/2016,EFFR,0.3,0.27,0.29,0.3,0.56,58,0.25,0.5
4/29/2016,OBFR,0.3,0.27,0.29,0.3,0.44,290,,
5/2/2016,EFFR,0.37,0.33,0.37,0.37,0.56,59,0.25,0.5
5/2/2016,OBFR,0.37,0.28,0.37,0.37,0.44,280,,
5/3/2016,EFFR,0.37,0.36,0.37,0.38,0.56,61,0.25,0.5
5/3/2016,OBFR,0.37,0.29,0.37,0.37,0.47,296,,
5/4/2016,EFFR,0.37,0.36,0.37,0.38,0.56,62,0.25,0.5
5/4/2016,OBFR,0.37,0.28,0.37,0.37,0.44,267,,
5/5/2016,EFFR,0.37,0.36,0.37,0.38,0.56,60,0.25,0.5
5/5/2016,OBFR,0.37,0.29,0.37,0.37,0.44,292,,
5/6/2016,EFFR,0.37,0.36,0.37,0.38,0.56,64,0.25,0.5
5/6/2016,OBFR,0.37,0.29,0.37,0.37,0.44,294,,
5/9/2016,EFFR,0.37,0.35,0.37,0.38,0.56,62,0.25,0.5
5/9/2016,OBFR,0.37,0.29,0.37,0.37,0.44,296,,
5/10/2016,EFFR,0.37,0.36,0.37,0.38,0.53,63,0.25,0.5
5/10/2016,OBFR,0.37,0.29,0.37,0.38,0.43,292,,
5/11/2016,EFFR,0.37,0.36,0.37,0.38,0.55,63,0.25,0.5
5/11/2016,OBFR,0.37,0.29,0.37,0.38,0.43,287,,
5/12/2016,EFFR,0.37,0.36,0.37,0.38,0.55,61,0.25,0.5
5/12/2016,OBFR,0.37,0.29,0.37,0.38,0.44,292,,
5/13/2016,EFFR,0.37,0.36,0.37,0.38,0.56,61,0.25,0.5
5/13/2016,OBFR,0.37,0.29,0.37,0.38,0.44,268,,
5/16/2016,EFFR,0.37,0.36,0.37,0.38,0.56,61,0.25,0.5
5/16/2016,OBFR,0.37,0.29,0.37,0.38,0.44,290,,
5/17/2016,EFFR,0.37,0.36,0.37,0.38,0.56,62,0.25,0.5
5/17/2016,OBFR,0.37,0.25,0.37,0.38,0.44,293,,
5/18/2016,EFFR,0.37,0.36,0.37,0.38,0.55,59,0.25,0.5
5/18/2016,OBFR,0.37,0.15,0.37,0.38,0.43,301,,
5/19/2016,EFFR,0.37,0.34,0.37,0.38,0.56,64,0.25,0.5
5/19/2016,OBFR,0.37,0.3,0.37,0.38,0.44,309,,
5/20/2016,EFFR,0.37,0.36,0.37,0.38,0.56,70,0.25,0.5
5/20/2016,OBFR,0.37,0.29,0.37,0.38,0.44,309,,
5/23/2016,EFFR,0.37,0.36,0.37,0.38,0.56,66,0.25,0.5
5/23/2016,OBFR,0.37,0.31,0.37,0.38,0.44,313,,
5/24/2016,EFFR,0.37,0.36,0.37,0.38,0.56,65,0.25,0.5
5/24/2016,OBFR,0.37,0.2,0.37,0.38,0.44,321,,
5/25/2016,EFFR,0.37,0.35,0.37,0.38,0.5,70,0.25,0.5
5/25/2016,OBFR,0.37,0.29,0.37,0.38,0.43,307,,
5/26/2016,EFFR,0.37,0.36,0.37,0.38,0.56,68,0.25,0.5
5/26/2016,OBFR,0.37,0.3,0.37,0.38,0.43,318,,
5/27/2016,EFFR,0.37,0.36,0.37,0.38,0.56,69,0.25,0.5
5/27/2016,OBFR,0.37,0.29,0.37,0.38,0.45,308,,
5/31/2016,EFFR,0.29,0.26,0.28,0.3,0.56,58,0.25,0.5
5/31/2016,OBFR,0.29,0.26,0.28,0.3,0.45,284,,
6/1/2016,EFFR,0.37,0.36,0.37,0.38,0.53,67,0.25,0.5
6/1/2016,OBFR,0.37,0.29,0.37,0.38,0.45,305,,
6/2/2016,EFFR,0.37,0.36,0.37,0.38,0.53,70,0.25,0.5
6/2/2016,OBFR,0.37,0.29,0.37,0.38,0.45,302,,
6/3/2016,EFFR,0.37,0.35,0.37,0.38,0.5,69,0.25,0.5
6/3/2016,OBFR,0.37,0.28,0.37,0.38,0.45,295,,
6/6/2016,EFFR,0.37,0.36,0.37,0.38,0.54,70,0.25,0.5
6/6/2016,OBFR,0.37,0.29,0.37,0.38,0.45,291,,
6/7/2016,EFFR,0.37,0.36,0.37,0.38,0.55,71,0.25,0.5
6/7/2016,OBFR,0.37,0.29,0.37,0.38,0.46,296,,
6/8/2016,EFFR,0.37,0.36,0.37,0.38,0.54,75,0.25,0.5
6/8/2016,OBFR,0.37,0.3,0.37,0.38,0.45,293,,
6/9/2016,EFFR,0.37,0.31,0.37,0.38,0.54,75,0.25,0.5
6/9/2016,OBFR,0.37,0.3,0.37,0.38,0.45,293,,
6/10/2016,EFFR,0.37,0.36,0.37,0.38,0.52,72,0.25,0.5
6/10/2016,OBFR,0.37,0.3,0.37,0.38,0.45,284,,
6/13/2016,EFFR,0.37,0.36,0.37,0.38,0.54,66,0.25,0.5
6/13/2016,OBFR,0.37,0.3,0.37,0.38,0.45,285,,
6/14/2016,EFFR,0.37,0.36,0.37,0.38,0.55,68,0.25,0.5
6/14/2016,OBFR,0.37,0.29,0.37,0.38,0.46,257,,
6/15/2016,EFFR,0.37,0.36,0.37,0.38,0.56,69,0.25,0.5
6/15/2016,OBFR,0.38,0.28,0.37,0.38,0.45,241,,
6/16/2016,EFFR,0.38,0.36,0.37,0.38,0.56,72,0.25,0.5
6/16/2016,OBFR,0.38,0.28,0.38,0.38,0.48,255,,
6/17/2016,EFFR,0.38,0.36,0.38,0.38,0.53,73,0.25,0.5
6/17/2016,OBFR,0.38,0.28,0.38,0.38,0.46,247,,
6/20/2016,EFFR,0.38,0.36,0.38,0.39,0.56,70,0.25,0.5
6/20/2016,OBFR,0.38,0.27,0.38,0.38,0.47,248,,
6/21/2016,EFFR,0.38,0.37,0.38,0.39,0.56,68,0.25,0.5
6/21/2016,OBFR,0.38,0.27,0.38,0.39,0.45,258,,
6/22/2016,EFFR,0.38,0.36,0.38,0.39,0.56,71,0.25,0.5
6/22/2016,OBFR,0.38,0.27,0.38,0.39,0.47,250,,
6/23/2016,EFFR,0.39,0.37,0.39,0.39,0.56,71,0.25,0.5
6/23/2016,OBFR,0.39,0.27,0.39,0.4,0.47,244,,
6/24/2016,EFFR,0.4,0.38,0.4,0.42,0.56,70,0.25,0.5
6/24/2016,OBFR,0.4,0.05,0.4,0.42,0.47,248,,
6/27/2016,EFFR,0.41,0.38,0.4,0.42,0.56,66,0.25,0.5
6/27/2016,OBFR,0.41,0.27,0.4,0.42,0.47,239,,
6/28/2016,EFFR,0.41,0.39,0.4,0.42,0.56,66,0.25,0.5
6/28/2016,OBFR,0.41,0.28,0.4,0.42,0.47,242,,
6/29/2016,EFFR,0.41,0.39,0.4,0.42,0.56,63,0.25,0.5
6/29/2016,OBFR,0.41,0.25,0.4,0.42,0.47,249,,
6/30/2016,EFFR,0.3,0.25,0.29,0.32,0.56,46,0.25,0.5
6/30/2016,OBFR,0.3,0.2,0.3,0.32,0.47,159,,
7/1/2016,EFFR,0.41,0.3,0.4,0.41,0.56,68,0.25,0.5
7/1/2016,OBFR,0.41,0.25,0.4,0.41,0.46,235,,
7/5/2016,EFFR,0.4,0.38,0.4,0.41,0.75,72,0.25,0.5
7/5/2016,OBFR,0.4,0.3,0.4,0.41,0.47,273,,
7/6/2016,EFFR,0.4,0.37,0.4,0.41,0.55,68,0.25,0.5
7/6/2016,OBFR,0.4,0.25,0.4,0.41,0.45,231,,
7/7/2016,EFFR,0.4,0.37,0.4,0.41,0.56,68,0.25,0.5
7/7/2016,OBFR,0.4,0.27,0.4,0.41,0.46,245,,
7/8/2016,EFFR,0.4,0.37,0.4,0.41,0.55,67,0.25,0.5
7/8/2016,OBFR,0.4,0.25,0.4,0.41,0.45,244,,
7/11/2016,EFFR,0.4,0.38,0.4,0.41,0.56,65,0.25,0.5
7/11/2016,OBFR,0.4,0.27,0.4,0.41,0.46,254,,
7/12/2016,EFFR,0.4,0.36,0.4,0.41,0.56,63,0.25,0.5
7/12/2016,OBFR,0.4,0.27,0.4,0.41,0.46,258,,
7/13/2016,EFFR,0.4,0.38,0.4,0.41,0.51,64,0.25,0.5
7/13/2016,OBFR,0.4,0.27,0.4,0.41,0.45,264,,
7/14/2016,EFFR,0.4,0.34,0.4,0.41,0.56,62,0.25,0.5
7/14/2016,OBFR,0.4,0.27,0.4,0.41,0.46,250,,
7/15/2016,EFFR,0.4,0.33,0.4,0.41,0.5,71,0.25,0.5
7/15/2016,OBFR,0.4,0.27,0.4,0.41,0.45,256,,
7/18/2016,EFFR,0.4,0.35,0.4,0.41,0.55,65,0.25,0.5
7/18/2016,OBFR,0.4,0.28,0.4,0.41,0.46,248,,
7/19/2016,EFFR,0.4,0.34,0.4,0.41,0.5,74,0.25,0.5
7/19/2016,OBFR,0.4,0.3,0.4,0.41,0.46,255,,
7/20/2016,EFFR,0.4,0.38,0.4,0.41,0.5,70,0.25,0.5
7/20/2016,OBFR,0.4,0.3,0.4,0.41,0.46,254,,
7/21/2016,EFFR,0.4,0.35,0.4,0.41,0.56,72,0.25,0.5
7/21/2016,OBFR,0.4,0.28,0.4,0.41,0.48,254,,
7/22/2016,EFFR,0.4,0.35,0.4,0.41,0.55,72,0.25,0.5
7/22/2016,OBFR,0.4,0.05,0.4,0.41,0.48,249,,
7/25/2016,EFFR,0.4,0.35,0.4,0.41,0.56,70,0.25,0.5
7/25/2016,OBFR,0.4,0.25,0.4,0.41,0.48,267,,
7/26/2016,EFFR,0.4,0.35,0.4,0.41,0.56,69,0.25,0.5
7/26/2016,OBFR,0.4,0.27,0.4,0.41,0.48,268,,
7/27/2016,EFFR,0.4,0.33,0.4,0.41,0.56,64,0.25,0.5
7/27/2016,OBFR,0.4,0.27,0.4,0.41,0.48,254,,
7/28/2016,EFFR,0.4,0.27,0.4,0.41,0.56,63,0.25,0.5
7/28/2016,OBFR,0.4,0.27,0.4,0.41,0.48,254,,
7/29/2016,EFFR,0.3,0.2,0.3,0.31,0.56,62,0.25,0.5
7/29/2016,OBFR,0.3,0.2,0.3,0.31,0.52,252,,
8/1/2016,EFFR,0.4,0.31,0.4,0.41,0.53,69,0.25,0.5
8/1/2016,OBFR,0.4,0.27,0.4,0.41,0.48,247,,
8/2/2016,EFFR,0.4,0.32,0.4,0.41,0.5,63,0.25,0.5
8/2/2016,OBFR,0.4,0.27,0.4,0.41,0.46,258,,
8/3/2016,EFFR,0.4,0.31,0.4,0.41,0.5,69,0.25,0.5
8/3/2016,OBFR,0.4,0.27,0.4,0.41,0.48,266,,
8/4/2016,EFFR,0.4,0.27,0.4,0.41,0.5,70,0.25,0.5
8/4/2016,OBFR,0.4,0.27,0.4,0.41,0.48,264,,
8/5/2016,EFFR,0.4,0.38,0.4,0.41,0.51,66,0.25,0.5
8/5/2016,OBFR,0.4,0.27,0.4,0.41,0.48,257,,
8/8/2016,EFFR,0.4,0.36,0.4,0.41,0.53,67,0.25,0.5
8/8/2016,OBFR,0.4,0.27,0.4,0.41,0.48,259,,
8/9/2016,EFFR,0.4,0.27,0.4,0.41,0.5,67,0.25,0.5
8/9/2016,OBFR,0.4,0.27,0.4,0.41,0.48,252,,
8/10/2016,EFFR,0.4,0.3,0.4,0.41,0.5,61,0.25,0.5
8/10/2016,OBFR,0.4,0.27,0.4,0.41,0.46,246,,
8/11/2016,EFFR,0.4,0.31,0.4,0.41,0.5,64,0.25,0.5
8/11/2016,OBFR,0.4,0.27,0.4,0.41,0.48,237,,
8/12/2016,EFFR,0.4,0.3,0.4,0.41,0.5,63,0.25,0.5
8/12/2016,OBFR,0.4,0.27,0.4,0.41,0.45,241,,
8/15/2016,EFFR,0.4,0.3,0.4,0.41,0.5,67,0.25,0.5
8/15/2016,OBFR,0.4,0.27,0.4,0.41,0.46,243,,
8/16/2016,EFFR,0.4,0.27,0.4,0.41,0.5,64,0.25,0.5
8/16/2016,OBFR,0.4,0.27,0.4,0.41,0.48,243,,
8/17/2016,EFFR,0.4,0.3,0.4,0.41,0.5,64,0.25,0.5
8/17/2016,OBFR,0.4,0.27,0.4,0.41,0.46,250,,
8/18/2016,EFFR,0.4,0.3,0.4,0.41,0.5,64,0.25,0.5
8/18/2016,OBFR,0.4,0.27,0.4,0.41,0.47,239,,
8/19/2016,EFFR,0.4,0.3,0.4,0.41,0.53,61,0.25,0.5
8/19/2016,OBFR,0.4,0.25,0.4,0.41,0.48,245,,
8/22/2016,EFFR,0.4,0.36,0.4,0.41,0.56,60,0.25,0.5
8/22/2016,OBFR,0.4,0.27,0.4,0.41,0.48,248,,
8/23/2016,EFFR,0.4,0.36,0.4,0.41,0.53,69,0.25,0.5
8/23/2016,OBFR,0.4,0.27,0.4,0.41,0.48,254,,
8/24/2016,EFFR,0.4,0.31,0.4,0.41,0.55,64,0.25,0.5
8/24/2016,OBFR,0.4,0.19,0.4,0.41,0.48,251,,
8/25/2016,EFFR,0.4,0.27,0.4,0.41,0.55,67,0.25,0.5
8/25/2016,OBFR,0.4,0.27,0.4,0.41,0.48,257,,
8/26/2016,EFFR,0.4,0.27,0.4,0.41,0.5,74,0.25,0.5
8/26/2016,OBFR,0.4,0.27,0.4,0.41,0.49,254,,
8/29/2016,EFFR,0.4,0.27,0.4,0.41,0.53,70,0.25,0.5
8/29/2016,OBFR,0.4,0.27,0.4,0.41,0.49,258,,
8/30/2016,EFFR,0.4,0.27,0.4,0.41,0.55,67,0.25,0.5
8/30/2016,OBFR,0.4,0.27,0.4,0.41,0.49,250,,
8/31/2016,EFFR,0.3,0.19,0.3,0.31,0.5,64,0.25,0.5
8/31/2016,OBFR,0.3,0.25,0.3,0.31,0.49,244,,
9/1/2016,EFFR,0.4,0.31,0.4,0.41,0.5,63,0.25,0.5
9/1/2016,OBFR,0.4,0.27,0.4,0.41,0.49,227,,
9/2/2016,EFFR,0.4,0.31,0.4,0.41,0.5,68,0.25,0.5
9/2/2016,OBFR,0.4,0.27,0.4,0.41,0.49,224,,
9/6/2016,EFFR,0.4,0.31,0.4,0.41,0.5,65,0.25,0.5
9/6/2016,OBFR,0.4,0.3,0.4,0.41,0.49,233,,
9/7/2016,EFFR,0.4,0.31,0.4,0.41,0.55,66,0.25,0.5
9/7/2016,OBFR,0.4,0.28,0.4,0.41,0.49,244,,
9/8/2016,EFFR,0.4,0.31,0.4,0.41,0.5,68,0.25,0.5
9/8/2016,OBFR,0.4,0.27,0.4,0.41,0.49,248,,
9/9/2016,EFFR,0.4,0.27,0.4,0.41,0.5,65,0.25,0.5
9/9/2016,OBFR,0.4,0.27,0.4,0.41,0.47,228,,
9/12/2016,EFFR,0.4,0.31,0.4,0.41,0.55,63,0.25,0.5
9/12/2016,OBFR,0.4,0.3,0.4,0.41,0.49,243,,
9/13/2016,EFFR,0.4,0.36,0.4,0.41,0.5,60,0.25,0.5
9/13/2016,OBFR,0.4,0.27,0.4,0.41,0.49,229,,
9/14/2016,EFFR,0.4,0.36,0.4,0.41,0.5,59,0.25,0.5
9/14/2016,OBFR,0.4,0.3,0.4,0.41,0.49,224,,
9/15/2016,EFFR,0.4,0.3,0.4,0.41,0.55,63,0.25,0.5
9/15/2016,OBFR,0.4,0.26,0.4,0.41,0.49,233,,
9/16/2016,EFFR,0.4,0.36,0.4,0.41,0.5,60,0.25,0.5
9/16/2016,OBFR,0.4,0.25,0.4,0.41,0.49,231,,
9/19/2016,EFFR,0.4,0.36,0.4,0.41,0.53,59,0.25,0.5
9/19/2016,OBFR,0.4,0.27,0.4,0.41,0.49,230,,
9/20/2016,EFFR,0.4,0.36,0.4,0.41,0.53,57,0.25,0.5
9/20/2016,OBFR,0.4,0.25,0.4,0.41,0.49,232,,
9/21/2016,EFFR,0.4,0.36,0.4,0.41,0.5,61,0.25,0.5
9/21/2016,OBFR,0.4,0.3,0.4,0.41,0.49,221,,
9/22/2016,EFFR,0.4,0.36,0.4,0.41,0.53,62,0.25,0.5
9/22/2016,OBFR,0.4,0.27,0.4,0.41,0.49,226,,
9/23/2016,EFFR,0.4,0.36,0.4,0.41,0.5,61,0.25,0.5
9/23/2016,OBFR,0.4,0.05,0.4,0.41,0.49,222,,
9/26/2016,EFFR,0.4,0.36,0.4,0.41,0.5,63,0.25,0.5
9/26/2016,OBFR,0.4,0.25,0.4,0.41,0.49,213,,
9/27/2016,EFFR,0.4,0.35,0.4,0.41,0.5,64,0.25,0.5
9/27/2016,OBFR,0.4,0.25,0.4,0.41,0.49,186,,
9/28/2016,EFFR,0.4,0.26,0.4,0.41,0.5,70,0.25,0.5
9/28/2016,OBFR,0.4,0.25,0.4,0.41,0.5,205,,
9/29/2016,EFFR,0.4,0.36,0.4,0.41,0.5,67,0.25,0.5
9/29/2016,OBFR,0.4,0.25,0.4,0.41,0.49,197,,
9/30/2016,EFFR,0.29,0.26,0.28,0.3,0.5,58,0.25,0.5
9/30/2016,OBFR,0.29,0.25,0.28,0.3,0.5,142,,
10/3/2016,EFFR,0.4,0.26,0.4,0.41,0.5,66,0.25,0.5
10/3/2016,OBFR,0.4,0.25,0.4,0.41,0.49,193,,
10/4/2016,EFFR,0.4,0.26,0.4,0.41,0.5,61,0.25,0.5
10/4/2016,OBFR,0.4,0.26,0.4,0.41,0.49,188,,
10/5/2016,EFFR,0.4,0.26,0.4,0.41,0.5,63,0.25,0.5
10/5/2016,OBFR,0.4,0.26,0.4,0.41,0.49,176,,
10/6/2016,EFFR,0.4,0.26,0.4,0.41,0.5,65,0.25,0.5
10/6/2016,OBFR,0.4,0.28,0.4,0.41,0.5,177,,
10/7/2016,EFFR,0.4,0.26,0.4,0.41,0.5,66,0.25,0.5
10/7/2016,OBFR,0.41,0.26,0.4,0.41,0.5,176,,
10/11/2016,EFFR,0.41,0.3,0.4,0.41,0.55,63,0.25,0.5
10/11/2016,OBFR,0.41,0.26,0.4,0.41,0.5,169,,
10/12/2016,EFFR,0.41,0.26,0.4,0.41,0.5,70,0.25,0.5
10/12/2016,OBFR,0.41,0.26,0.4,0.41,0.5,178,,
10/13/2016,EFFR,0.41,0.26,0.4,0.41,0.5,67,0.25,0.5
10/13/2016,OBFR,0.41,0.25,0.4,0.41,0.5,168,,
10/14/2016,EFFR,0.41,0.36,0.4,0.41,0.5,66,0.25,0.5
10/14/2016,OBFR,0.41,0.3,0.4,0.41,0.5,163,,
10/17/2016,EFFR,0.41,0.26,0.4,0.41,0.5,62,0.25,0.5
10/17/2016,OBFR,0.41,0.26,0.4,0.41,0.5,163,,
10/18/2016,EFFR,0.41,0.26,0.4,0.41,0.5,67,0.25,0.5
10/18/2016,OBFR,0.41,0.26,0.4,0.41,0.5,168,,
10/19/2016,EFFR,0.41,0.26,0.4,0.41,0.5,66,0.25,0.5
10/19/2016,OBFR,0.41,0.26,0.4,0.41,0.5,170,,
10/20/2016,EFFR,0.41,0.26,0.4,0.41,0.5,70,0.25,0.5
10/20/2016,OBFR,0.41,0.26,0.4,0.41,0.5,176,,
10/21/2016,EFFR,0.41,0.26,0.4,0.41,0.55,70,0.25,0.5
10/21/2016,OBFR,0.41,0.26,0.4,0.41,0.5,181,,
10/24/2016,EFFR,0.41,0.26,0.4,0.41,0.55,65,0.25,0.5
10/24/2016,OBFR,0.41,0.05,0.4,0.41,0.5,177,,
10/25/2016,EFFR,0.41,0.34,0.4,0.41,0.5,73,0.25,0.5
10/25/2016,OBFR,0.41,0.28,0.4,0.41,0.5,179,,
10/26/2016,EFFR,0.41,0.26,0.4,0.41,0.5,66,0.25,0.5
10/26/2016,OBFR,0.41,0.26,0.4,0.41,0.5,163,,
10/27/2016,EFFR,0.41,0.26,0.4,0.41,0.5,65,0.25,0.5
10/27/2016,OBFR,0.41,0.25,0.4,0.41,0.5,158,,
10/28/2016,EFFR,0.41,0.3,0.4,0.41,0.5,67,0.25,0.5
10/28/2016,OBFR,0.41,0.28,0.4,0.41,0.5,163,,
10/31/2016,EFFR,0.31,0.25,0.3,0.32,0.5,61,0.25,0.5
10/31/2016,OBFR,0.31,0.25,0.3,0.32,0.5,147,,
11/1/2016,EFFR,0.41,0.3,0.4,0.41,0.5,63,0.25,0.5
11/1/2016,OBFR,0.41,0.3,0.4,0.41,0.5,157,,
11/2/2016,EFFR,0.41,0.3,0.4,0.41,0.5,67,0.25,0.5
11/2/2016,OBFR,0.41,0.3,0.4,0.41,0.5,161,,
11/3/2016,EFFR,0.41,0.36,0.4,0.41,0.5,63,0.25,0.5
11/3/2016,OBFR,0.41,0.28,0.4,0.41,0.5,159,,
11/4/2016,EFFR,0.41,0.3,0.4,0.41,0.5,65,0.25,0.5
11/4/2016,OBFR,0.41,0.25,0.4,0.41,0.5,157,,
11/7/2016,EFFR,0.41,0.36,0.4,0.41,0.5,62,0.25,0.5
11/7/2016,OBFR,0.41,0.3,0.4,0.41,0.5,166,,
11/8/2016,EFFR,0.41,0.36,0.4,0.41,0.5,61,0.25,0.5
11/8/2016,OBFR,0.41,0.3,0.4,0.41,0.5,162,,
11/9/2016,EFFR,0.41,0.3,0.4,0.41,0.5,65,0.25,0.5
11/9/2016,OBFR,0.41,0.26,0.4,0.41,0.5,172,,
11/10/2016,EFFR,0.41,0.36,0.4,0.41,0.5,64,0.25,0.5
11/10/2016,OBFR,0.41,0.26,0.4,0.41,0.5,141,,
11/14/2016,EFFR,0.41,0.36,0.4,0.41,0.5,59,0.25,0.5
11/14/2016,OBFR,0.41,0.28,0.4,0.41,0.5,167,,
11/15/2016,EFFR,0.41,0.31,0.41,0.41,0.5,66,0.25,0.5
11/15/2016,OBFR,0.41,0.3,0.4,0.41,0.49,174,,
11/16/2016,EFFR,0.41,0.36,0.41,0.41,0.5,70,0.25,0.5
11/16/2016,OBFR,0.41,0.3,0.41,0.42,0.49,180,,
11/17/2016,EFFR,0.41,0.32,0.41,0.41,0.5,73,0.25,0.5
11/17/2016,OBFR,0.41,0.3,0.4,0.41,0.5,172,,
11/18/2016,EFFR,0.41,0.3,0.41,0.41,0.52,72,0.25,0.5
11/18/2016,OBFR,0.41,0.3,0.41,0.41,0.5,178,,
11/21/2016,EFFR,0.41,0.36,0.41,0.41,0.56,76,0.25,0.5
11/21/2016,OBFR,0.41,0.3,0.41,0.41,0.5,185,,
11/22/2016,EFFR,0.41,0.3,0.41,0.41,0.53,77,0.25,0.5
11/22/2016,OBFR,0.41,0.3,0.41,0.41,0.5,177,,
11/23/2016,EFFR,0.41,0.3,0.41,0.41,0.5,78,0.25,0.5
11/23/2016,OBFR,0.41,0.05,0.41,0.41,0.55,184,,
11/25/2016,EFFR,0.41,0.3,0.41,0.41,0.5,76,0.25,0.5
11/25/2016,OBFR,0.41,0.25,0.41,0.41,0.5,182,,
11/28/2016,EFFR,0.41,0.36,0.41,0.41,0.53,69,0.25,0.5
11/28/2016,OBFR,0.41,0.3,0.41,0.42,0.5,178,,
11/29/2016,EFFR,0.41,0.3,0.41,0.41,0.5,75,0.25,0.5
11/29/2016,OBFR,0.41,0.3,0.41,0.41,0.5,181,,
11/30/2016,EFFR,0.31,0.28,0.31,0.32,0.55,68,0.25,0.5
11/30/2016,OBFR,0.31,0.28,0.31,0.32,0.5,166,,
12/1/2016,EFFR,0.41,0.25,0.41,0.41,0.5,81,0.25,0.5
12/1/2016,OBFR,0.41,0.25,0.41,0.41,0.5,173,,
12/2/2016,EFFR,0.41,0.25,0.41,0.41,0.49,81,0.25,0.5
12/2/2016,OBFR,0.41,0.25,0.41,0.41,0.5,179,,
12/5/2016,EFFR,0.41,0.3,0.41,0.41,0.5,77,0.25,0.5
12/5/2016,OBFR,0.41,0.3,0.41,0.41,0.5,185,,
12/6/2016,EFFR,0.41,0.3,0.41,0.41,0.5,75,0.25,0.5
12/6/2016,OBFR,0.41,0.3,0.41,0.41,0.5,183,,
12/7/2016,EFFR,0.41,0.3,0.41,0.41,0.5,76,0.25,0.5
12/7/2016,OBFR,0.41,0.3,0.41,0.41,0.5,181,,
12/8/2016,EFFR,0.41,0.3,0.41,0.41,0.5,75,0.25,0.5
12/8/2016,OBFR,0.41,0.3,0.41,0.41,0.52,173,,
12/9/2016,EFFR,0.41,0.3,0.41,0.41,0.5,68,0.25,0.5
12/9/2016,OBFR,0.41,0.3,0.41,0.41,0.5,171,,
12/12/2016,EFFR,0.41,0.3,0.41,0.41,0.53,71,0.25,0.5
12/12/2016,OBFR,0.41,0.3,0.41,0.42,0.5,181,,
12/13/2016,EFFR,0.41,0.34,0.41,0.41,0.5,73,0.25,0.5
12/13/2016,OBFR,0.41,0.3,0.41,0.42,0.5,176,,
12/14/2016,EFFR,0.41,0.3,0.41,0.41,0.5,78,0.25,0.5
12/14/2016,OBFR,0.41,0.3,0.41,0.42,0.5,187,,
12/15/2016,EFFR,0.66,0.41,0.66,0.66,0.75,74,0.5,0.75
12/15/2016,OBFR,0.66,0.41,0.66,0.66,0.75,170,,
12/16/2016,EFFR,0.66,0.59,0.66,0.66,0.75,72,0.5,0.75
12/16/2016,OBFR,0.66,0.5,0.66,0.66,0.75,184,,
12/19/2016,EFFR,0.66,0.6,0.66,0.66,0.8,69,0.5,0.75
12/19/2016,OBFR,0.66,0.5,0.66,0.67,0.75,171,,
12/20/2016,EFFR,0.66,0.63,0.66,0.66,0.75,70,0.5,0.75
12/20/2016,OBFR,0.66,0.5,0.66,0.67,0.75,175,,
12/21/2016,EFFR,0.66,0.63,0.66,0.66,0.78,73,0.5,0.75
12/21/2016,OBFR,0.66,0.5,0.66,0.67,0.75,169,,
12/22/2016,EFFR,0.66,0.53,0.66,0.66,0.8,73,0.5,0.75
12/22/2016,OBFR,0.66,0.5,0.66,0.67,0.75,173,,
12/23/2016,EFFR,0.66,0.63,0.66,0.66,0.8,73,0.5,0.75
12/23/2016,OBFR,0.66,0.15,0.66,0.67,0.75,167,,
12/27/2016,EFFR,0.66,0.5,0.66,0.66,0.8,74,0.5,0.75
12/27/2016,OBFR,0.66,0.5,0.66,0.67,0.77,173,,
12/28/2016,EFFR,0.66,0.54,0.66,0.67,0.81,74,0.5,0.75
12/28/2016,OBFR,0.66,0.5,0.66,0.67,0.77,172,,
12/29/2016,EFFR,0.66,0.5,0.66,0.66,0.8,73,0.5,0.75
12/29/2016,OBFR,0.66,0.5,0.66,0.67,0.77,167,,
12/30/2016,EFFR,0.55,0.5,0.52,0.55,0.82,48,0.5,0.75
12/30/2016,OBFR,0.55,0.45,0.52,0.55,1.3,122,,
1/3/2017,EFFR,0.66,0.5,0.66,0.66,0.8,80,0.5,0.75
1/3/2017,OBFR,0.66,0.5,0.66,0.67,0.77,167,,
1/4/2017,EFFR,0.66,0.5,0.66,0.66,0.75,79,0.5,0.75
1/4/2017,OBFR,0.66,0.5,0.66,0.67,0.77,188,,
1/5/2017,EFFR,0.66,0.5,0.66,0.66,0.78,77,0.5,0.75
1/5/2017,OBFR,0.66,0.5,0.66,0.67,0.77,181,,
1/6/2017,EFFR,0.66,0.5,0.66,0.66,0.8,79,0.5,0.75
1/6/2017,OBFR,0.66,0.5,0.66,0.67,0.77,191,,
1/9/2017,EFFR,0.66,0.5,0.66,0.67,0.75,74,0.5,0.75
1/9/2017,OBFR,0.66,0.5,0.66,0.67,0.77,188,,
1/10/2017,EFFR,0.66,0.5,0.66,0.67,0.8,77,0.5,0.75
1/10/2017,OBFR,0.66,0.5,0.66,0.67,0.77,197,,
1/11/2017,EFFR,0.66,0.63,0.66,0.67,0.75,80,0.5,0.75
1/11/2017,OBFR,0.66,0.5,0.66,0.67,0.77,195,,
1/12/2017,EFFR,0.66,0.5,0.66,0.67,0.75,84,0.5,0.75
1/12/2017,OBFR,0.66,0.5,0.66,0.67,0.77,200,,
1/13/2017,EFFR,0.66,0.64,0.66,0.67,0.75,74,0.5,0.75
1/13/2017,OBFR,0.66,0.45,0.66,0.67,0.77,179,,
1/17/2017,EFFR,0.66,0.64,0.66,0.68,0.8,68,0.5,0.75
1/17/2017,OBFR,0.66,0.5,0.66,0.67,0.77,183,,
1/18/2017,EFFR,0.66,0.64,0.66,0.67,0.75,69,0.5,0.75
1/18/2017,OBFR,0.66,0.5,0.66,0.67,0.77,177,,
1/19/2017,EFFR,0.66,0.63,0.66,0.68,0.8,68,0.5,0.75
1/19/2017,OBFR,0.66,0.45,0.66,0.67,0.77,177,,
1/20/2017,EFFR,0.66,0.64,0.66,0.68,0.78,70,0.5,0.75
1/20/2017,OBFR,0.66,0.5,0.66,0.67,0.77,176,,
1/23/2017,EFFR,0.66,0.64,0.66,0.68,0.81,64,0.5,0.75
1/23/2017,OBFR,0.66,0.5,0.66,0.68,0.77,185,,
1/24/2017,EFFR,0.66,0.64,0.66,0.67,0.8,66,0.5,0.75
1/24/2017,OBFR,0.66,0.15,0.66,0.67,0.77,189,,
1/25/2017,EFFR,0.66,0.64,0.66,0.68,0.78,72,0.5,0.75
1/25/2017,OBFR,0.66,0.5,0.66,0.67,0.77,194,,
1/26/2017,EFFR,0.66,0.64,0.66,0.67,0.78,80,0.5,0.75
1/26/2017,OBFR,0.66,0.5,0.66,0.67,0.77,199,,
1/27/2017,EFFR,0.66,0.64,0.66,0.67,0.78,77,0.5,0.75
1/27/2017,OBFR,0.66,0.45,0.66,0.67,0.77,194,,
1/30/2017,EFFR,0.66,0.65,0.66,0.67,0.8,71,0.5,0.75
1/30/2017,OBFR,0.66,0.5,0.66,0.67,0.77,197,,
1/31/2017,EFFR,0.56,0.55,0.56,0.57,0.8,74,0.5,0.75
1/31/2017,OBFR,0.56,0.5,0.56,0.58,0.77,201,,
2/1/2017,EFFR,0.66,0.62,0.66,0.67,0.8,80,0.5,0.75
2/1/2017,OBFR,0.66,0.5,0.66,0.67,0.77,198,,
2/2/2017,EFFR,0.66,0.63,0.66,0.67,0.8,82,0.5,0.75
2/2/2017,OBFR,0.66,0.53,0.66,0.67,0.77,202,,
2/3/2017,EFFR,0.66,0.62,0.66,0.67,0.8,82,0.5,0.75
2/3/2017,OBFR,0.66,0.53,0.66,0.67,0.77,201,,
2/6/2017,EFFR,0.66,0.62,0.66,0.67,0.8,82,0.5,0.75
2/6/2017,OBFR,0.66,0.53,0.66,0.67,0.77,215,,
2/7/2017,EFFR,0.66,0.6,0.66,0.67,0.8,75,0.5,0.75
2/7/2017,OBFR,0.66,0.5,0.66,0.67,0.77,205,,
2/8/2017,EFFR,0.66,0.64,0.66,0.67,0.8,80,0.5,0.75
2/8/2017,OBFR,0.66,0.53,0.66,0.67,0.77,210,,
2/9/2017,EFFR,0.66,0.64,0.66,0.67,0.8,76,0.5,0.75
2/9/2017,OBFR,0.66,0.53,0.66,0.67,0.77,204,,
2/10/2017,EFFR,0.66,0.64,0.66,0.67,0.8,78,0.5,0.75
2/10/2017,OBFR,0.66,0.5,0.66,0.67,0.77,216,,
2/13/2017,EFFR,0.66,0.6,0.66,0.67,0.8,75,0.5,0.75
2/13/2017,OBFR,0.66,0.5,0.66,0.67,0.77,207,,
2/14/2017,EFFR,0.66,0.64,0.66,0.67,0.8,73,0.5,0.75
2/14/2017,OBFR,0.66,0.5,0.66,0.67,0.77,204,,
2/15/2017,EFFR,0.66,0.6,0.66,0.67,0.8,79,0.5,0.75
2/15/2017,OBFR,0.66,0.53,0.66,0.67,0.77,210,,
2/16/2017,EFFR,0.66,0.63,0.66,0.67,0.8,81,0.5,0.75
2/16/2017,OBFR,0.66,0.52,0.66,0.67,0.77,220,,
2/17/2017,EFFR,0.66,0.64,0.66,0.67,0.8,82,0.5,0.75
2/17/2017,OBFR,0.66,0.53,0.66,0.67,0.77,221,,
2/21/2017,EFFR,0.66,0.6,0.66,0.67,0.8,74,0.5,0.75
2/21/2017,OBFR,0.66,0.53,0.66,0.67,0.77,215,,
2/22/2017,EFFR,0.66,0.55,0.66,0.67,0.8,81,0.5,0.75
2/22/2017,OBFR,0.66,0.53,0.66,0.68,0.77,223,,
2/23/2017,EFFR,0.66,0.55,0.66,0.67,0.8,88,0.5,0.75
2/23/2017,OBFR,0.66,0.53,0.66,0.67,0.77,227,,
2/24/2017,EFFR,0.66,0.55,0.66,0.67,0.8,87,0.5,0.75
2/24/2017,OBFR,0.66,0.15,0.66,0.67,0.77,224,,
2/27/2017,EFFR,0.66,0.6,0.66,0.67,0.78,85,0.5,0.75
2/27/2017,OBFR,0.66,0.5,0.66,0.67,0.77,226,,
2/28/2017,EFFR,0.57,0.55,0.56,0.57,0.78,86,0.5,0.75
2/28/2017,OBFR,0.57,0.5,0.56,0.57,0.77,202,,
3/1/2017,EFFR,0.66,0.6,0.66,0.67,0.75,84,0.5,0.75
3/1/2017,OBFR,0.66,0.53,0.66,0.67,0.77,210,,
3/2/2017,EFFR,0.66,0.53,0.66,0.67,0.78,85,0.5,0.75
3/2/2017,OBFR,0.66,0.5,0.66,0.67,0.77,221,,
3/3/2017,EFFR,0.66,0.6,0.66,0.67,0.75,88,0.5,0.75
3/3/2017,OBFR,0.66,0.5,0.66,0.67,0.77,211,,
3/6/2017,EFFR,0.66,0.6,0.66,0.67,0.8,83,0.5,0.75
3/6/2017,OBFR,0.66,0.5,0.66,0.67,0.77,210,,
3/7/2017,EFFR,0.66,0.62,0.66,0.67,0.75,83,0.5,0.75
3/7/2017,OBFR,0.66,0.53,0.66,0.67,0.77,205,,
3/8/2017,EFFR,0.66,0.64,0.66,0.67,0.8,84,0.5,0.75
3/8/2017,OBFR,0.66,0.54,0.66,0.67,0.77,207,,
3/9/2017,EFFR,0.66,0.64,0.66,0.67,0.8,86,0.5,0.75
3/9/2017,OBFR,0.66,0.55,0.66,0.67,0.77,207,,
3/10/2017,EFFR,0.66,0.58,0.66,0.67,0.78,84,0.5,0.75
3/10/2017,OBFR,0.66,0.5,0.66,0.67,0.77,206,,
3/13/2017,EFFR,0.66,0.55,0.66,0.67,0.75,83,0.5,0.75
3/13/2017,OBFR,0.66,0.5,0.66,0.67,0.77,205,,
3/14/2017,EFFR,0.66,0.6,0.66,0.67,0.75,79,0.5,0.75
3/14/2017,OBFR,0.66,0.53,0.66,0.67,0.77,195,,
3/15/2017,EFFR,0.66,0.55,0.66,0.67,0.8,88,0.5,0.75
3/15/2017,OBFR,0.66,0.5,0.66,0.67,0.77,221,,
3/16/2017,EFFR,0.91,0.8,0.91,0.91,1.03,85,0.75,1
3/16/2017,OBFR,0.91,0.75,0.91,0.91,1.02,209,,
3/17/2017,EFFR,0.91,0.8,0.91,0.91,1.03,83,0.75,1
3/17/2017,OBFR,0.91,0.75,0.91,0.92,1.02,209,,
3/20/2017,EFFR,0.91,0.89,0.91,0.91,1.05,80,0.75,1
3/20/2017,OBFR,0.91,0.75,0.91,0.92,1.02,202,,
3/21/2017,EFFR,0.91,0.8,0.91,0.91,1.03,83,0.75,1
3/21/2017,OBFR,0.91,0.75,0.91,0.92,1.02,208,,
3/22/2017,EFFR,0.91,0.8,0.91,0.91,1,81,0.75,1
3/22/2017,OBFR,0.91,0.7,0.91,0.92,1.02,200,,
3/23/2017,EFFR,0.91,0.85,0.91,0.91,1.03,80,0.75,1
3/23/2017,OBFR,0.91,0.75,0.91,0.92,1.02,196,,
3/24/2017,EFFR,0.91,0.83,0.91,0.91,1.05,85,0.75,1
3/24/2017,OBFR,0.91,0.15,0.91,0.92,1.02,200,,
3/27/2017,EFFR,0.91,0.89,0.91,0.91,1.03,84,0.75,1
3/27/2017,OBFR,0.91,0.75,0.91,0.92,1.02,189,,
3/28/2017,EFFR,0.91,0.8,0.91,0.91,1,86,0.75,1
3/28/2017,OBFR,0.91,0.75,0.91,0.92,1.02,184,,
3/29/2017,EFFR,0.91,0.89,0.91,0.91,1,84,0.75,1
3/29/2017,OBFR,0.91,0.65,0.91,0.92,1.02,174,,
3/30/2017,EFFR,0.91,0.83,0.91,0.91,1,79,0.75,1
3/30/2017,OBFR,0.91,0.7,0.91,0.92,1.02,171,,
3/31/2017,EFFR,0.82,0.75,0.8,0.82,1,74,0.75,1
3/31/2017,OBFR,0.82,0.7,0.8,0.82,1.02,167,,
4/3/2017,EFFR,0.91,0.77,0.91,0.91,1,82,0.75,1
4/3/2017,OBFR,0.91,0.75,0.91,0.92,1.02,189,,
4/4/2017,EFFR,0.91,0.8,0.91,0.91,0.97,81,0.75,1
4/4/2017,OBFR,0.91,0.75,0.91,0.92,1.02,193,,
4/5/2017,EFFR,0.91,0.83,0.91,0.91,0.97,76,0.75,1
4/5/2017,OBFR,0.91,0.75,0.91,0.92,1.02,189,,
4/6/2017,EFFR,0.91,0.85,0.91,0.91,1,79,0.75,1
4/6/2017,OBFR,0.91,0.75,0.91,0.92,1.02,192,,
4/7/2017,EFFR,0.91,0.8,0.91,0.91,1,78,0.75,1
4/7/2017,OBFR,0.91,0.75,0.91,0.92,1.02,191,,
4/10/2017,EFFR,0.91,0.8,0.91,0.92,1,74,0.75,1
4/10/2017,OBFR,0.91,0.75,0.91,0.92,1.02,187,,
4/11/2017,EFFR,0.91,0.8,0.91,0.92,1,75,0.75,1
4/11/2017,OBFR,0.91,0.75,0.91,0.92,1.02,193,,
4/12/2017,EFFR,0.91,0.8,0.91,0.92,1,78,0.75,1
4/12/2017,OBFR,0.91,0.75,0.91,0.92,1.02,190,,
4/13/2017,EFFR,0.91,0.8,0.91,0.92,1,78,0.75,1
4/13/2017,OBFR,0.91,0.65,0.91,0.92,1.02,104,,
4/14/2017,EFFR,0.91,0.8,0.91,0.91,1,80,0.75,1
4/14/2017,OBFR,0.91,0.65,0.91,0.91,1.02,97,,
4/17/2017,EFFR,0.91,0.83,0.91,0.91,1,73,0.75,1
4/17/2017,OBFR,0.91,0.75,0.91,0.92,1.02,192,,
4/18/2017,EFFR,0.91,0.89,0.91,0.92,1,68,0.75,1
4/18/2017,OBFR,0.91,0.75,0.91,0.92,1.02,193,,
4/19/2017,EFFR,0.91,0.9,0.91,0.92,1,73,0.75,1
4/19/2017,OBFR,0.91,0.75,0.91,0.92,1.02,194,,
4/20/2017,EFFR,0.91,0.9,0.91,0.92,1,76,0.75,1
4/20/2017,OBFR,0.91,0.75,0.91,0.92,1.02,197,,
4/21/2017,EFFR,0.91,0.89,0.91,0.92,1,73,0.75,1
4/21/2017,OBFR,0.91,0.75,0.91,0.92,1.02,202,,
4/24/2017,EFFR,0.91,0.9,0.91,0.92,1.05,69,0.75,1
4/24/2017,OBFR,0.91,0.15,0.91,0.92,1.02,202,,
4/25/2017,EFFR,0.91,0.89,0.91,0.92,1.05,68,0.75,1
4/25/2017,OBFR,0.91,0.75,0.91,0.92,1.02,191,,
4/26/2017,EFFR,0.91,0.89,0.91,0.92,1,74,0.75,1
4/26/2017,OBFR,0.91,0.78,0.91,0.92,1.02,188,,
4/27/2017,EFFR,0.91,0.82,0.91,0.92,1.05,72,0.75,1
4/27/2017,OBFR,0.91,0.55,0.91,0.92,1.02,186,,
4/28/2017,EFFR,0.83,0.8,0.82,0.84,1.06,65,0.75,1
4/28/2017,OBFR,0.83,0.79,0.82,0.83,1.06,169,,
5/1/2017,EFFR,0.91,0.89,0.91,0.92,1.05,70,0.75,1
5/1/2017,OBFR,0.91,0.75,0.91,0.92,1.02,174,,
5/2/2017,EFFR,0.91,0.9,0.91,0.92,1.03,71,0.75,1
5/2/2017,OBFR,0.91,0.8,0.91,0.92,1.02,195,,
5/3/2017,EFFR,0.91,0.89,0.91,0.92,1,75,0.75,1
5/3/2017,OBFR,0.91,0.75,0.91,0.92,1.02,197,,
5/4/2017,EFFR,0.91,0.9,0.91,0.92,1.03,74,0.75,1
5/4/2017,OBFR,0.91,0.78,0.91,0.92,1.02,199,,
5/5/2017,EFFR,0.91,0.9,0.91,0.92,1,79,0.75,1
5/5/2017,OBFR,0.91,0.77,0.91,0.92,1.02,196,,
5/8/2017,EFFR,0.91,0.89,0.91,0.92,1,78,0.75,1
5/8/2017,OBFR,0.91,0.8,0.91,0.92,1.02,197,,
5/9/2017,EFFR,0.91,0.89,0.91,0.92,1,74,0.75,1
5/9/2017,OBFR,0.91,0.8,0.91,0.92,1.02,196,,
5/10/2017,EFFR,0.91,0.89,0.91,0.92,1,73,0.75,1
5/10/2017,OBFR,0.91,0.8,0.91,0.92,1.02,198,,
5/11/2017,EFFR,0.91,0.89,0.91,0.92,0.97,73,0.75,1
5/11/2017,OBFR,0.91,0.8,0.91,0.92,1.02,198,,
5/12/2017,EFFR,0.91,0.89,0.91,0.92,0.97,78,0.75,1
5/12/2017,OBFR,0.91,0.78,0.91,0.92,1.02,199,,
5/15/2017,EFFR,0.91,0.89,0.91,0.92,0.97,83,0.75,1
5/15/2017,OBFR,0.91,0.78,0.91,0.92,1.03,213,,
5/16/2017,EFFR,0.91,0.85,0.91,0.92,1,79,0.75,1
5/16/2017,OBFR,0.91,0.75,0.91,0.93,1.03,209,,
5/17/2017,EFFR,0.91,0.89,0.91,0.92,1,80,0.75,1
5/17/2017,OBFR,0.91,0.8,0.91,0.92,1.03,204,,
5/18/2017,EFFR,0.91,0.9,0.91,0.92,1,73,0.75,1
5/18/2017,OBFR,0.91,0.8,0.91,0.92,1.03,196,,
5/19/2017,EFFR,0.91,0.9,0.91,0.92,1,82,0.75,1
5/19/2017,OBFR,0.91,0.8,0.91,0.92,1.03,206,,
5/22/2017,EFFR,0.91,0.9,0.91,0.92,1.05,80,0.75,1
5/22/2017,OBFR,0.91,0.78,0.91,0.92,1.03,207,,
5/23/2017,EFFR,0.91,0.9,0.91,0.92,1.05,79,0.75,1
5/23/2017,OBFR,0.91,0.8,0.91,0.92,1.03,203,,
5/24/2017,EFFR,0.91,0.9,0.91,0.92,1,79,0.75,1
5/24/2017,OBFR,0.91,0.15,0.91,0.92,1.03,202,,
5/25/2017,EFFR,0.91,0.9,0.91,0.92,1.05,86,0.75,1
5/25/2017,OBFR,0.91,0.78,0.91,0.92,1.03,210,,
5/26/2017,EFFR,0.91,0.9,0.91,0.92,1,85,0.75,1
5/26/2017,OBFR,0.91,0.8,0.91,0.92,1.03,198,,
5/30/2017,EFFR,0.91,0.9,0.91,0.92,1,86,0.75,1
5/30/2017,OBFR,0.91,0.8,0.91,0.92,1.03,206,,
5/31/2017,EFFR,0.83,0.81,0.82,0.83,1.05,79,0.75,1
5/31/2017,OBFR,0.83,0.75,0.82,0.83,1.03,197,,
6/1/2017,EFFR,0.91,0.8,0.91,0.92,1.05,84,0.75,1
6/1/2017,OBFR,0.91,0.8,0.91,0.92,1.03,201,,
6/2/2017,EFFR,0.91,0.9,0.91,0.92,1,92,0.75,1
6/2/2017,OBFR,0.91,0.8,0.91,0.92,1.03,215,,
6/5/2017,EFFR,0.91,0.9,0.91,0.92,1.05,88,0.75,1
6/5/2017,OBFR,0.91,0.78,0.91,0.92,1.03,218,,
6/6/2017,EFFR,0.91,0.9,0.91,0.92,1,86,0.75,1
6/6/2017,OBFR,0.91,0.78,0.91,0.92,1.03,211,,
6/7/2017,EFFR,0.91,0.9,0.91,0.92,1,86,0.75,1
6/7/2017,OBFR,0.91,0.8,0.91,0.92,1.03,205,,
6/8/2017,EFFR,0.91,0.9,0.91,0.92,1,87,0.75,1
6/8/2017,OBFR,0.91,0.8,0.91,0.92,1.03,205,,
6/9/2017,EFFR,0.91,0.9,0.91,0.92,1,84,0.75,1
6/9/2017,OBFR,0.91,0.82,0.91,0.92,1.02,203,,
6/12/2017,EFFR,0.91,0.89,0.91,0.92,1.03,80,0.75,1
6/12/2017,OBFR,0.91,0.7,0.91,0.92,1.02,201,,
6/13/2017,EFFR,0.91,0.9,0.91,0.92,1.05,79,0.75,1
6/13/2017,OBFR,0.91,0.7,0.91,0.92,1.03,202,,
6/14/2017,EFFR,0.91,0.89,0.91,0.92,1,75,0.75,1
6/14/2017,OBFR,0.91,0.8,0.91,0.92,1.03,197,,
6/15/2017,EFFR,1.16,1.15,1.16,1.17,1.22,73,1,1.25
6/15/2017,OBFR,1.16,1.05,1.16,1.17,1.28,199,,
6/16/2017,EFFR,1.16,1.15,1.16,1.17,1.25,72,1,1.25
6/16/2017,OBFR,1.16,1.05,1.16,1.17,1.28,197,,
6/19/2017,EFFR,1.16,1.15,1.16,1.17,1.25,74,1,1.25
6/19/2017,OBFR,1.16,1,1.16,1.17,1.28,202,,
6/20/2017,EFFR,1.16,1.14,1.16,1.17,1.28,79,1,1.25
6/20/2017,OBFR,1.16,1,1.16,1.17,1.28,212,,
6/21/2017,EFFR,1.16,1.15,1.16,1.17,1.28,79,1,1.25
6/21/2017,OBFR,1.16,1,1.16,1.17,1.28,206,,
6/22/2017,EFFR,1.16,1.15,1.16,1.17,1.31,78,1,1.25
6/22/2017,OBFR,1.16,1,1.16,1.17,1.28,201,,
6/23/2017,EFFR,1.16,1.15,1.16,1.17,1.31,83,1,1.25
6/23/2017,OBFR,1.16,0.15,1.16,1.17,1.28,205,,
6/26/2017,EFFR,1.16,1.15,1.16,1.17,1.31,81,1,1.25
6/26/2017,OBFR,1.16,1,1.16,1.17,1.28,201,,
6/27/2017,EFFR,1.16,1.15,1.16,1.17,1.31,82,1,1.25
6/27/2017,OBFR,1.16,1,1.16,1.17,1.28,206,,
6/28/2017,EFFR,1.16,1.15,1.16,1.17,1.3,86,1,1.25
6/28/2017,OBFR,1.16,1,1.16,1.17,1.28,194,,
6/29/2017,EFFR,1.16,1.15,1.16,1.17,1.3,88,1,1.25
6/29/2017,OBFR,1.16,1,1.16,1.17,1.28,192,,
6/30/2017,EFFR,1.06,1.02,1.05,1.06,1.31,72,1,1.25
6/30/2017,OBFR,1.06,0.9,1.05,1.06,1.31,152,,
7/3/2017,EFFR,1.16,1.14,1.16,1.17,1.31,85,1,1.25
7/3/2017,OBFR,1.16,1,1.16,1.17,1.28,186,,
7/5/2017,EFFR,1.16,1.05,1.16,1.17,1.3,83,1,1.25
7/5/2017,OBFR,1.16,1,1.16,1.17,1.28,208,,
7/6/2017,EFFR,1.16,1.15,1.16,1.17,1.3,82,1,1.25
7/6/2017,OBFR,1.16,1.05,1.16,1.17,1.28,210,,
7/7/2017,EFFR,1.16,1.15,1.16,1.17,1.28,89,1,1.25
7/7/2017,OBFR,1.16,1.05,1.16,1.17,1.28,206,,
7/10/2017,EFFR,1.16,1.15,1.16,1.17,1.3,89,1,1.25
7/10/2017,OBFR,1.16,1,1.16,1.17,1.28,208,,
7/11/2017,EFFR,1.16,1.14,1.16,1.17,1.25,92,1,1.25
7/11/2017,OBFR,1.16,1.03,1.16,1.17,1.28,214,,
7/12/2017,EFFR,1.16,1.15,1.16,1.17,1.25,92,1,1.25
7/12/2017,OBFR,1.16,1.03,1.16,1.17,1.28,209,,
7/13/2017,EFFR,1.16,1.15,1.16,1.17,1.25,89,1,1.25
7/13/2017,OBFR,1.16,1.04,1.16,1.17,1.28,202,,
7/14/2017,EFFR,1.16,1.14,1.16,1.17,1.25,91,1,1.25
7/14/2017,OBFR,1.16,1.04,1.16,1.17,1.28,211,,
7/17/2017,EFFR,1.16,1.12,1.16,1.17,1.3,92,1,1.25
7/17/2017,OBFR,1.16,1.05,1.16,1.17,1.28,212,,
7/18/2017,EFFR,1.16,1.12,1.16,1.17,1.25,87,1,1.25
7/18/2017,OBFR,1.16,1.05,1.16,1.17,1.27,189,,
7/19/2017,EFFR,1.16,1.15,1.16,1.17,1.25,85,1,1.25
7/19/2017,OBFR,1.16,1.02,1.16,1.17,1.27,203,,
7/20/2017,EFFR,1.16,1.15,1.16,1.17,1.3,88,1,1.25
7/20/2017,OBFR,1.16,1.05,1.16,1.17,1.28,214,,
7/21/2017,EFFR,1.16,1.15,1.16,1.17,1.31,90,1,1.25
7/21/2017,OBFR,1.16,1.02,1.16,1.17,1.28,213,,
7/24/2017,EFFR,1.16,1.15,1.16,1.17,1.3,88,1,1.25
7/24/2017,OBFR,1.16,0.4,1.16,1.17,1.28,211,,
7/25/2017,EFFR,1.16,1.15,1.16,1.17,1.25,92,1,1.25
7/25/2017,OBFR,1.16,1,1.16,1.17,1.28,219,,
7/26/2017,EFFR,1.16,1.14,1.16,1.17,1.28,89,1,1.25
7/26/2017,OBFR,1.16,1.02,1.16,1.17,1.28,217,,
7/27/2017,EFFR,1.16,1.15,1.16,1.17,1.25,99,1,1.25
7/27/2017,OBFR,1.16,1.02,1.16,1.17,1.28,219,,
7/28/2017,EFFR,1.16,1.14,1.16,1.17,1.25,100,1,1.25
7/28/2017,OBFR,1.16,1,1.16,1.17,1.28,221,,
7/31/2017,EFFR,1.07,1.04,1.07,1.07,1.25,94,1,1.25
7/31/2017,OBFR,1.07,1,1.07,1.08,1.28,212,,
8/1/2017,EFFR,1.16,1.1,1.16,1.17,1.22,100,1,1.25
8/1/2017,OBFR,1.16,1.05,1.16,1.17,1.28,220,,
8/2/2017,EFFR,1.16,1.15,1.16,1.17,1.25,106,1,1.25
8/2/2017,OBFR,1.16,1.04,1.16,1.17,1.28,229,,
8/3/2017,EFFR,1.16,1.15,1.16,1.17,1.25,106,1,1.25
8/3/2017,OBFR,1.16,1.02,1.16,1.17,1.28,233,,
8/4/2017,EFFR,1.16,1.15,1.16,1.17,1.25,102,1,1.25
8/4/2017,OBFR,1.16,1.05,1.16,1.17,1.28,225,,
8/7/2017,EFFR,1.16,1.14,1.16,1.17,1.25,102,1,1.25
8/7/2017,OBFR,1.16,1.03,1.16,1.17,1.28,224,,
8/8/2017,EFFR,1.16,1.14,1.16,1.17,1.25,102,1,1.25
8/8/2017,OBFR,1.16,1.03,1.16,1.17,1.28,223,,
8/9/2017,EFFR,1.16,1.15,1.16,1.17,1.25,96,1,1.25
8/9/2017,OBFR,1.16,1.05,1.16,1.17,1.28,220,,
8/10/2017,EFFR,1.16,1.14,1.16,1.17,1.25,98,1,1.25
8/10/2017,OBFR,1.16,1.05,1.16,1.17,1.27,221,,
8/11/2017,EFFR,1.16,1.1,1.16,1.17,1.25,97,1,1.25
8/11/2017,OBFR,1.16,1.05,1.16,1.17,1.27,220,,
8/14/2017,EFFR,1.16,1.14,1.16,1.17,1.25,95,1,1.25
8/14/2017,OBFR,1.16,1,1.16,1.17,1.3,220,,
8/15/2017,EFFR,1.16,1.14,1.16,1.17,1.25,93,1,1.25
8/15/2017,OBFR,1.16,1.05,1.16,1.17,1.27,216,,
8/16/2017,EFFR,1.16,1.14,1.16,1.17,1.22,101,1,1.25
8/16/2017,OBFR,1.16,1.05,1.16,1.17,1.27,226,,
8/17/2017,EFFR,1.16,1.15,1.16,1.17,1.25,95,1,1.25
8/17/2017,OBFR,1.16,1,1.16,1.17,1.27,224,,
8/18/2017,EFFR,1.16,1.15,1.16,1.17,1.25,94,1,1.25
8/18/2017,OBFR,1.16,1.02,1.16,1.17,1.27,212,,
8/21/2017,EFFR,1.16,1.14,1.16,1.17,1.25,92,1,1.25
8/21/2017,OBFR,1.16,1.05,1.16,1.17,1.27,216,,
8/22/2017,EFFR,1.16,1.1,1.16,1.17,1.25,93,1,1.25
8/22/2017,OBFR,1.16,1,1.16,1.17,1.27,212,,
8/23/2017,EFFR,1.16,1.14,1.16,1.17,1.25,93,1,1.25
8/23/2017,OBFR,1.16,1.05,1.16,1.17,1.27,215,,
8/24/2017,EFFR,1.16,1.14,1.16,1.17,1.25,90,1,1.25
8/24/2017,OBFR,1.16,0.75,1.16,1.17,1.27,215,,
8/25/2017,EFFR,1.16,1.14,1.16,1.17,1.25,97,1,1.25
8/25/2017,OBFR,1.16,1.02,1.16,1.17,1.27,216,,
8/28/2017,EFFR,1.16,1.14,1.16,1.17,1.25,92,1,1.25
8/28/2017,OBFR,1.16,1.05,1.16,1.17,1.27,209,,
8/29/2017,EFFR,1.16,1.1,1.16,1.17,1.25,92,1,1.25
8/29/2017,OBFR,1.16,1.05,1.16,1.17,1.27,207,,
8/30/2017,EFFR,1.16,1.15,1.16,1.17,1.25,95,1,1.25
8/30/2017,OBFR,1.16,1.05,1.16,1.17,1.27,215,,
8/31/2017,EFFR,1.07,1.05,1.07,1.08,1.28,91,1,1.25
8/31/2017,OBFR,1.07,1,1.07,1.08,1.31,213,,
9/1/2017,EFFR,1.16,1.15,1.16,1.17,1.25,97,1,1.25
9/1/2017,OBFR,1.16,1.05,1.16,1.17,1.27,213,,
9/5/2017,EFFR,1.16,1.14,1.16,1.17,1.25,93,1,1.25
9/5/2017,OBFR,1.16,1.05,1.16,1.17,1.27,217,,
9/6/2017,EFFR,1.16,1.13,1.16,1.17,1.22,93,1,1.25
9/6/2017,OBFR,1.16,1.05,1.16,1.17,1.27,215,,
9/7/2017,EFFR,1.16,1.15,1.16,1.17,1.25,89,1,1.25
9/7/2017,OBFR,1.16,1.05,1.16,1.17,1.27,208,,
9/8/2017,EFFR,1.16,1.15,1.16,1.17,1.25,92,1,1.25
9/8/2017,OBFR,1.16,1.05,1.16,1.17,1.27,210,,
9/11/2017,EFFR,1.16,1.15,1.16,1.17,1.25,90,1,1.25
9/11/2017,OBFR,1.16,1,1.16,1.17,1.27,216,,
9/12/2017,EFFR,1.16,1.15,1.16,1.17,1.25,93,1,1.25
9/12/2017,OBFR,1.16,1.05,1.16,1.17,1.27,212,,
9/13/2017,EFFR,1.16,1.13,1.16,1.17,1.22,95,1,1.25
9/13/2017,OBFR,1.16,1.05,1.16,1.17,1.27,214,,
9/14/2017,EFFR,1.16,1.13,1.16,1.17,1.25,84,1,1.25
9/14/2017,OBFR,1.16,1.04,1.16,1.17,1.27,196,,
9/15/2017,EFFR,1.16,1.1,1.16,1.17,1.25,92,1,1.25
9/15/2017,OBFR,1.16,1,1.16,1.17,1.27,205,,
9/18/2017,EFFR,1.16,1.15,1.16,1.17,1.3,83,1,1.25
9/18/2017,OBFR,1.16,1.1,1.16,1.17,1.27,213,,
9/19/2017,EFFR,1.16,1.15,1.16,1.17,1.25,81,1,1.25
9/19/2017,OBFR,1.16,1.04,1.16,1.17,1.27,210,,
9/20/2017,EFFR,1.16,1.15,1.16,1.17,1.3,81,1,1.25
9/20/2017,OBFR,1.16,1,1.16,1.17,1.27,212,,
9/21/2017,EFFR,1.16,1.15,1.16,1.17,1.3,83,1,1.25
9/21/2017,OBFR,1.17,1,1.16,1.17,1.27,199,,
9/22/2017,EFFR,1.16,1.13,1.16,1.17,1.25,96,1,1.25
9/22/2017,OBFR,1.16,0.3,1.16,1.17,1.27,217,,
9/25/2017,EFFR,1.16,1.15,1.16,1.17,1.25,96,1,1.25
9/25/2017,OBFR,1.16,1,1.16,1.17,1.27,209,,
9/26/2017,EFFR,1.16,1.05,1.16,1.17,1.25,93,1,1.25
9/26/2017,OBFR,1.16,1.03,1.16,1.17,1.27,203,,
9/27/2017,EFFR,1.16,1.13,1.16,1.17,1.25,98,1,1.25
9/27/2017,OBFR,1.16,1.01,1.16,1.17,1.27,200,,
9/28/2017,EFFR,1.16,1.11,1.16,1.17,1.25,98,1,1.25
9/28/2017,OBFR,1.16,1.01,1.16,1.17,1.27,211,,
9/29/2017,EFFR,1.06,1.03,1.05,1.07,1.3,84,1,1.25
9/29/2017,OBFR,1.06,1,1.05,1.07,1.27,200,,
10/2/2017,EFFR,1.16,1.05,1.16,1.17,1.25,93,1,1.25
10/2/2017,OBFR,1.16,1,1.16,1.17,1.27,205,,
10/3/2017,EFFR,1.16,1.14,1.16,1.17,1.25,91,1,1.25
10/3/2017,OBFR,1.16,1.03,1.16,1.17,1.27,209,,
10/4/2017,EFFR,1.16,1.05,1.16,1.17,1.22,93,1,1.25
10/4/2017,OBFR,1.16,1.03,1.16,1.17,1.27,208,,
10/5/2017,EFFR,1.16,1.11,1.16,1.17,1.25,94,1,1.25
10/5/2017,OBFR,1.16,1.03,1.16,1.17,1.27,208,,
10/6/2017,EFFR,1.16,1.14,1.16,1.17,1.25,95,1,1.25
10/6/2017,OBFR,1.16,1,1.16,1.17,1.27,210,,
10/10/2017,EFFR,1.16,1.15,1.16,1.17,1.25,91,1,1.25
10/10/2017,OBFR,1.16,1.05,1.16,1.17,1.27,209,,
10/11/2017,EFFR,1.16,1.14,1.16,1.17,1.25,90,1,1.25
10/11/2017,OBFR,1.16,1.05,1.16,1.17,1.27,207,,
10/12/2017,EFFR,1.16,1.15,1.16,1.17,1.25,87,1,1.25
10/12/2017,OBFR,1.16,1.05,1.16,1.17,1.27,204,,
10/13/2017,EFFR,1.16,1.15,1.16,1.17,1.25,92,1,1.25
10/13/2017,OBFR,1.16,1.05,1.16,1.17,1.27,205,,
10/16/2017,EFFR,1.16,1.15,1.16,1.17,1.28,91,1,1.25
10/16/2017,OBFR,1.16,1.05,1.16,1.17,1.27,212,,
10/17/2017,EFFR,1.16,1.15,1.16,1.17,1.25,86,1,1.25
10/17/2017,OBFR,1.16,1.05,1.16,1.17,1.27,210,,
10/18/2017,EFFR,1.16,1.15,1.16,1.17,1.25,87,1,1.25
10/18/2017,OBFR,1.16,1.05,1.16,1.17,1.27,208,,
10/19/2017,EFFR,1.16,1.14,1.16,1.17,1.25,86,1,1.25
10/19/2017,OBFR,1.16,1.05,1.16,1.17,1.27,204,,
10/20/2017,EFFR,1.16,1.15,1.16,1.17,1.25,86,1,1.25
10/20/2017,OBFR,1.16,1.05,1.16,1.17,1.27,209,,
10/23/2017,EFFR,1.16,1.14,1.16,1.17,1.25,85,1,1.25
10/23/2017,OBFR,1.16,1.03,1.16,1.17,1.27,212,,
10/24/2017,EFFR,1.16,1.15,1.16,1.17,1.25,90,1,1.25
10/24/2017,OBFR,1.16,0.3,1.16,1.17,1.27,217,,
10/25/2017,EFFR,1.16,1.15,1.16,1.17,1.25,93,1,1.25
10/25/2017,OBFR,1.16,1.05,1.16,1.17,1.27,219,,
10/26/2017,EFFR,1.16,1.15,1.16,1.17,1.25,97,1,1.25
10/26/2017,OBFR,1.16,1.07,1.16,1.17,1.27,221,,
10/27/2017,EFFR,1.16,1.15,1.16,1.17,1.25,97,1,1.25
10/27/2017,OBFR,1.16,1.02,1.16,1.17,1.27,216,,
10/30/2017,EFFR,1.16,1.15,1.16,1.17,1.25,92,1,1.25
10/30/2017,OBFR,1.16,1.02,1.16,1.17,1.27,221,,
10/31/2017,EFFR,1.07,1.05,1.07,1.08,1.28,93,1,1.25
10/31/2017,OBFR,1.07,1,1.06,1.08,1.27,215,,
11/1/2017,EFFR,1.16,1.12,1.16,1.17,1.25,99,1,1.25
11/1/2017,OBFR,1.16,1.05,1.16,1.17,1.27,209,,
11/2/2017,EFFR,1.16,1.15,1.16,1.17,1.25,96,1,1.25
11/2/2017,OBFR,1.16,1.05,1.16,1.17,1.27,217,,
11/3/2017,EFFR,1.16,1.14,1.16,1.17,1.25,98,1,1.25
11/3/2017,OBFR,1.16,1.05,1.16,1.17,1.27,221,,
11/6/2017,EFFR,1.16,1.14,1.16,1.17,1.25,94,1,1.25
11/6/2017,OBFR,1.16,1.04,1.16,1.17,1.27,220,,
11/7/2017,EFFR,1.16,1.14,1.16,1.17,1.25,98,1,1.25
11/7/2017,OBFR,1.16,1.03,1.16,1.17,1.27,225,,
11/8/2017,EFFR,1.16,1.15,1.16,1.17,1.25,97,1,1.25
11/8/2017,OBFR,1.16,1.05,1.16,1.17,1.27,228,,
11/9/2017,EFFR,1.16,1.14,1.16,1.17,1.22,97,1,1.25
11/9/2017,OBFR,1.16,1.07,1.16,1.17,1.27,221,,
11/10/2017,EFFR,1.16,1.14,1.16,1.17,1.25,98,1,1.25
11/10/2017,OBFR,1.16,1.05,1.16,1.17,1.28,210,,
11/13/2017,EFFR,1.16,1.14,1.16,1.17,1.25,93,1,1.25
11/13/2017,OBFR,1.16,1.05,1.16,1.17,1.27,217,,
11/14/2017,EFFR,1.16,1.14,1.16,1.17,1.25,86,1,1.25
11/14/2017,OBFR,1.16,1.09,1.16,1.17,1.27,212,,
11/15/2017,EFFR,1.16,1.14,1.16,1.17,1.28,89,1,1.25
11/15/2017,OBFR,1.16,1.06,1.16,1.17,1.27,211,,
11/16/2017,EFFR,1.16,1.13,1.16,1.17,1.28,84,1,1.25
11/16/2017,OBFR,1.16,1.05,1.16,1.17,1.27,208,,
11/17/2017,EFFR,1.16,1.14,1.16,1.17,1.3,84,1,1.25
11/17/2017,OBFR,1.16,1.1,1.16,1.17,1.28,203,,
11/20/2017,EFFR,1.16,1.14,1.16,1.17,1.28,90,1,1.25
11/20/2017,OBFR,1.16,1.1,1.16,1.17,1.27,209,,
11/21/2017,EFFR,1.16,1.05,1.16,1.17,1.28,90,1,1.25
11/21/2017,OBFR,1.16,1.05,1.16,1.17,1.27,213,,
11/22/2017,EFFR,1.16,1.14,1.16,1.17,1.28,86,1,1.25
11/22/2017,OBFR,1.16,1.05,1.16,1.17,1.27,201,,
11/24/2017,EFFR,1.16,1.13,1.16,1.17,1.3,84,1,1.25
11/24/2017,OBFR,1.16,0.3,1.16,1.17,1.27,193,,
11/27/2017,EFFR,1.16,1.14,1.16,1.17,1.3,88,1,1.25
11/27/2017,OBFR,1.16,1.1,1.16,1.17,1.27,211,,
11/28/2017,EFFR,1.16,1.14,1.16,1.17,1.3,87,1,1.25
11/28/2017,OBFR,1.16,1.1,1.16,1.17,1.27,207,,
11/29/2017,EFFR,1.16,1.14,1.16,1.17,1.25,89,1,1.25
11/29/2017,OBFR,1.16,1.1,1.16,1.17,1.27,211,,
11/30/2017,EFFR,1.07,1.05,1.07,1.08,1.3,81,1,1.25
11/30/2017,OBFR,1.08,1.04,1.07,1.08,1.27,198,,
12/1/2017,EFFR,1.16,1.05,1.16,1.17,1.28,101,1,1.25
12/1/2017,OBFR,1.16,1.05,1.16,1.17,1.28,216,,
12/4/2017,EFFR,1.16,1.15,1.16,1.17,1.25,94,1,1.25
12/4/2017,OBFR,1.16,1.07,1.16,1.17,1.27,215,,
12/5/2017,EFFR,1.16,1.14,1.16,1.17,1.28,93,1,1.25
12/5/2017,OBFR,1.16,1.07,1.16,1.17,1.27,215,,
12/6/2017,EFFR,1.16,1.15,1.16,1.17,1.3,90,1,1.25
12/6/2017,OBFR,1.16,1.06,1.16,1.17,1.27,205,,
12/7/2017,EFFR,1.16,1.15,1.16,1.17,1.3,93,1,1.25
12/7/2017,OBFR,1.16,1.06,1.16,1.17,1.27,201,,
12/8/2017,EFFR,1.16,1.1,1.16,1.17,1.25,94,1,1.25
12/8/2017,OBFR,1.16,1.09,1.16,1.17,1.27,203,,
12/11/2017,EFFR,1.16,1.15,1.16,1.17,1.3,92,1,1.25
12/11/2017,OBFR,1.16,1.09,1.16,1.17,1.35,211,,
12/12/2017,EFFR,1.17,1.15,1.16,1.17,1.3,94,1,1.25
12/12/2017,OBFR,1.16,1.09,1.16,1.17,1.35,211,,
12/13/2017,EFFR,1.17,1.15,1.16,1.17,1.3,97,1,1.25
12/13/2017,OBFR,1.16,1.09,1.16,1.18,1.35,214,,
12/14/2017,EFFR,1.41,1.39,1.41,1.42,1.5,85,1.25,1.5
12/14/2017,OBFR,1.41,1.3,1.41,1.42,1.52,199,,
12/15/2017,EFFR,1.41,1.39,1.41,1.42,1.5,91,1.25,1.5
12/15/2017,OBFR,1.41,1.25,1.41,1.42,1.52,204,,
12/18/2017,EFFR,1.42,1.39,1.41,1.42,1.55,84,1.25,1.5
12/18/2017,OBFR,1.41,1.28,1.41,1.42,1.52,190,,
12/19/2017,EFFR,1.42,1.39,1.41,1.43,1.53,89,1.25,1.5
12/19/2017,OBFR,1.42,1.28,1.41,1.43,1.52,202,,
12/20/2017,EFFR,1.42,1.35,1.41,1.42,1.55,91,1.25,1.5
12/20/2017,OBFR,1.42,1.25,1.41,1.43,1.52,194,,
12/21/2017,EFFR,1.42,1.35,1.41,1.42,1.55,89,1.25,1.5
12/21/2017,OBFR,1.42,1.25,1.41,1.43,1.52,202,,
12/22/2017,EFFR,1.42,1.35,1.41,1.42,1.5,89,1.25,1.5
12/22/2017,OBFR,1.42,0.5,1.41,1.43,1.52,198,,
12/26/2017,EFFR,1.42,1.39,1.41,1.42,1.55,91,1.25,1.5
12/26/2017,OBFR,1.42,1.3,1.41,1.43,1.52,210,,
12/27/2017,EFFR,1.42,1.4,1.41,1.42,1.55,95,1.25,1.5
12/27/2017,OBFR,1.42,1.3,1.41,1.43,1.52,213,,
12/28/2017,EFFR,1.42,1.4,1.41,1.42,1.56,93,1.25,1.5
12/28/2017,OBFR,1.42,1.3,1.41,1.43,1.52,198,,
12/29/2017,EFFR,1.33,1.28,1.3,1.33,1.56,62,1.25,1.5
12/29/2017,OBFR,1.33,1.2,1.3,1.34,1.56,129,,
1/2/2018,EFFR,1.42,1.35,1.41,1.42,1.56,84,1.25,1.5
1/2/2018,OBFR,1.42,1.3,1.41,1.43,1.52,189,,
1/3/2018,EFFR,1.42,1.4,1.41,1.42,1.53,93,1.25,1.5
1/3/2018,OBFR,1.42,1.3,1.41,1.43,1.52,208,,
1/4/2018,EFFR,1.42,1.35,1.41,1.43,1.5,92,1.25,1.5
1/4/2018,OBFR,1.42,1.3,1.41,1.43,1.52,204,,
1/5/2018,EFFR,1.42,1.3,1.41,1.43,1.5,98,1.25,1.5
1/5/2018,OBFR,1.42,1.3,1.41,1.43,1.52,214,,
1/8/2018,EFFR,1.42,1.4,1.41,1.43,1.5,93,1.25,1.5
1/8/2018,OBFR,1.42,1.3,1.41,1.43,1.52,206,,
1/9/2018,EFFR,1.42,1.4,1.41,1.43,1.5,94,1.25,1.5
1/9/2018,OBFR,1.42,1.3,1.41,1.43,1.52,212,,
1/10/2018,EFFR,1.42,1.4,1.41,1.43,1.5,97,1.25,1.5
1/10/2018,OBFR,1.42,1.3,1.41,1.43,1.52,211,,
1/11/2018,EFFR,1.42,1.4,1.41,1.43,1.5,95,1.25,1.5
1/11/2018,OBFR,1.42,1.3,1.41,1.43,1.52,205,,
1/12/2018,EFFR,1.42,1.4,1.41,1.43,1.5,95,1.25,1.5
1/12/2018,OBFR,1.42,1.3,1.41,1.43,1.52,197,,
1/16/2018,EFFR,1.42,1.4,1.41,1.43,1.5,88,1.25,1.5
1/16/2018,OBFR,1.42,1.3,1.41,1.43,1.52,205,,
1/17/2018,EFFR,1.42,1.4,1.42,1.43,1.65,93,1.25,1.5
1/17/2018,OBFR,1.42,1.3,1.41,1.43,1.54,210,,
1/18/2018,EFFR,1.42,1.4,1.42,1.43,1.5,86,1.25,1.5
1/18/2018,OBFR,1.42,1.3,1.41,1.43,1.52,200,,
1/19/2018,EFFR,1.42,1.4,1.42,1.43,1.5,86,1.25,1.5
1/19/2018,OBFR,1.42,1.3,1.41,1.43,1.52,196,,
1/22/2018,EFFR,1.42,1.4,1.42,1.43,1.55,87,1.25,1.5
1/22/2018,OBFR,1.42,1.3,1.41,1.43,1.52,204,,
1/23/2018,EFFR,1.42,1.4,1.42,1.43,1.55,91,1.25,1.5
1/23/2018,OBFR,1.42,1.3,1.41,1.43,1.52,204,,
1/24/2018,EFFR,1.42,1.4,1.42,1.44,1.55,90,1.25,1.5
1/24/2018,OBFR,1.42,0.95,1.41,1.43,1.52,212,,
1/25/2018,EFFR,1.42,1.4,1.42,1.44,1.5,88,1.25,1.5
1/25/2018,OBFR,1.42,1.3,1.41,1.43,1.52,198,,
1/26/2018,EFFR,1.42,1.4,1.42,1.44,1.5,90,1.25,1.5
1/26/2018,OBFR,1.42,1.3,1.41,1.43,1.52,201,,
1/29/2018,EFFR,1.42,1.4,1.42,1.44,1.5,91,1.25,1.5
1/29/2018,OBFR,1.42,1.3,1.41,1.43,1.52,210,,
1/30/2018,EFFR,1.42,1.4,1.42,1.43,1.48,102,1.25,1.5
1/30/2018,OBFR,1.42,1.32,1.41,1.43,1.52,218,,
1/31/2018,EFFR,1.34,1.3,1.33,1.34,1.5,104,1.25,1.5
1/31/2018,OBFR,1.34,1.25,1.33,1.35,1.52,204,,
2/1/2018,EFFR,1.42,1.4,1.42,1.43,1.5,109,1.25,1.5
2/1/2018,OBFR,1.42,1.3,1.41,1.43,1.52,224,,
2/2/2018,EFFR,1.42,1.4,1.42,1.43,1.5,108,1.25,1.5
2/2/2018,OBFR,1.42,1.3,1.41,1.43,1.52,218,,
2/5/2018,EFFR,1.42,1.4,1.42,1.43,1.5,103,1.25,1.5
2/5/2018,OBFR,1.42,1.31,1.41,1.43,1.52,217,,
2/6/2018,EFFR,1.42,1.4,1.42,1.43,1.5,103,1.25,1.5
2/6/2018,OBFR,1.42,1.28,1.41,1.43,1.52,209,,
2/7/2018,EFFR,1.42,1.4,1.42,1.43,1.5,104,1.25,1.5
2/7/2018,OBFR,1.42,1.28,1.41,1.43,1.52,220,,
2/8/2018,EFFR,1.42,1.4,1.42,1.43,1.5,106,1.25,1.5
2/8/2018,OBFR,1.42,1.3,1.41,1.43,1.52,218,,
2/9/2018,EFFR,1.42,1.4,1.42,1.43,1.5,107,1.25,1.5
2/9/2018,OBFR,1.42,0.48,1.41,1.43,1.52,219,,
2/12/2018,EFFR,1.42,1.4,1.42,1.44,1.5,97,1.25,1.5
2/12/2018,OBFR,1.42,1.35,1.41,1.43,1.52,221,,
2/13/2018,EFFR,1.42,1.4,1.42,1.43,1.5,99,1.25,1.5
2/13/2018,OBFR,1.42,1.35,1.41,1.43,1.52,222,,
2/14/2018,EFFR,1.42,1.4,1.42,1.42,1.5,105,1.25,1.5
2/14/2018,OBFR,1.42,1.25,1.41,1.42,1.52,218,,
2/15/2018,EFFR,1.42,1.4,1.42,1.42,1.5,101,1.25,1.5
2/15/2018,OBFR,1.42,1.3,1.42,1.43,1.52,214,,
2/16/2018,EFFR,1.42,1.4,1.42,1.43,1.55,95,1.25,1.5
2/16/2018,OBFR,1.42,1.3,1.41,1.42,1.52,210,,
2/20/2018,EFFR,1.42,1.4,1.42,1.43,1.55,84,1.25,1.5
2/20/2018,OBFR,1.42,1.35,1.41,1.43,1.52,196,,
2/21/2018,EFFR,1.42,1.4,1.42,1.43,1.55,88,1.25,1.5
2/21/2018,OBFR,1.42,1.3,1.41,1.42,1.52,200,,
2/22/2018,EFFR,1.42,1.4,1.42,1.43,1.5,98,1.25,1.5
2/22/2018,OBFR,1.42,1.3,1.41,1.42,1.52,205,,
2/23/2018,EFFR,1.42,1.4,1.42,1.43,1.56,101,1.25,1.5
2/23/2018,OBFR,1.42,0.65,1.41,1.43,1.54,216,,
2/26/2018,EFFR,1.42,1.4,1.42,1.43,1.55,97,1.25,1.5
2/26/2018,OBFR,1.42,1.3,1.41,1.43,1.52,208,,
2/27/2018,EFFR,1.42,1.4,1.42,1.43,1.55,104,1.25,1.5
2/27/2018,OBFR,1.42,1.3,1.41,1.43,1.52,214,,
2/28/2018,EFFR,1.35,1.3,1.34,1.35,1.53,104,1.25,1.5
2/28/2018,OBFR,1.35,1.29,1.34,1.35,1.52,204,,
3/1/2018,EFFR,1.42,1.36,1.42,1.43,1.53,115,1.25,1.5
3/1/2018,OBFR,1.42,1.3,1.41,1.43,1.52,210,,
3/2/2018,EFFR,1.42,1.4,1.42,1.43,1.5,114,1.25,1.5
3/2/2018,OBFR,1.42,1.3,1.41,1.43,1.52,214,,
3/5/2018,EFFR,1.42,1.4,1.42,1.43,1.53,110,1.25,1.5
3/5/2018,OBFR,1.42,1.3,1.41,1.43,1.52,214,,
3/6/2018,EFFR,1.42,1.39,1.42,1.43,1.55,112,1.25,1.5
3/6/2018,OBFR,1.42,1.3,1.41,1.43,1.52,212,,
3/7/2018,EFFR,1.42,1.39,1.42,1.43,1.53,105,1.25,1.5
3/7/2018,OBFR,1.42,1.25,1.41,1.43,1.52,212,,
3/8/2018,EFFR,1.42,1.4,1.42,1.43,1.55,106,1.25,1.5
3/8/2018,OBFR,1.42,1.3,1.41,1.43,1.52,209,,
3/9/2018,EFFR,1.42,1.4,1.42,1.43,1.53,104,1.25,1.5
3/9/2018,OBFR,1.42,1.3,1.42,1.43,1.52,192,,
3/12/2018,EFFR,1.42,1.4,1.42,1.44,1.55,100,1.25,1.5
3/12/2018,OBFR,1.42,1.3,1.42,1.43,1.52,204,,
3/13/2018,EFFR,1.42,1.4,1.42,1.44,1.53,98,1.25,1.5
3/13/2018,OBFR,1.42,1.3,1.42,1.43,1.52,188,,
3/14/2018,EFFR,1.42,1.4,1.42,1.44,1.5,103,1.25,1.5
3/14/2018,OBFR,1.42,1.35,1.42,1.43,1.52,198,,
3/15/2018,EFFR,1.43,1.4,1.42,1.44,1.56,95,1.25,1.5
3/15/2018,OBFR,1.42,1.3,1.42,1.44,1.55,171,,
3/16/2018,EFFR,1.43,1.4,1.42,1.44,1.62,104,1.25,1.5
3/16/2018,OBFR,1.43,1.32,1.42,1.44,1.56,188,,
3/19/2018,EFFR,1.43,1.4,1.42,1.44,1.62,92,1.25,1.5
3/19/2018,OBFR,1.43,1.35,1.42,1.44,1.56,174,,
3/20/2018,EFFR,1.44,1.4,1.43,1.47,1.62,91,1.25,1.5
3/20/2018,OBFR,1.43,1.35,1.42,1.45,1.56,178,,
3/21/2018,EFFR,1.44,1.4,1.43,1.46,1.55,93,1.25,1.5
3/21/2018,OBFR,1.43,1.35,1.43,1.45,1.52,184,,
3/22/2018,EFFR,1.68,1.65,1.68,1.69,1.81,78,1.5,1.75
3/22/2018,OBFR,1.68,1.55,1.67,1.69,2.05,163,,
3/23/2018,EFFR,1.68,1.65,1.68,1.7,1.81,78,1.5,1.75
3/23/2018,OBFR,1.68,0.7,1.67,1.69,1.8,158,,
3/26/2018,EFFR,1.68,1.65,1.68,1.69,1.81,83,1.5,1.75
3/26/2018,OBFR,1.68,1.4,1.67,1.69,1.8,162,,
3/27/2018,EFFR,1.68,1.65,1.68,1.69,1.81,81,1.5,1.75
3/27/2018,OBFR,1.68,1.58,1.68,1.69,1.8,168,,
3/28/2018,EFFR,1.68,1.65,1.68,1.69,1.81,87,1.5,1.75
3/28/2018,OBFR,1.68,1.56,1.67,1.69,1.77,169,,
3/29/2018,EFFR,1.68,1.64,1.68,1.69,1.81,74,1.5,1.75
3/29/2018,OBFR,1.68,1.4,1.68,1.69,1.8,102,,
3/30/2018,EFFR,1.67,1.64,1.67,1.68,1.81,88,1.5,1.75
3/30/2018,OBFR,1.67,1.4,1.67,1.69,1.81,104,,
