Source,OFR U.S. Repo Markets Data Release,OFR U.S. Repo Markets Data Release,OFR U.S. Repo Markets Data Release
Terms of Use,,,
Last Update,1/26/2024 15:16,1/26/2024 15:18,1/26/2024 15:24
date,REPO-DVP_AR_LE30-P,REPO-GCF_AR_AG-P,REPO-TRI_AR_AG-P
8/22/2014,,,0.07
8/25/2014,,,0.06
8/26/2014,,,0.06
8/27/2014,,,0.06
8/28/2014,,,0.06
8/29/2014,,,0.06
9/2/2014,,,0.06
9/3/2014,,,0.06
9/4/2014,,,0.07
9/5/2014,,,0.07
9/8/2014,,,0.06
9/9/2014,,,0.06
9/10/2014,,,0.06
9/11/2014,,,0.06
9/12/2014,,,0.06
9/15/2014,,,0.07
9/16/2014,,,0.06
9/17/2014,,,0.06
9/18/2014,,,0.06
9/19/2014,,,0.06
9/22/2014,,,0.06
9/23/2014,,,0.05
9/24/2014,,,0.05
9/25/2014,,,0.05
9/26/2014,,,0.05
9/29/2014,,,0.06
9/30/2014,,,0.02
10/1/2014,,,0.05
10/2/2014,,,0.05
10/3/2014,,,0.06
10/6/2014,,,0.06
10/7/2014,,,0.07
10/8/2014,,,0.06
10/9/2014,,,0.07
10/10/2014,,,0.07
10/14/2014,,,0.08
10/15/2014,,,0.1
10/16/2014,,,0.11
10/17/2014,,,0.11
10/20/2014,,,0.09
10/21/2014,,,0.09
10/22/2014,,,0.08
10/23/2014,,,0.08
10/24/2014,,,0.09
10/27/2014,,,0.1
10/28/2014,,,0.08
10/29/2014,,,0.08
10/30/2014,,,0.1
10/31/2014,,,0.11
11/3/2014,,,0.1
11/4/2014,,,0.08
11/5/2014,,,0.08
11/6/2014,,,0.08
11/7/2014,,,0.07
11/10/2014,,,0.07
11/12/2014,,,0.08
11/13/2014,,,0.09
11/14/2014,,,0.09
11/17/2014,,,0.1
11/18/2014,,,0.09
11/19/2014,,,0.08
11/20/2014,,,0.09
11/21/2014,,,0.09
11/24/2014,,,0.09
11/25/2014,,,0.08
11/26/2014,,,0.09
11/28/2014,,,0.1
12/1/2014,,,0.12
12/2/2014,,,0.13
12/3/2014,,,0.12
12/4/2014,,,0.12
12/5/2014,,,0.12
12/8/2014,,,0.12
12/9/2014,,,0.11
12/10/2014,,,0.11
12/11/2014,,,0.12
12/12/2014,,,0.12
12/15/2014,,,0.11
12/16/2014,,,0.11
12/17/2014,,,0.11
12/18/2014,,,0.12
12/19/2014,,,0.12
12/22/2014,,,0.11
12/23/2014,,,0.09
12/24/2014,,,0.1
12/29/2014,,,0.1
12/30/2014,,,0.09
12/31/2014,,,0.11
1/2/2015,,,0.11
1/5/2015,,,0.09
1/6/2015,,,0.08
1/7/2015,,,0.08
1/8/2015,,,0.08
1/9/2015,,,0.09
1/12/2015,,,0.08
1/21/2015,,,0.08
1/22/2015,,,0.07
1/23/2015,,,0.09
1/26/2015,,,0.09
1/27/2015,,,0.08
1/28/2015,,,0.07
1/29/2015,,,0.07
1/30/2015,,,0.08
2/2/2015,,,0.09
2/3/2015,,,0.09
2/4/2015,,,0.08
2/5/2015,,,0.09
2/6/2015,,,0.11
2/9/2015,,,0.1
2/10/2015,,,0.1
2/11/2015,,,0.09
2/12/2015,,,0.1
2/13/2015,,,0.09
2/17/2015,,,0.09
2/18/2015,,,0.08
2/19/2015,,,0.07
2/20/2015,,,0.07
2/23/2015,,,0.07
2/24/2015,,,0.06
2/25/2015,,,0.06
2/26/2015,,,0.07
2/27/2015,,,0.09
3/2/2015,,,0.09
3/3/2015,,,0.08
3/4/2015,,,0.09
3/5/2015,,,0.1
3/6/2015,,,0.1
3/9/2015,,,0.09
3/10/2015,,,0.09
3/11/2015,,,0.09
3/12/2015,,,0.09
3/13/2015,,,0.09
3/16/2015,,,0.11
3/17/2015,,,0.12
3/18/2015,,,0.11
3/19/2015,,,0.09
3/23/2015,,,0.08
3/24/2015,,,0.1
3/25/2015,,,0.12
3/26/2015,,,0.12
3/27/2015,,,0.12
3/30/2015,,,0.12
3/31/2015,,,0.17
4/1/2015,,,0.17
4/2/2015,,,0.13
4/6/2015,,,0.12
4/7/2015,,,0.12
4/8/2015,,,0.12
4/9/2015,,,0.12
4/10/2015,,,0.13
4/13/2015,,,0.12
4/15/2015,,,0.14
4/17/2015,,,0.13
4/20/2015,,,0.11
4/21/2015,,,0.09
4/22/2015,,,0.08
4/23/2015,,,0.07
4/24/2015,,,0.09
4/27/2015,,,0.1
4/28/2015,,,0.09
4/29/2015,,,0.09
4/30/2015,,,0.13
5/1/2015,,,0.12
5/4/2015,,,0.09
5/5/2015,,,0.09
5/6/2015,,,0.09
5/7/2015,,,0.08
5/8/2015,,,0.08
5/11/2015,,,0.08
5/12/2015,,,0.1
5/13/2015,,,0.1
5/14/2015,,,0.1
5/15/2015,,,0.11
5/18/2015,,,0.08
5/19/2015,,,0.07
5/20/2015,,,0.07
5/21/2015,,,0.08
5/22/2015,,,0.1
5/26/2015,,,0.09
5/27/2015,,,0.08
5/28/2015,,,0.09
5/29/2015,,,0.11
6/1/2015,,,0.11
6/2/2015,,,0.11
6/3/2015,,,0.12
6/4/2015,,,0.12
6/5/2015,,,0.11
6/8/2015,,,0.1
6/9/2015,,,0.09
6/10/2015,,,0.1
6/11/2015,,,0.11
6/12/2015,,,0.11
6/15/2015,,,0.12
6/16/2015,,,0.11
6/17/2015,,,0.1
6/18/2015,,,0.09
6/19/2015,,,0.08
6/22/2015,,,0.08
6/23/2015,,,0.08
6/24/2015,,,0.1
6/25/2015,,,0.11
6/26/2015,,,0.13
6/29/2015,,,0.11
6/30/2015,,,0.14
7/1/2015,,,0.11
7/2/2015,,,0.11
7/6/2015,,,0.1
7/7/2015,,,0.1
7/8/2015,,,0.11
7/9/2015,,,0.11
7/10/2015,,,0.12
7/13/2015,,,0.12
7/14/2015,,,0.12
7/15/2015,,,0.14
7/16/2015,,,0.12
7/17/2015,,,0.11
7/20/2015,,,0.1
7/21/2015,,,0.09
7/22/2015,,,0.08
7/24/2015,,,0.13
7/27/2015,,,0.13
7/28/2015,,,0.13
7/29/2015,,,0.13
7/30/2015,,,0.15
7/31/2015,,,0.16
8/3/2015,,,0.14
8/4/2015,,,0.14
8/5/2015,,,0.14
8/6/2015,,,0.14
8/7/2015,,,0.15
8/10/2015,,,0.14
8/11/2015,,,0.15
8/12/2015,,,0.16
8/13/2015,,,0.16
8/14/2015,,,0.15
8/17/2015,,,0.15
8/18/2015,,,0.14
8/19/2015,,,0.13
8/20/2015,,,0.12
8/21/2015,,,0.11
8/24/2015,,,0.13
8/25/2015,,,0.13
8/26/2015,,,0.12
8/27/2015,,,0.11
8/28/2015,,,0.11
8/31/2015,,,0.15
9/1/2015,,,0.15
9/2/2015,,,0.13
9/3/2015,,,0.12
9/4/2015,,,0.11
9/8/2015,,,0.1
9/9/2015,,,0.1
9/10/2015,,,0.12
9/11/2015,,,0.12
9/14/2015,,,0.12
9/15/2015,,,0.13
9/16/2015,,,0.11
9/17/2015,,,0.11
9/18/2015,,,0.1
9/21/2015,,,0.09
9/22/2015,,,0.1
9/23/2015,,,0.09
9/24/2015,,,0.13
9/25/2015,,,0.1
9/28/2015,,,0.1
9/29/2015,,,0.09
9/30/2015,,,0.14
10/1/2015,,,0.11
10/2/2015,,,0.11
10/5/2015,,,0.1
10/6/2015,,,0.1
10/7/2015,,,0.1
10/8/2015,,,0.1
10/9/2015,,,0.11
10/13/2015,,,0.11
10/14/2015,,,0.13
10/15/2015,,,0.14
10/16/2015,,,0.13
10/19/2015,,,0.12
10/20/2015,,,0.11
10/21/2015,,,0.1
10/22/2015,,,0.09
10/23/2015,,,0.11
10/26/2015,,,0.1
10/27/2015,,,0.09
10/28/2015,,,0.08
10/29/2015,,,0.09
10/30/2015,,,0.1
11/3/2015,,,0.09
11/4/2015,,,0.09
11/5/2015,,,0.12
11/6/2015,,,0.1
11/9/2015,,,0.09
11/10/2015,,,0.08
11/12/2015,,,0.1
11/13/2015,,,0.1
11/16/2015,,,0.1
11/17/2015,,,0.09
11/18/2015,,,0.08
11/19/2015,,,0.08
11/20/2015,,,0.08
11/23/2015,,,0.07
11/24/2015,,,0.09
11/25/2015,,,0.1
11/27/2015,,,0.12
11/30/2015,,,0.13
12/1/2015,,,0.11
12/2/2015,,,0.11
12/3/2015,,,0.12
12/4/2015,,,0.13
12/7/2015,,,0.14
12/8/2015,,,0.15
12/9/2015,,,0.17
12/10/2015,,,0.16
12/11/2015,,,0.13
12/14/2015,,,0.13
12/15/2015,,,0.17
12/16/2015,,,0.21
12/17/2015,,,0.31
12/18/2015,,,0.31
12/21/2015,,,0.3
12/22/2015,,,0.28
12/23/2015,,,0.29
12/24/2015,,,0.33
12/28/2015,,,0.34
12/29/2015,,,0.34
12/30/2015,,,0.33
12/31/2015,,,0.34
1/4/2016,,,0.32
1/5/2016,,,0.32
1/6/2016,,,0.32
1/7/2016,,,0.32
1/8/2016,,,0.32
1/11/2016,,,0.32
1/12/2016,,,0.32
1/13/2016,,,0.32
1/14/2016,,,0.31
1/15/2016,,,0.32
1/19/2016,,,0.31
1/20/2016,,,0.33
1/21/2016,,,0.33
1/22/2016,,,0.37
1/25/2016,,,0.34
1/26/2016,,,0.33
1/27/2016,,,0.33
1/28/2016,,,0.34
1/29/2016,,,0.36
2/1/2016,,,0.33
2/2/2016,,,0.33
2/3/2016,,,0.33
2/5/2016,,,0.34
2/8/2016,,,0.33
2/9/2016,,,0.33
2/10/2016,,,0.33
2/11/2016,,,0.35
2/12/2016,,,0.33
2/16/2016,,,0.34
2/17/2016,,,0.33
2/18/2016,,,0.33
2/19/2016,,,0.33
2/22/2016,,,0.32
2/23/2016,,,0.31
2/24/2016,,,0.33
2/25/2016,,,0.33
2/26/2016,,,0.31
2/29/2016,,,0.32
3/1/2016,,,0.31
3/2/2016,,,0.31
3/3/2016,,,0.32
3/4/2016,,,0.31
3/7/2016,,,0.31
3/8/2016,,,0.31
3/10/2016,,,0.32
3/11/2016,,,0.32
3/14/2016,,,0.32
3/15/2016,,,0.33
3/16/2016,,,0.32
3/17/2016,,,0.32
3/18/2016,,,0.3
3/21/2016,,,0.29
3/22/2016,,,0.28
3/23/2016,,,0.29
3/24/2016,,,0.33
3/28/2016,,,0.33
3/29/2016,,,0.33
3/30/2016,,,0.31
3/31/2016,,,0.33
4/1/2016,,,0.33
4/4/2016,,,0.33
4/5/2016,,,0.31
4/6/2016,,,0.31
4/7/2016,,,0.32
4/8/2016,,,0.32
4/11/2016,,,0.32
4/12/2016,,,0.32
4/13/2016,,,0.32
4/14/2016,,,0.32
4/15/2016,,,0.33
4/18/2016,,,0.32
4/19/2016,,,0.3
4/20/2016,,,0.3
4/21/2016,,,0.29
4/22/2016,,,0.32
4/25/2016,,,0.31
4/26/2016,,,0.3
4/27/2016,,,0.3
4/28/2016,,,0.29
4/29/2016,,,0.31
5/2/2016,,,0.3
5/3/2016,,,0.3
5/4/2016,,,0.3
5/5/2016,,,0.31
5/6/2016,,,0.32
5/9/2016,,,0.31
5/10/2016,,,0.32
5/11/2016,,,0.31
5/12/2016,,,0.32
5/13/2016,,,0.31
5/16/2016,,,0.33
5/17/2016,,,0.31
5/18/2016,,,0.3
5/19/2016,,,0.29
5/20/2016,,,0.29
5/23/2016,,,0.28
5/24/2016,,,0.31
5/25/2016,,,0.29
5/26/2016,,,0.27
5/31/2016,,,0.31
6/1/2016,,,0.31
6/2/2016,,,0.31
6/3/2016,,,0.31
6/6/2016,,,0.31
6/7/2016,,,0.32
6/8/2016,,,0.33
6/9/2016,,,0.33
6/10/2016,,,0.35
6/13/2016,,,0.34
6/14/2016,,,0.34
6/15/2016,,,0.36
6/16/2016,,,0.43
6/17/2016,,,0.34
6/20/2016,,,0.34
6/22/2016,,,0.36
6/23/2016,,,0.38
6/24/2016,,,0.5
6/27/2016,,,0.47
6/28/2016,,,0.44
6/29/2016,,,0.41
6/30/2016,,,0.45
7/1/2016,,,0.4
7/5/2016,,,0.35
7/6/2016,,,0.35
7/7/2016,,,0.35
7/8/2016,,,0.35
7/11/2016,,,0.35
7/12/2016,,,0.34
7/13/2016,,,0.34
7/14/2016,,,0.35
7/15/2016,,,0.35
7/18/2016,,,0.34
7/19/2016,,,0.31
7/20/2016,,,0.31
7/21/2016,,,0.32
7/22/2016,,,0.34
7/25/2016,,,0.33
7/26/2016,,,0.33
7/27/2016,,,0.33
7/28/2016,,,0.34
7/29/2016,,,0.36
8/1/2016,,,0.35
8/2/2016,,,0.35
8/3/2016,,,0.35
8/4/2016,,,0.45
8/5/2016,,,0.36
8/8/2016,,,0.35
8/9/2016,,,0.34
8/10/2016,,,0.33
8/11/2016,,,0.35
8/12/2016,,,0.35
8/15/2016,,,0.36
8/16/2016,,,0.36
8/17/2016,,,0.35
8/18/2016,,,0.35
8/19/2016,,,0.34
8/22/2016,,,0.33
8/23/2016,,,0.31
8/24/2016,,,0.34
8/25/2016,,,0.34
8/26/2016,,,0.34
8/29/2016,,,0.34
8/30/2016,,,0.33
8/31/2016,,,0.36
9/1/2016,,,0.35
9/2/2016,,,0.34
9/6/2016,,,0.34
9/7/2016,,,0.34
9/8/2016,,,0.35
9/9/2016,,,0.36
9/12/2016,,,0.35
9/13/2016,,,0.35
9/14/2016,,,0.35
9/15/2016,,,0.37
9/16/2016,,,0.34
9/19/2016,,,0.32
9/20/2016,,,0.32
9/21/2016,,,0.32
9/22/2016,,,0.33
9/23/2016,,,0.35
9/26/2016,,,0.35
9/27/2016,,,0.43
9/28/2016,,,0.45
9/29/2016,,,0.5
9/30/2016,,,0.62
10/3/2016,,,0.41
10/4/2016,,,0.43
10/5/2016,,,0.41
10/6/2016,,,0.42
10/7/2016,,,0.36
10/11/2016,,,0.35
10/12/2016,,,0.37
10/13/2016,,,0.38
10/14/2016,,,0.35
10/17/2016,,,0.36
10/18/2016,,,0.33
10/19/2016,,,0.31
10/20/2016,,,0.33
10/21/2016,,,0.3
10/24/2016,,,0.34
10/25/2016,,,0.32
10/26/2016,,,0.34
10/27/2016,,,0.36
10/28/2016,,,0.33
10/31/2016,,,0.37
11/1/2016,,,0.33
11/2/2016,,,0.32
11/3/2016,,,0.35
11/4/2016,,,0.34
11/7/2016,,,0.33
11/8/2016,,,0.33
11/9/2016,,,0.34
11/10/2016,,,0.36
11/14/2016,,,0.34
11/15/2016,,,0.33
11/16/2016,,,0.32
11/17/2016,,,0.31
11/18/2016,,,0.3
11/21/2016,,,0.29
11/22/2016,,,0.27
11/23/2016,,,0.29
11/25/2016,,,0.29
11/28/2016,,,0.28
11/29/2016,,,0.28
11/30/2016,,,0.3
12/1/2016,,,0.28
12/2/2016,,,0.28
12/5/2016,,,0.29
12/6/2016,,,0.28
12/7/2016,,,0.28
12/8/2016,,,0.28
12/9/2016,,,0.32
12/12/2016,,,0.33
12/13/2016,,,0.32
12/14/2016,,,0.29
12/15/2016,,,0.51
12/16/2016,,,0.53
12/19/2016,,,0.52
12/20/2016,,,0.51
12/21/2016,,,0.5
12/22/2016,,,0.5
12/23/2016,,,0.52
12/27/2016,,,0.54
12/28/2016,,,0.57
12/29/2016,,,0.54
12/30/2016,,,0.59
1/3/2017,,,0.52
1/4/2017,,,0.57
1/5/2017,,,0.54
1/6/2017,,,0.54
1/9/2017,,,0.54
1/10/2017,,,0.52
1/11/2017,,,0.52
1/12/2017,,,0.54
1/13/2017,,,0.56
1/17/2017,,,0.57
1/18/2017,,,0.59
1/19/2017,,,0.54
1/20/2017,,,0.52
1/23/2017,,,0.52
1/24/2017,,,0.54
1/25/2017,,,0.54
1/26/2017,,,0.54
1/27/2017,,,0.54
1/30/2017,,,0.54
1/31/2017,,,0.57
2/1/2017,,,0.55
2/2/2017,,,0.54
2/3/2017,,,0.54
2/6/2017,,,0.54
2/7/2017,,,0.53
2/8/2017,,,0.53
2/9/2017,,,0.56
2/10/2017,,,0.54
2/13/2017,,,0.54
2/14/2017,,,0.53
2/15/2017,,,0.56
2/16/2017,,,0.54
2/17/2017,,,0.52
2/21/2017,,,0.51
2/22/2017,,,0.51
2/23/2017,,,0.51
2/24/2017,,,0.53
2/27/2017,,,0.52
2/28/2017,,,0.54
3/1/2017,,,0.52
3/2/2017,,,0.51
3/3/2017,,,0.52
3/6/2017,,,0.52
3/7/2017,,,0.52
3/8/2017,,,0.52
3/9/2017,,,0.51
3/10/2017,,,0.52
3/13/2017,,,0.52
3/14/2017,,,0.55
3/15/2017,,,0.55
3/16/2017,,,0.77
3/17/2017,,,0.76
3/20/2017,,,0.75
3/21/2017,,,0.75
3/22/2017,,,0.75
3/23/2017,,,0.76
3/24/2017,,,0.78
3/27/2017,,,0.77
3/28/2017,,,0.77
3/29/2017,,,0.77
3/30/2017,,,0.78
3/31/2017,,,0.83
4/3/2017,,,0.77
4/4/2017,,,0.77
4/5/2017,,,0.78
4/6/2017,,,0.8
4/7/2017,,,0.8
4/10/2017,,,0.79
4/11/2017,,,0.78
4/12/2017,,,0.79
4/13/2017,,,0.82
4/17/2017,,,0.83
4/18/2017,,,0.82
4/19/2017,,,0.78
4/20/2017,,,0.77
4/21/2017,,,0.76
4/24/2017,,,0.79
4/25/2017,,,0.78
4/26/2017,,,0.78
4/27/2017,,,0.8
4/28/2017,,,0.84
5/1/2017,,,0.8
5/2/2017,,,0.78
5/3/2017,,,0.78
5/4/2017,,,0.78
5/5/2017,,,0.79
5/8/2017,,,0.78
5/9/2017,,,0.77
5/10/2017,,,0.77
5/11/2017,,,0.78
5/12/2017,,,0.77
5/15/2017,,,0.77
5/16/2017,,,0.77
5/17/2017,,,0.77
5/18/2017,,,0.78
5/19/2017,,,0.77
5/22/2017,,,0.76
5/23/2017,,,0.76
5/24/2017,,,0.78
5/25/2017,,,0.8
5/26/2017,,,0.81
5/30/2017,,,0.79
5/31/2017,,,0.81
6/1/2017,,,0.81
6/2/2017,,,0.8
6/5/2017,,,0.8
6/6/2017,,,0.8
6/7/2017,,,0.8
6/8/2017,,,0.82
6/9/2017,,,0.82
6/12/2017,,,0.83
6/13/2017,,,0.85
6/14/2017,,,0.86
6/15/2017,,,1.08
6/16/2017,,,1.09
6/19/2017,,,1.06
6/20/2017,,,1.04
6/21/2017,,,1.02
6/22/2017,,,1.02
6/23/2017,,,1.05
6/26/2017,,,1.04
6/27/2017,,,1.03
6/28/2017,,,1.05
6/29/2017,,,1.06
6/30/2017,,,1.14
7/3/2017,,,1.06
7/5/2017,,,1.04
7/6/2017,,,1.04
7/7/2017,,,1.02
7/10/2017,,,1.01
7/11/2017,,,1.01
7/12/2017,,,1.01
7/13/2017,,,1.02
7/14/2017,,,1.02
7/17/2017,,,1.03
7/18/2017,,,1.02
7/19/2017,,,1.01
7/20/2017,,,1.02
7/21/2017,,,1.01
7/24/2017,,,1.04
7/25/2017,,,1.04
7/26/2017,,,1.04
7/27/2017,,,1.04
7/28/2017,,,1.03
7/31/2017,,,1.05
8/1/2017,,,1.03
8/2/2017,,,1.01
8/3/2017,,,1.01
8/4/2017,,,1.01
8/7/2017,,,1.01
8/8/2017,,,1.01
8/9/2017,,,1.01
8/10/2017,,,1.03
8/11/2017,,,1.04
8/14/2017,,,1.04
8/15/2017,,,1.06
8/16/2017,,,1.04
8/17/2017,,,1.04
8/18/2017,,,1.04
8/21/2017,,,1.03
8/22/2017,,,1.02
8/23/2017,,,1.02
8/24/2017,,,1.05
8/25/2017,,,1.04
8/28/2017,,,1.04
8/29/2017,,,1.03
8/30/2017,,,1.03
8/31/2017,,,1.08
9/1/2017,,,1.05
9/5/2017,,,1.03
9/6/2017,,,1.03
9/7/2017,,,1.03
9/8/2017,,,1.03
9/11/2017,,,1.03
9/12/2017,,,1.04
9/13/2017,,,1.04
9/14/2017,,,1.05
9/15/2017,,,1.05
9/18/2017,,,1.03
9/19/2017,,,1.01
9/20/2017,,,1.01
9/21/2017,,,1.01
9/22/2017,,,1.02
9/25/2017,,,1.01
9/26/2017,,,1.01
9/27/2017,,,1.01
9/28/2017,,,1.01
9/29/2017,,,1.07
10/2/2017,,,1.02
10/3/2017,,,1.02
10/4/2017,,,1.02
10/5/2017,,,1.04
10/6/2017,,,1.04
10/10/2017,,,1.03
10/11/2017,,,1.04
10/12/2017,,,1.03
10/13/2017,,,1.03
10/16/2017,,,1.04
10/17/2017,,,1.04
10/18/2017,,,1.04
10/19/2017,,,1.04
10/20/2017,,,1.06
10/23/2017,,,1.05
10/24/2017,,,1.05
10/25/2017,,,1.04
10/26/2017,,,1.05
10/27/2017,,,1.04
10/30/2017,,,1.03
10/31/2017,,,1.06
11/1/2017,,,1.04
11/2/2017,,,1.05
11/3/2017,,,1.05
11/6/2017,,,1.05
11/7/2017,,,1.04
11/8/2017,,,1.05
11/9/2017,,,1.06
11/13/2017,,,1.06
11/14/2017,,,1.06
11/15/2017,,,1.09
11/16/2017,,,1.09
11/17/2017,,,1.08
11/20/2017,,,1.07
11/21/2017,,,1.04
11/22/2017,,,1.04
11/24/2017,,,1.06
11/27/2017,,,1.06
11/28/2017,,,1.04
11/29/2017,,,1.02
11/30/2017,,,1.05
12/1/2017,,,1.03
12/4/2017,,,1.02
12/5/2017,,,1.04
12/6/2017,,,1.05
12/8/2017,,,1.04
12/11/2017,,,1.04
12/12/2017,,,1.04
12/13/2017,,,1.06
12/14/2017,,,1.28
12/15/2017,,,1.31
12/18/2017,,,1.31
12/19/2017,,,1.31
12/20/2017,,,1.31
12/21/2017,,,1.32
12/22/2017,,,1.34
12/26/2017,,,1.34
12/27/2017,,,1.34
12/28/2017,,,1.34
12/29/2017,,,1.41
1/2/2018,,,1.34
1/3/2018,,,1.35
1/4/2018,,,1.35
1/5/2018,,,1.31
1/8/2018,,,1.3
1/9/2018,,,1.28
1/10/2018,,,1.27
1/11/2018,,,1.29
1/12/2018,,,1.31
1/16/2018,,,1.33
1/17/2018,,,1.32
1/18/2018,,,1.3
1/19/2018,,,1.29
1/22/2018,,,1.28
1/23/2018,,,1.28
1/24/2018,,,1.31
1/25/2018,,,1.31
1/26/2018,,,1.3
1/29/2018,,,1.3
1/30/2018,,,1.3
1/31/2018,,,1.34
2/1/2018,,,1.3
2/2/2018,,,1.3
2/5/2018,,,1.29
2/6/2018,,,1.28
2/7/2018,,,1.28
2/8/2018,,,1.3
2/9/2018,,,1.3
2/12/2018,,,1.29
2/13/2018,,,1.3
2/14/2018,,,1.29
2/15/2018,,,1.35
2/16/2018,,,1.35
2/20/2018,,,1.33
2/21/2018,,,1.32
2/22/2018,,,1.32
2/23/2018,,,1.34
2/26/2018,,,1.33
2/27/2018,,,1.34
2/28/2018,,,1.37
3/1/2018,,,1.38
3/2/2018,,,1.39
3/5/2018,,,1.39
3/6/2018,,,1.39
3/7/2018,,,1.39
3/8/2018,,,1.42
3/9/2018,,,1.41
3/12/2018,,,1.41
3/13/2018,,,1.41
3/14/2018,,,1.42
3/15/2018,,,1.5
3/16/2018,,,1.47
3/19/2018,,,1.46
3/20/2018,,,1.48
3/21/2018,,,1.48
3/22/2018,,,1.64
3/23/2018,,,1.67
3/26/2018,,,1.69
3/27/2018,,,1.7
3/28/2018,,,1.7
3/29/2018,,,1.78
4/2/2018,,,1.76
4/3/2018,,,1.8
4/4/2018,,,1.69
4/5/2018,,,1.7
4/6/2018,,,1.69
4/9/2018,,,1.7
4/10/2018,,,1.7
4/11/2018,,,1.7
4/12/2018,,,1.68
4/13/2018,,,1.68
4/16/2018,,,1.7
4/17/2018,,,1.7
4/18/2018,,,1.69
4/19/2018,,,1.67
4/20/2018,,,1.67
4/23/2018,,,1.67
4/24/2018,,,1.68
4/25/2018,,,1.67
4/26/2018,,,1.67
4/27/2018,,,1.67
4/30/2018,,,1.71
5/1/2018,,,1.7
5/2/2018,,,1.69
5/3/2018,,,1.7
5/4/2018,,,1.68
5/7/2018,,,1.67
5/8/2018,,,1.68
5/9/2018,,,1.68
5/10/2018,,,1.68
5/11/2018,,,1.7
5/14/2018,,,1.69
5/15/2018,,,1.73
5/16/2018,,,1.69
5/17/2018,,,1.71
5/18/2018,,,1.69
5/21/2018,,,1.66
5/22/2018,,,1.62
5/23/2018,,,1.63
5/24/2018,,,1.71
5/25/2018,,,1.7
5/29/2018,,,1.7
5/30/2018,,,1.7
5/31/2018,,,1.77
6/1/2018,,,1.77
6/4/2018,,,1.76
6/5/2018,,,1.72
6/6/2018,,,1.7
6/7/2018,,,1.69
6/8/2018,,,1.67
6/11/2018,,,1.66
6/12/2018,,,1.66
6/13/2018,,,1.69
6/14/2018,,,1.87
6/15/2018,,,1.87
6/18/2018,,,1.85
6/19/2018,,,1.84
6/20/2018,,,1.84
6/21/2018,,,1.83
6/22/2018,,,1.9
6/25/2018,,,1.88
6/26/2018,,,1.89
6/27/2018,,,1.88
6/28/2018,,,1.9
6/29/2018,,,2.1
7/2/2018,,,2
7/3/2018,,,1.97
7/5/2018,,,1.95
7/6/2018,,,1.9
7/9/2018,,,1.87
7/10/2018,,,1.87
7/11/2018,,,1.86
7/12/2018,,,1.86
7/13/2018,,,1.87
7/16/2018,,,1.91
7/17/2018,,,1.9
7/18/2018,,,1.86
7/19/2018,,,1.87
7/20/2018,,,1.85
7/23/2018,,,1.85
7/24/2018,,,1.89
7/25/2018,,,1.86
7/26/2018,,,1.89
7/27/2018,,,1.86
7/30/2018,,,1.85
7/31/2018,,,1.91
8/1/2018,,,1.85
8/2/2018,,,1.89
8/3/2018,,,1.83
8/6/2018,,,1.84
8/7/2018,,,1.86
8/8/2018,,,1.86
8/9/2018,,,1.89
8/10/2018,,,1.87
8/13/2018,,,1.88
8/14/2018,,,1.9
8/15/2018,,,1.95
8/16/2018,,,1.96
8/17/2018,,,1.89
8/20/2018,,,1.89
8/21/2018,,,1.89
8/22/2018,,,1.89
8/23/2018,,,1.91
8/24/2018,,,1.93
8/27/2018,,,1.93
8/28/2018,,,1.94
8/29/2018,,,1.91
8/30/2018,,,1.91
8/31/2018,,,1.94
9/4/2018,,,1.92
9/5/2018,,,1.92
9/6/2018,,,1.9
9/7/2018,,,1.91
9/10/2018,,,1.91
9/11/2018,,,1.91
9/12/2018,,,1.91
9/13/2018,,,1.91
9/14/2018,,,1.91
9/17/2018,,,1.95
9/18/2018,,,1.91
9/19/2018,,,1.9
9/20/2018,,,1.9
9/21/2018,,,1.9
9/24/2018,,,1.93
9/25/2018,,,1.92
9/26/2018,,,1.91
9/27/2018,,,2.13
9/28/2018,,,2.22
10/1/2018,,,2.18
10/2/2018,,,2.17
10/3/2018,,,2.16
10/4/2018,,,2.15
10/5/2018,,,2.13
10/9/2018,,,2.12
10/10/2018,,,2.13
10/11/2018,,,2.15
10/12/2018,,,2.15
10/15/2018,,,2.18
10/16/2018,,,2.17
10/17/2018,,,2.16
10/18/2018,,,2.17
10/19/2018,,,2.16
10/22/2018,,,2.16
10/23/2018,,,2.15
10/24/2018,,,2.16
10/25/2018,,,2.16
10/26/2018,,,2.16
10/29/2018,,,2.16
10/30/2018,,,2.16
10/31/2018,,,2.18
11/1/2018,,,2.19
11/2/2018,,,2.23
11/5/2018,,,2.22
11/6/2018,,,2.21
11/7/2018,,,2.16
11/8/2018,,,2.19
11/9/2018,,,2.18
11/13/2018,,,2.17
11/14/2018,,,2.17
11/15/2018,,,2.24
11/16/2018,,,2.24
11/19/2018,,,2.21
11/20/2018,,,2.18
11/21/2018,,,2.17
11/23/2018,,,2.21
11/26/2018,,,2.18
11/27/2018,,,2.17
11/28/2018,,,2.18
11/29/2018,,,2.22
11/30/2018,,,2.26
12/3/2018,,,2.21
12/4/2018,,,2.22
12/6/2018,,,2.3
12/7/2018,,,2.27
12/10/2018,,,2.19
12/11/2018,,,2.16
12/12/2018,,,2.16
12/13/2018,,,2.17
12/14/2018,,,2.18
12/17/2018,,,2.27
12/18/2018,,,2.3
12/19/2018,,,2.28
12/20/2018,,,2.38
12/21/2018,,,2.37
12/24/2018,,,2.39
12/26/2018,,,2.41
12/27/2018,,,2.41
12/28/2018,,,2.43
12/31/2018,,,2.96
1/2/2019,,,3.04
1/3/2019,,,2.66
1/4/2019,,,2.42
1/7/2019,,,2.38
1/8/2019,,,2.39
1/9/2019,,,2.43
1/10/2019,,,2.4
1/11/2019,,,2.37
1/14/2019,,,2.37
1/15/2019,,,2.4
1/16/2019,,,2.36
1/17/2019,,,2.36
1/18/2019,,,2.36
1/22/2019,,,2.37
1/23/2019,,,2.36
1/24/2019,,,2.39
1/25/2019,,,2.37
1/28/2019,,,2.36
1/29/2019,,,2.36
1/30/2019,,,2.35
1/31/2019,,,2.52
2/1/2019,,,2.43
2/4/2019,,,2.37
2/5/2019,,,2.36
2/6/2019,,,2.34
2/7/2019,,,2.35
2/8/2019,,,2.34
2/11/2019,,,2.38
2/12/2019,,,2.35
2/13/2019,,,2.35
2/14/2019,,,2.35
2/15/2019,,,2.39
2/19/2019,,,2.36
2/20/2019,,,2.36
2/21/2019,,,2.36
2/22/2019,,,2.36
2/25/2019,,,2.36
2/26/2019,,,2.36
2/27/2019,,,2.35
2/28/2019,,,2.54
3/1/2019,,,2.36
3/4/2019,,,2.35
3/5/2019,,,2.35
3/6/2019,,,2.35
3/7/2019,,,2.36
3/8/2019,,,2.35
3/11/2019,,,2.35
3/12/2019,,,2.36
3/13/2019,,,2.37
3/14/2019,,,2.37
3/15/2019,,,2.41
3/18/2019,,,2.37
3/19/2019,,,2.39
3/20/2019,,,2.44
3/21/2019,,,2.41
3/22/2019,,,2.37
3/25/2019,,,2.36
3/26/2019,,,2.37
3/27/2019,,,2.38
3/28/2019,,,2.42
3/29/2019,,,2.56
4/1/2019,,,2.4
4/2/2019,,,2.41
4/3/2019,,,2.41
4/4/2019,,,2.41
4/5/2019,,,2.41
4/8/2019,,,2.41
4/9/2019,,,2.4
4/10/2019,,,2.4
4/11/2019,,,2.39
4/12/2019,,,2.39
4/15/2019,,,2.41
4/16/2019,,,2.41
4/17/2019,,,2.45
4/18/2019,,,2.44
4/22/2019,,,2.41
4/23/2019,,,2.43
4/24/2019,,,2.39
4/25/2019,,,2.39
4/26/2019,,,2.43
4/29/2019,,,2.45
4/30/2019,,,2.69
5/1/2019,,,2.49
5/2/2019,,,2.45
5/3/2019,,,2.4
5/6/2019,,,2.39
5/7/2019,,,2.39
5/8/2019,,,2.38
5/9/2019,,,2.36
5/10/2019,,,2.35
5/13/2019,,,2.34
5/14/2019,,,2.35
5/15/2019,,,2.43
5/16/2019,,,2.39
5/17/2019,,,2.37
5/20/2019,,,2.35
5/21/2019,,,2.35
5/22/2019,,,2.33
5/23/2019,,,2.33
5/24/2019,,,2.33
5/28/2019,,,2.37
5/29/2019,,,2.38
5/30/2019,,,2.38
5/31/2019,,,2.46
6/3/2019,,,2.36
6/4/2019,,,2.35
6/5/2019,,,2.35
6/6/2019,,,2.36
6/7/2019,,,2.36
6/10/2019,,,2.35
6/11/2019,,,2.35
6/12/2019,,,2.35
6/13/2019,,,2.33
6/14/2019,,,2.31
6/17/2019,,,2.37
6/18/2019,,,2.35
6/19/2019,,,2.33
6/20/2019,,,2.32
6/21/2019,,,2.34
6/24/2019,,,2.37
6/25/2019,,,2.39
6/26/2019,,,2.42
6/27/2019,,,2.39
6/28/2019,,,2.48
7/1/2019,,,2.37
7/2/2019,,,2.47
7/3/2019,,,2.53
7/5/2019,,,2.55
7/8/2019,,,2.45
7/9/2019,,,2.43
7/10/2019,,,2.43
7/11/2019,,,2.39
7/12/2019,,,2.34
7/15/2019,,,2.42
7/16/2019,,,2.43
7/17/2019,,,2.44
7/18/2019,,,2.43
7/19/2019,,,2.39
7/22/2019,,,2.37
7/23/2019,,,2.37
7/24/2019,,,2.39
7/25/2019,,,2.4
7/26/2019,,,2.39
7/29/2019,,,2.38
7/30/2019,,,2.37
7/31/2019,,,2.51
8/1/2019,,,2.2
8/2/2019,,,2.18
8/5/2019,,,2.12
8/6/2019,,,2.1
8/7/2019,,,2.09
8/8/2019,,,2.08
8/9/2019,,,2.1
8/12/2019,,,2.11
8/13/2019,,,2.16
8/14/2019,,,2.13
8/15/2019,,,2.17
8/16/2019,,,2.12
8/19/2019,,,2.1
8/20/2019,,,2.12
8/21/2019,,,2.08
8/22/2019,,,2.08
8/23/2019,,,2.08
8/26/2019,,,2.09
8/27/2019,,,2.14
8/28/2019,,,2.12
8/29/2019,,,2.11
8/30/2019,,,2.15
9/3/2019,,,2.15
9/4/2019,,,2.2
9/5/2019,,,2.19
9/6/2019,,,2.15
9/9/2019,,,2.11
9/10/2019,,,2.13
9/12/2019,,,2.18
9/13/2019,,,2.18
9/16/2019,,,2.4
9/17/2019,,,5.12
9/18/2019,,,2.57
9/19/2019,,,1.95
9/20/2019,,,1.87
9/23/2019,,,1.84
9/24/2019,,,1.94
9/25/2019,,,1.99
9/26/2019,,,1.84
9/27/2019,,,1.82
9/30/2019,,,2.31
10/1/2019,,,1.87
10/2/2019,,,1.83
10/3/2019,,,1.82
10/4/2019,,,1.8
10/7/2019,,,1.8
10/8/2019,,,1.82
10/9/2019,,,1.83
10/10/2019,,,1.82
10/11/2019,,,1.82
10/15/2019,,,1.95
10/16/2019,,,2.01
10/17/2019,,,1.93
10/18/2019,,,1.85
10/21/2019,1.9,,1.83
10/22/2019,1.93,,1.85
10/23/2019,1.93,,1.84
10/24/2019,1.96,,1.85
10/25/2019,1.91,,1.82
10/28/2019,1.87,,1.8
10/29/2019,1.88,,1.78
10/30/2019,1.81,,1.8
10/31/2019,1.77,,1.73
11/1/2019,1.69,,1.57
11/4/2019,1.64,,1.56
11/5/2019,1.66,,1.56
11/6/2019,1.64,,1.55
11/7/2019,1.64,,1.55
11/8/2019,1.66,,1.55
11/12/2019,1.66,,1.56
11/13/2019,1.64,,1.56
11/14/2019,1.65,,1.56
11/15/2019,1.65,,1.56
11/18/2019,1.59,,1.54
11/19/2019,1.56,,1.55
11/20/2019,1.56,,1.56
11/21/2019,1.55,,1.56
11/22/2019,1.66,,1.57
11/25/2019,1.7,,1.55
11/26/2019,1.66,,1.53
11/27/2019,1.6,,1.53
11/29/2019,1.71,,1.63
12/2/2019,1.66,,1.61
12/3/2019,1.53,,1.53
12/4/2019,1.59,,1.52
12/5/2019,1.53,,1.53
12/6/2019,1.55,,1.54
12/9/2019,1.47,,1.54
12/10/2019,1.62,,1.53
12/11/2019,1.7,,1.53
12/12/2019,1.68,,1.52
12/13/2019,1.75,,1.52
12/16/2019,1.57,,1.6
12/17/2019,1.74,,1.53
12/18/2019,1.7,1.64,1.53
12/19/2019,1.65,1.61,1.52
12/20/2019,1.74,1.6,1.51
12/23/2019,1.66,1.6,1.52
12/24/2019,1.93,1.6,1.51
12/26/2019,null,1.6,1.52
12/27/2019,1.73,1.61,1.52
12/30/2019,null,1.64,1.53
12/31/2019,1.63,2.61,1.61
1/2/2020,1.67,1.61,1.52
1/3/2020,1.51,1.61,1.54
1/6/2020,1.6,1.62,1.54
1/7/2020,1.49,1.63,1.54
1/8/2020,1.58,1.62,1.54
1/9/2020,1.55,1.61,1.54
1/10/2020,1.58,1.61,1.53
1/13/2020,1.56,1.61,1.53
1/14/2020,1.59,1.61,1.54
1/15/2020,1.6,1.63,1.54
1/16/2020,1.58,1.6,1.53
1/17/2020,1.59,1.6,1.53
1/21/2020,1.55,1.61,1.53
1/22/2020,1.6,1.61,1.52
1/23/2020,1.59,1.6,1.52
1/24/2020,1.57,1.6,1.52
1/27/2020,1.62,1.6,1.52
1/28/2020,1.61,1.6,1.53
1/29/2020,1.61,1.6,1.52
1/30/2020,1.63,1.64,1.56
1/31/2020,1.63,1.71,1.58
2/3/2020,1.6,1.66,1.58
2/4/2020,1.64,1.66,1.59
2/5/2020,1.61,1.66,1.58
2/6/2020,1.61,1.66,1.58
2/7/2020,1.57,1.65,1.57
2/10/2020,1.57,1.65,1.57
2/11/2020,null,1.65,1.57
2/12/2020,1.62,1.64,1.56
2/13/2020,1.63,1.64,1.57
2/14/2020,1.61,1.65,1.57
2/18/2020,1.51,1.66,1.59
2/19/2020,1.59,1.65,1.58
2/20/2020,1.58,1.66,1.59
2/21/2020,1.58,1.65,1.57
2/24/2020,1.48,1.64,1.57
2/25/2020,1.52,1.65,1.58
2/26/2020,1.53,1.65,1.58
2/27/2020,1.21,1.65,1.58
2/28/2020,1.55,1.68,1.6
3/2/2020,1.51,1.65,1.58
3/3/2020,1.57,1.66,1.62
3/4/2020,1.34,1.44,1.26
3/5/2020,1.19,1.23,1.15
3/6/2020,1.06,1.17,1.1
3/9/2020,0.96,1.17,1.1
3/10/2020,0.88,1.16,1.1
3/11/2020,0.78,1.22,1.14
3/12/2020,0.77,1.26,1.17
3/13/2020,0.77,1.13,1.01
3/16/2020,0.77,0.83,0.33
3/17/2020,0.52,0.79,0.51
3/18/2020,0.45,0.44,0.16
3/19/2020,0.32,0.26,0.12
3/20/2020,0.44,0.15,0.1
3/23/2020,0.53,0.26,0.08
3/24/2020,0.22,0.12,0.07
3/25/2020,0.33,0.12,0.07
3/26/2020,0.31,0.13,0.07
3/27/2020,0.21,0.12,0.07
3/30/2020,0.22,0.11,0.07
3/31/2020,0.34,0.54,0.12
4/1/2020,0.25,0.16,0.07
4/2/2020,0.07,0.09,0.07
4/3/2020,0.07,0.1,0.07
4/6/2020,-0.03,0.08,0.07
4/7/2020,0.06,0.08,0.07
4/8/2020,0.02,0.1,0.05
4/9/2020,0.06,0.12,0.05
4/13/2020,0.08,0.12,0.06
4/14/2020,0.11,0.14,0.09
4/15/2020,0.13,0.14,0.07
4/16/2020,0.13,0.1,0.07
4/17/2020,0.13,0.11,0.06
4/20/2020,0.1,0.1,0.06
4/21/2020,0.1,0.09,0.04
4/22/2020,0.09,0.05,0.04
4/23/2020,0.09,0.08,0.04
4/24/2020,0.1,0.11,0.06
4/27/2020,0.12,0.11,0.06
4/28/2020,0.09,0.09,0.04
4/29/2020,0.09,0.08,0.05
4/30/2020,0.09,0.13,0.06
5/1/2020,0.06,0.12,0.06
5/4/2020,0.08,0.13,0.08
5/5/2020,null,0.13,0.07
5/6/2020,0.08,0.13,0.08
5/7/2020,0.11,0.13,0.08
5/8/2020,0.1,0.13,0.08
5/11/2020,0.05,0.13,0.08
5/12/2020,0.08,0.13,0.09
5/13/2020,0.12,0.12,0.07
5/14/2020,0.1,0.09,0.05
5/15/2020,0.1,0.11,0.07
5/18/2020,0.09,0.1,0.06
5/19/2020,0.03,0.09,0.06
5/20/2020,0.04,0.09,0.04
5/21/2020,0.06,0.06,0.04
5/22/2020,0,0.09,0.07
5/26/2020,0.08,0.12,0.08
5/27/2020,0.1,0.11,0.08
5/28/2020,0.12,0.13,0.09
5/29/2020,0.08,0.13,0.08
6/1/2020,0.03,0.12,0.09
6/2/2020,0.05,0.13,0.09
6/3/2020,0.07,0.12,0.08
6/4/2020,0.04,0.13,0.09
6/5/2020,0.08,0.13,0.09
6/8/2020,0.04,0.13,0.1
6/9/2020,0.1,0.13,0.09
6/10/2020,0.04,0.13,0.09
6/11/2020,0,0.12,0.09
6/12/2020,0.11,0.13,0.1
6/15/2020,0.11,0.14,0.1
6/16/2020,0.14,0.14,0.11
6/17/2020,0.1,0.14,0.1
6/18/2020,0.14,0.13,0.1
6/19/2020,0.1,0.13,0.1
6/22/2020,null,0.13,0.09
6/23/2020,0.12,0.12,0.09
6/24/2020,0.09,0.12,0.09
6/25/2020,0.13,0.13,0.1
6/26/2020,0.12,0.13,0.1
6/29/2020,null,0.13,0.1
6/30/2020,0.11,0.17,0.1
7/1/2020,0.12,0.14,0.11
7/2/2020,0.13,0.14,0.11
7/6/2020,0.14,0.14,0.12
7/7/2020,0.12,0.15,0.12
7/8/2020,0.12,0.15,0.11
7/9/2020,0.12,0.14,0.11
7/10/2020,0.13,0.14,0.11
7/13/2020,0.12,0.15,0.11
7/14/2020,0.14,0.15,0.12
7/15/2020,0.15,0.16,0.14
7/16/2020,0.12,0.15,0.11
7/17/2020,0.14,0.14,0.12
7/20/2020,0.12,0.15,0.12
7/21/2020,0.15,0.15,0.11
7/22/2020,0.13,0.14,0.11
7/23/2020,0.14,0.14,0.11
7/24/2020,0.14,0.14,0.11
7/27/2020,0.15,0.14,0.11
7/28/2020,0.14,0.14,0.11
7/29/2020,0.13,0.13,0.1
7/30/2020,0.13,0.13,0.1
7/31/2020,0.13,0.13,0.11
8/3/2020,0.12,0.14,0.1
8/4/2020,0.13,0.13,0.1
8/5/2020,0.08,0.13,0.1
8/6/2020,null,0.13,0.1
8/7/2020,0.11,0.13,0.1
8/10/2020,null,0.13,0.1
8/11/2020,0.14,0.13,0.1
8/12/2020,0.1,0.14,0.1
8/13/2020,0.12,0.13,0.1
8/14/2020,0.13,0.13,0.1
8/17/2020,-0.01,0.14,0.1
8/18/2020,0.12,0.13,0.1
8/19/2020,0.09,0.13,0.1
8/20/2020,0.1,0.13,0.08
8/21/2020,0.1,0.12,0.08
8/24/2020,0.1,0.13,0.09
8/25/2020,0.08,0.13,0.09
8/26/2020,0.1,0.12,0.08
8/27/2020,0.07,0.12,0.08
8/28/2020,0.02,0.12,0.08
8/31/2020,0.09,0.13,0.1
9/1/2020,0.06,0.13,0.09
9/2/2020,0.08,0.13,0.09
9/3/2020,0.08,0.13,0.09
9/4/2020,0.06,0.13,0.1
9/8/2020,0.12,0.13,0.1
9/9/2020,0.09,0.13,0.1
9/10/2020,0.1,0.14,0.1
9/11/2020,0.13,0.14,0.1
9/14/2020,0.12,0.13,0.1
9/15/2020,0.1,0.14,0.1
9/16/2020,0.11,0.14,0.1
9/17/2020,0.13,0.14,0.1
9/18/2020,0.12,0.13,0.1
9/21/2020,null,0.12,0.09
9/22/2020,0.12,0.12,0.08
9/23/2020,0.13,0.12,0.07
9/24/2020,0.1,0.12,0.08
9/25/2020,null,0.13,0.09
9/28/2020,null,0.13,0.09
9/29/2020,null,0.13,0.09
9/30/2020,0.13,0.13,0.09
10/1/2020,0.11,0.13,0.09
10/2/2020,0.09,0.13,0.09
10/5/2020,0.09,0.13,0.1
10/6/2020,0.12,0.13,0.1
10/7/2020,0.13,0.13,0.1
10/8/2020,0.12,0.13,0.09
10/9/2020,0.11,0.13,0.09
10/13/2020,0.1,0.13,0.1
10/14/2020,0.11,0.12,0.09
10/15/2020,0.11,0.13,0.1
10/16/2020,0.11,0.13,0.09
10/19/2020,0.09,0.13,0.09
10/20/2020,0.12,0.13,0.09
10/21/2020,0.12,0.13,0.08
10/22/2020,0.13,0.12,0.08
10/23/2020,0.1,0.13,0.09
10/26/2020,0.11,0.14,0.1
10/27/2020,0.11,0.15,0.1
10/28/2020,0.12,0.14,0.1
10/29/2020,0.11,0.14,0.09
10/30/2020,0.12,0.14,0.1
11/2/2020,0.09,0.14,0.1
11/3/2020,0.12,0.14,0.1
11/4/2020,null,0.14,0.11
11/5/2020,null,0.14,0.11
11/6/2020,0.11,0.14,0.11
11/9/2020,0.12,0.14,0.11
11/10/2020,0.12,0.14,0.1
11/12/2020,0.11,0.13,0.1
11/13/2020,0.11,0.13,0.1
11/16/2020,0.01,0.14,0.11
11/17/2020,0.02,0.13,0.1
11/18/2020,0.1,0.12,0.08
11/19/2020,0.11,0.12,0.07
11/20/2020,0.08,0.09,0.07
11/23/2020,0.06,0.09,0.07
11/24/2020,0.09,0.12,0.08
11/25/2020,0.09,0.12,0.09
11/27/2020,0.12,0.13,0.09
11/30/2020,0.11,0.13,0.11
12/1/2020,0.06,0.13,0.09
12/2/2020,-0.03,0.12,0.09
12/3/2020,0.07,0.13,0.09
12/4/2020,0.07,0.12,0.1
12/7/2020,0.01,0.12,0.1
12/8/2020,-0.01,0.12,0.09
12/9/2020,0.07,0.11,0.09
12/10/2020,0.04,0.12,0.09
12/11/2020,0.07,0.12,0.09
12/14/2020,0.09,0.12,0.09
12/15/2020,0.08,0.13,0.1
12/16/2020,0.09,0.12,0.1
12/17/2020,0.1,0.12,0.1
12/18/2020,0.09,0.12,0.1
12/21/2020,null,0.12,0.1
12/22/2020,0.12,0.1,0.09
12/23/2020,0.12,0.09,0.08
12/24/2020,null,0.11,0.09
12/28/2020,null,0.13,0.1
12/29/2020,0.12,0.13,0.11
12/30/2020,null,0.13,0.11
12/31/2020,0.1,0.15,0.09
1/4/2021,0.13,0.13,0.09
1/5/2021,0.12,0.13,0.11
1/6/2021,0.1,0.13,0.11
1/7/2021,0.1,0.13,0.11
1/8/2021,0.09,0.13,0.1
1/11/2021,0.1,0.12,0.1
1/12/2021,0.1,0.12,0.09
1/13/2021,0.07,0.12,0.08
1/14/2021,0.11,0.12,0.09
1/15/2021,0.1,0.12,0.09
1/19/2021,0.07,0.12,0.08
1/20/2021,0.08,0.11,0.08
1/21/2021,0.08,0.11,0.06
1/22/2021,0.08,0.11,0.07
1/25/2021,0.09,0.11,0.08
1/26/2021,0.08,0.1,0.06
1/27/2021,0.09,0.08,0.06
1/28/2021,0.09,0.1,0.07
1/29/2021,0.07,0.11,0.07
2/1/2021,0.04,0.12,0.08
2/2/2021,0.03,0.11,0.09
2/3/2021,0.08,0.11,0.09
2/4/2021,0.03,0.1,0.07
2/5/2021,0.06,0.09,0.05
2/8/2021,0.05,0.09,0.05
2/9/2021,null,0.11,0.07
2/10/2021,0.02,0.12,0.08
2/11/2021,0.04,0.11,0.07
2/12/2021,0.07,0.11,0.07
2/16/2021,-0.07,0.12,0.08
2/17/2021,0.05,0.12,0.08
2/18/2021,0.02,0.1,0.06
2/19/2021,0.01,0.09,0.05
2/22/2021,-0.04,0.09,0.05
2/23/2021,-0.06,0.08,0.05
2/24/2021,0.03,0.08,0.04
2/25/2021,-0.08,0.08,0.05
2/26/2021,-0.1,0.07,0.04
3/1/2021,-0.1,0.06,0.04
3/2/2021,-0.21,0.06,0.05
3/3/2021,-0.03,0.06,0.06
3/4/2021,-0.25,0.06,0.04
3/5/2021,-0.19,0.05,0.04
3/8/2021,-0.37,0.05,0.04
3/9/2021,-0.29,0.05,0.04
3/10/2021,-0.18,0.05,0.04
3/11/2021,0.03,0.05,0.04
3/12/2021,0.05,0.03,0.03
3/15/2021,-0.04,0.04,0.03
3/16/2021,-0.02,0.02,0.03
3/17/2021,-0.04,0.02,0.03
3/18/2021,-0.01,0.02,0.03
3/19/2021,-0.01,0.01,0.02
3/22/2021,0.03,0.01,0.02
3/23/2021,-0.02,0,0.02
3/24/2021,null,0.02,0.03
3/25/2021,0,0.04,0.03
3/26/2021,-0.01,0.04,0.04
3/29/2021,0.01,0.05,0.04
3/30/2021,null,0.04,0.03
3/31/2021,-0.03,0.03,0.03
4/1/2021,0,0.04,0.03
4/5/2021,-0.01,0.05,0.04
4/6/2021,-0.04,0.04,0.03
4/7/2021,-0.12,0.03,0.03
4/8/2021,0.01,0.03,0.03
4/9/2021,0,0.02,0.03
4/12/2021,-0.09,0.02,0.03
4/13/2021,0.01,0.02,0.03
4/14/2021,-0.01,0.02,0.03
4/15/2021,-0.05,0.02,0.03
4/16/2021,-0.02,0.02,0.03
4/19/2021,-0.01,0.02,0.03
4/20/2021,-0.06,0.02,0.03
4/21/2021,-0.04,0.03,0.03
4/22/2021,0.01,0.01,0.03
4/23/2021,0.01,0.02,0.03
4/26/2021,-0.01,0.02,0.03
4/27/2021,0,0.01,0.03
4/28/2021,0.01,0.01,0.03
4/29/2021,-0.03,0.01,0.03
4/30/2021,0,0.01,0.03
5/3/2021,null,0.01,0.03
5/4/2021,-0.09,0.02,0.03
5/5/2021,-0.03,0.02,0.03
5/6/2021,-0.02,0.02,0.03
5/7/2021,0.01,0.02,0.03
5/10/2021,0.01,0.02,0.03
5/11/2021,-0.02,0.02,0.03
5/12/2021,-0.01,0.02,0.03
5/13/2021,-0.01,0.02,0.03
5/14/2021,0.01,0.01,0.02
5/17/2021,-0.15,0.01,0.03
5/18/2021,-0.03,0.01,0.02
5/19/2021,-0.08,0.01,0.02
5/20/2021,-0.12,0.02,0.03
5/21/2021,-0.12,0.01,0.02
5/24/2021,-0.13,0.01,0.03
5/25/2021,-0.07,0.01,0.02
5/26/2021,-0.1,0.01,0.03
5/27/2021,-0.05,0.01,0.03
5/28/2021,0,0.01,0.02
6/1/2021,-0.09,0.02,0.03
6/2/2021,-0.12,0.02,0.03
6/3/2021,-0.04,0.02,0.03
6/4/2021,-0.04,0.02,0.03
6/7/2021,0,0.02,0.02
6/8/2021,-0.07,0.02,0.02
6/9/2021,-0.01,0.02,0.02
6/10/2021,-0.02,0.02,0.02
6/11/2021,-0.02,0.02,0.02
6/14/2021,null,0.02,0.02
6/15/2021,0,0.02,0.02
6/16/2021,0.02,0.02,0.02
6/17/2021,0.03,0.04,0.06
6/18/2021,0.02,0.05,0.07
6/21/2021,0.02,0.05,0.07
6/22/2021,0.01,0.04,0.07
6/23/2021,0.04,0.04,0.06
6/24/2021,-0.01,0.06,0.06
6/25/2021,0.02,0.06,0.07
6/28/2021,null,0.06,0.07
6/29/2021,0.04,0.06,0.07
6/30/2021,0.03,0.08,0.07
7/1/2021,0.02,0.07,0.07
7/2/2021,-0.03,0.07,0.07
7/6/2021,0,0.07,0.07
7/7/2021,0.03,0.07,0.07
7/8/2021,0.01,0.07,0.07
7/9/2021,0.04,0.06,0.07
7/12/2021,0.04,0.06,0.07
7/13/2021,0.02,0.06,0.07
7/14/2021,0.03,0.06,0.07
7/15/2021,0.01,0.06,0.07
7/16/2021,0.02,0.05,0.07
7/19/2021,0.03,0.05,0.07
7/20/2021,0.01,0.05,0.06
7/21/2021,0.03,0.05,0.06
7/22/2021,null,0.04,0.06
7/23/2021,0.01,0.07,0.07
7/26/2021,0.02,0.07,0.07
7/27/2021,0.02,0.07,0.07
7/28/2021,0.02,0.07,0.07
7/29/2021,0.02,0.06,0.06
7/30/2021,0.02,0.06,0.07
8/2/2021,0.03,0.07,0.07
8/3/2021,null,0.07,0.07
8/4/2021,0.02,0.07,0.07
8/5/2021,0.01,0.07,0.07
8/6/2021,0.03,0.07,0.07
8/9/2021,null,0.06,0.07
8/10/2021,0.05,0.06,0.06
8/11/2021,null,0.06,0.07
8/12/2021,0.03,0.05,0.06
8/13/2021,0.02,0.05,0.06
8/16/2021,-0.11,0.06,0.07
8/17/2021,-0.03,0.06,0.07
8/18/2021,0,0.05,0.06
8/19/2021,-0.05,0.05,0.06
8/20/2021,0.01,0.02,0.06
8/23/2021,-0.03,0.02,0.06
8/24/2021,0,0.06,0.07
8/25/2021,0.02,0.07,0.07
8/26/2021,-0.01,0.07,0.07
8/27/2021,0,0.07,0.07
8/30/2021,0.02,0.06,0.07
8/31/2021,0,0.07,0.06
9/1/2021,-0.03,0.06,0.07
9/2/2021,-0.02,0.06,0.06
9/3/2021,-0.01,0.06,0.06
9/7/2021,-0.02,0.07,0.06
9/8/2021,-0.01,0.06,0.06
9/9/2021,0,0.06,0.06
9/10/2021,0.04,0.06,0.06
9/13/2021,null,0.06,0.06
9/14/2021,0.04,0.06,0.06
9/15/2021,0.03,0.06,0.06
9/16/2021,0.05,0.06,0.06
9/17/2021,0.04,0.04,0.06
9/20/2021,null,0.04,0.06
9/21/2021,0.04,0.05,0.06
9/22/2021,0.02,0.03,0.06
9/23/2021,null,0.03,0.06
9/24/2021,0.02,0.06,0.06
9/27/2021,0.07,0.07,0.06
9/28/2021,0.03,0.07,0.06
9/29/2021,0.04,0.07,0.06
9/30/2021,0.03,0.07,0.06
10/1/2021,0.04,0.06,0.07
10/4/2021,0.01,0.06,0.07
10/5/2021,0.02,0.06,0.07
10/6/2021,0,0.05,0.06
10/7/2021,0.03,0.05,0.06
10/8/2021,-0.04,0.05,0.06
10/12/2021,0.03,0.05,0.06
10/13/2021,-0.15,0.05,0.06
10/14/2021,0.03,0.05,0.06
10/15/2021,0.03,0.04,0.06
10/18/2021,0.02,0.03,0.06
10/19/2021,0,0.02,0.06
10/20/2021,-0.05,0.02,0.06
10/21/2021,-0.27,0.05,0.06
10/22/2021,-0.05,0.07,0.06
10/25/2021,-0.01,0.07,0.06
10/26/2021,-0.05,0.07,0.06
10/27/2021,-0.02,0.08,0.07
10/28/2021,0,0.08,0.07
10/29/2021,0,0.09,0.07
11/1/2021,0.01,0.06,0.07
11/2/2021,0.02,0.07,0.07
11/3/2021,-0.09,0.07,0.07
11/4/2021,-0.02,0.07,0.07
11/5/2021,0.01,0.07,0.07
11/8/2021,0.03,0.07,0.07
11/9/2021,-0.01,0.07,0.07
11/10/2021,0.01,0.07,0.07
11/12/2021,0,0.07,0.06
11/15/2021,-0.14,0.07,0.07
11/16/2021,0,0.07,0.07
11/17/2021,-0.05,0.07,0.07
11/18/2021,-0.04,0.07,0.07
11/19/2021,-0.01,0.06,0.07
11/22/2021,0.01,0.06,0.07
11/23/2021,-0.05,0.06,0.07
11/24/2021,0.01,0.07,0.07
11/26/2021,0,0.07,0.07
11/29/2021,0.04,0.08,0.07
11/30/2021,0.03,0.08,0.07
12/1/2021,0,0.09,0.07
12/2/2021,-0.01,0.08,0.07
12/3/2021,-0.01,0.08,0.07
12/6/2021,0.03,0.08,0.07
12/7/2021,0.01,0.08,0.07
12/8/2021,0.01,0.08,0.07
12/9/2021,-0.01,0.07,0.07
12/10/2021,0.01,0.07,0.07
12/13/2021,0.02,0.08,0.07
12/14/2021,0.04,0.06,0.06
12/15/2021,0.01,0.06,0.06
12/16/2021,0.01,0.06,0.06
12/17/2021,-0.01,0.06,0.06
12/20/2021,-0.05,0.07,0.06
12/21/2021,0.04,0.06,0.06
12/22/2021,0.04,0.06,0.06
12/23/2021,-0.09,0.06,0.07
12/27/2021,-0.27,0.08,0.07
12/28/2021,-0.07,0.07,0.07
12/29/2021,0.04,0.07,0.07
12/30/2021,-0.12,0.06,0.07
12/31/2021,0.06,0.11,0.07
1/3/2022,0,0.08,0.07
1/4/2022,-0.01,0.08,0.07
1/5/2022,-0.03,0.08,0.07
1/6/2022,0,0.08,0.07
1/7/2022,-0.02,0.08,0.07
1/10/2022,null,0.07,0.06
1/11/2022,0.01,0.07,0.07
1/12/2022,-0.02,0.07,0.06
1/13/2022,0,0.07,0.06
1/14/2022,0,0.06,0.06
1/18/2022,-0.02,0.06,0.07
1/19/2022,0,0.07,0.07
1/20/2022,-0.06,0.08,0.07
1/21/2022,-0.01,0.06,0.07
1/24/2022,0.01,0.06,0.07
1/25/2022,0,0.06,0.06
1/26/2022,0.01,0.06,0.07
1/27/2022,0,0.06,0.07
1/28/2022,0.04,0.06,0.07
1/31/2022,-0.03,0.07,0.07
2/1/2022,0.02,0.07,0.07
2/2/2022,0,0.08,0.07
2/3/2022,0.03,0.07,0.07
2/4/2022,0.03,0.07,0.07
2/7/2022,0.02,0.07,0.07
2/8/2022,0.02,0.06,0.06
2/9/2022,0.03,0.06,0.06
2/10/2022,0.03,0.06,0.06
2/11/2022,-0.04,0.08,0.07
2/14/2022,null,0.07,0.07
2/15/2022,-0.07,0.07,0.07
2/16/2022,0.01,0.07,0.07
2/17/2022,-0.07,0.06,0.07
2/18/2022,-0.01,0.1,0.07
2/22/2022,0.01,0.08,0.07
2/23/2022,-0.02,0.09,0.07
2/24/2022,0.04,0.08,0.07
2/25/2022,0.02,0.07,0.07
2/28/2022,0.03,0.1,0.07
3/1/2022,0.08,0.08,0.07
3/2/2022,0.06,0.08,0.07
3/3/2022,0.07,0.08,0.07
3/4/2022,-0.03,0.08,0.07
3/7/2022,0.09,0.07,0.07
3/8/2022,0.11,0.07,0.07
3/9/2022,0.15,0.07,0.07
3/10/2022,0.16,0.07,0.07
3/11/2022,0.14,0.07,0.07
3/14/2022,0.2,0.12,0.07
3/15/2022,0.27,0.08,0.07
3/16/2022,0.26,0.09,0.07
3/17/2022,0.27,0.34,0.3
3/18/2022,0.28,0.32,0.31
3/21/2022,0.11,0.31,0.31
3/22/2022,0.24,0.31,0.31
3/23/2022,0.1,0.31,0.3
3/24/2022,-0.13,0.3,0.3
3/25/2022,0.19,0.29,0.3
3/28/2022,0.21,0.31,0.3
3/29/2022,0.04,0.3,0.31
3/30/2022,0.25,0.32,0.3
3/31/2022,0.24,0.33,0.3
4/1/2022,0.29,0.36,0.31
4/4/2022,0.24,0.31,0.31
4/5/2022,null,0.32,0.31
4/6/2022,0.19,0.32,0.31
4/7/2022,0.21,0.32,0.31
4/8/2022,0.2,0.32,0.31
4/11/2022,0.29,0.32,0.31
4/12/2022,0.25,0.34,0.31
4/13/2022,0.29,0.35,0.31
4/14/2022,0.29,0.33,0.31
4/18/2022,0.27,0.33,0.31
4/19/2022,null,0.32,0.3
4/20/2022,0.29,0.34,0.3
4/21/2022,0.42,0.38,0.3
4/22/2022,0.38,0.32,0.3
4/25/2022,0.36,0.31,0.3
4/26/2022,0.36,0.34,0.3
4/27/2022,0.43,0.32,0.3
4/28/2022,0.38,0.39,0.3
4/29/2022,0.47,0.32,0.32
5/2/2022,0.56,0.33,0.31
5/3/2022,null,0.34,0.32
5/4/2022,0.7,0.32,0.31
5/5/2022,0.74,0.82,0.77
5/6/2022,0.78,0.82,0.79
5/9/2022,0.7,0.82,0.79
5/10/2022,0.77,0.82,0.79
5/11/2022,0.78,0.82,0.79
5/12/2022,0.77,0.82,0.79
5/13/2022,0.77,0.82,0.79
5/16/2022,0.61,0.82,0.79
5/17/2022,0.78,0.82,0.79
5/18/2022,0.73,0.83,0.79
5/19/2022,0.75,0.85,0.79
5/20/2022,0.76,0.82,0.79
5/23/2022,0.62,0.82,0.79
5/24/2022,0.71,0.82,0.79
5/25/2022,0.72,0.82,0.79
5/26/2022,0.75,0.82,0.79
5/27/2022,0.75,0.82,0.79
5/31/2022,0.82,0.86,0.79
6/1/2022,0.79,0.83,0.79
6/2/2022,0.76,0.84,0.8
6/3/2022,0.84,0.83,0.79
6/6/2022,null,0.82,0.79
6/7/2022,0.88,0.82,0.79
6/8/2022,0.94,0.82,0.79
6/9/2022,0.89,0.82,0.79
6/10/2022,0.85,0.82,0.79
6/13/2022,0.99,0.92,0.78
6/14/2022,1.03,0.83,0.77
6/15/2022,1.21,0.9,0.77
6/16/2022,1.35,1.54,1.46
6/17/2022,null,1.57,1.5
6/21/2022,null,1.55,1.5
6/22/2022,1.45,1.56,1.5
6/23/2022,1.41,1.55,1.5
6/24/2022,1.45,1.56,1.5
6/27/2022,null,1.59,1.51
6/28/2022,1.54,1.59,1.51
6/29/2022,1.51,1.62,1.51
6/30/2022,1.49,1.61,1.51
7/1/2022,1.53,1.59,1.51
7/5/2022,1.57,1.58,1.51
7/6/2022,1.45,1.59,1.51
7/7/2022,1.48,1.59,1.52
7/8/2022,1.56,1.58,1.51
7/11/2022,1.53,1.58,1.51
7/12/2022,1.58,1.6,1.51
7/13/2022,1.51,1.59,1.51
7/14/2022,1.62,1.74,1.52
7/15/2022,1.6,1.59,1.51
7/18/2022,1.53,1.59,1.52
7/19/2022,null,1.59,1.51
7/20/2022,1.72,1.58,1.51
7/21/2022,1.82,1.76,1.52
7/22/2022,1.81,1.58,1.51
7/25/2022,1.95,1.59,1.51
7/26/2022,2.12,1.59,1.52
7/27/2022,2.22,1.58,1.52
7/28/2022,2.3,2.34,2.22
7/29/2022,2.29,2.33,2.25
8/1/2022,2.23,2.33,2.25
8/2/2022,2.29,2.34,2.25
8/3/2022,2.27,2.34,2.25
8/4/2022,2.3,2.34,2.25
8/5/2022,2.33,2.33,2.24
8/8/2022,2.25,2.33,2.24
8/9/2022,2.27,2.33,2.25
8/10/2022,2.28,2.35,2.25
8/11/2022,2.27,2.33,2.25
8/12/2022,2.27,2.34,2.24
8/15/2022,2.26,2.33,2.25
8/16/2022,2.29,2.33,2.25
8/17/2022,2.29,2.35,2.25
8/18/2022,2.28,2.34,2.25
8/19/2022,2.2,2.34,2.25
8/22/2022,2.24,2.33,2.24
8/23/2022,2.25,2.33,2.25
8/24/2022,2.26,2.34,2.24
8/25/2022,2.19,2.34,2.25
8/26/2022,2.28,2.34,2.25
8/29/2022,2.27,2.36,2.25
8/30/2022,null,2.33,2.25
8/31/2022,2.31,2.35,2.25
9/1/2022,2.26,2.35,2.25
9/2/2022,2.29,2.34,2.25
9/6/2022,2.31,2.34,2.25
9/7/2022,2.32,2.33,2.25
9/8/2022,2.3,2.33,2.25
9/9/2022,2.27,2.34,2.25
9/12/2022,2.45,2.37,2.25
9/13/2022,2.44,2.34,2.25
9/14/2022,2.6,2.5,2.25
9/15/2022,2.52,2.36,2.25
9/16/2022,2.56,2.35,2.25
9/19/2022,2.79,2.34,2.25
9/20/2022,2.9,2.34,2.25
9/21/2022,2.71,2.56,2.24
9/22/2022,2.93,3.11,2.95
9/23/2022,2.62,3.08,2.97
9/26/2022,2.77,3.09,2.97
9/27/2022,2.49,3.09,2.97
9/28/2022,2.84,3.09,2.97
9/29/2022,3.05,3.09,2.97
9/30/2022,3.03,3.13,2.97
10/3/2022,null,3.13,2.99
10/4/2022,null,3.15,3
10/5/2022,2.96,3.15,3
10/6/2022,3,3.13,3
10/7/2022,2.98,3.12,3
10/11/2022,3.01,3.12,3
10/12/2022,3.02,3.12,3
10/13/2022,2.99,3.16,3
10/14/2022,2.94,3.1,3
10/17/2022,3.05,3.11,3
10/18/2022,3.03,3.11,3
10/19/2022,3,3.09,3
10/20/2022,3.17,3.21,3
10/21/2022,3,3.09,3
10/24/2022,3.23,3.08,3
10/25/2022,3.21,3.09,3
10/26/2022,3.08,3.1,3
10/27/2022,3.23,3.11,3
10/28/2022,3.18,3.19,3
10/31/2022,3.44,3.15,3
11/1/2022,3.67,3.18,3
11/2/2022,3.6,3.12,3
11/3/2022,3.74,3.87,3.72
11/4/2022,3.77,3.87,3.74
11/7/2022,3.74,3.86,3.74
11/8/2022,null,3.85,3.73
11/9/2022,3.74,3.86,3.73
11/10/2022,3.79,3.85,3.74
11/14/2022,3.75,3.86,3.74
11/15/2022,3.71,3.86,3.75
11/16/2022,3.76,3.87,3.74
11/17/2022,3.8,3.86,3.74
11/18/2022,3.79,3.85,3.74
11/21/2022,3.8,3.88,3.74
11/22/2022,3.67,3.85,3.74
11/23/2022,3.81,3.88,3.74
11/25/2022,3.79,3.87,3.74
11/28/2022,3.76,3.93,3.75
11/29/2022,3.82,3.88,3.75
11/30/2022,3.82,3.9,3.75
12/1/2022,3.93,3.91,3.74
12/2/2022,3.79,3.9,3.75
12/5/2022,3.74,3.89,3.75
12/6/2022,3.91,3.89,3.75
12/7/2022,3.88,3.89,3.75
12/8/2022,3.92,3.89,3.74
12/9/2022,3.91,3.87,3.74
12/12/2022,4.01,3.89,3.75
12/13/2022,4.03,4.01,3.75
12/14/2022,4.23,3.9,3.76
12/15/2022,4.33,4.39,4.23
12/16/2022,4.32,4.39,4.24
12/19/2022,null,4.39,4.24
12/20/2022,4.27,4.38,4.23
12/21/2022,3.97,4.36,4.23
12/22/2022,4.33,4.35,4.23
12/23/2022,4.25,4.35,4.23
12/27/2022,null,4.35,4.23
12/28/2022,null,4.36,4.23
12/29/2022,3.7,4.36,4.23
12/30/2022,4.34,4.43,4.23
1/3/2023,4.22,4.37,4.23
1/4/2023,4.26,4.37,4.24
1/5/2023,4.2,4.38,4.24
1/6/2023,4.28,4.38,4.23
1/9/2023,4.3,4.37,4.23
1/10/2023,4.32,4.37,4.24
1/11/2023,4.3,4.37,4.24
1/12/2023,4.29,4.39,4.24
1/13/2023,4.31,4.36,4.24
1/17/2023,4.34,4.38,4.24
1/18/2023,4.32,4.37,4.24
1/19/2023,4.32,4.37,4.24
1/20/2023,4.33,4.37,4.24
1/23/2023,4.43,4.42,4.24
1/24/2023,4.4,4.38,4.24
1/25/2023,4.38,4.39,4.24
1/26/2023,4.4,4.4,4.24
1/27/2023,4.39,4.4,4.24
1/30/2023,4.52,4.42,4.24
1/31/2023,4.48,4.41,4.25
2/1/2023,4.58,4.42,4.24
2/2/2023,4.59,4.65,4.49
2/3/2023,4.55,4.65,4.49
2/6/2023,4.56,4.64,4.49
2/7/2023,4.48,4.65,4.49
2/8/2023,4.46,4.64,4.49
2/9/2023,4.49,4.64,4.49
2/10/2023,4.52,4.63,4.49
2/13/2023,null,4.64,4.49
2/14/2023,4.51,4.63,4.49
2/15/2023,4.37,4.64,4.49
2/16/2023,4.45,4.63,4.49
2/17/2023,4.47,4.62,4.49
2/21/2023,4.56,4.61,4.48
2/22/2023,4.48,4.59,4.48
2/23/2023,4.25,4.58,4.48
2/24/2023,4.48,4.58,4.49
2/27/2023,null,4.59,4.48
2/28/2023,4.6,4.63,4.49
3/1/2023,4.52,4.63,4.48
3/2/2023,4.55,4.6,4.49
3/3/2023,4.51,4.58,4.48
3/6/2023,4.5,4.59,4.49
3/7/2023,4.52,4.58,4.48
3/8/2023,4.5,4.58,4.48
3/9/2023,4.52,4.58,4.48
3/10/2023,4.51,4.58,4.48
3/13/2023,4.61,4.66,4.49
3/14/2023,4.59,4.63,4.49
3/15/2023,4.69,4.67,4.51
3/16/2023,4.6,4.67,4.5
3/17/2023,4.63,4.64,4.5
3/20/2023,4.71,4.63,4.5
3/21/2023,4.62,4.66,4.5
3/22/2023,4.74,4.64,4.5
3/23/2023,4.83,4.9,4.76
3/24/2023,4.82,4.92,4.76
3/27/2023,null,4.95,4.76
3/28/2023,4.74,4.95,4.76
3/29/2023,null,4.95,4.75
3/30/2023,4.93,4.93,4.75
3/31/2023,4.92,4.99,4.75
4/3/2023,4.83,4.94,4.74
4/4/2023,4.88,4.93,4.75
4/5/2023,4.86,4.92,4.75
4/6/2023,4.84,4.91,4.75
4/10/2023,4.86,4.9,4.74
4/11/2023,null,4.91,4.75
4/12/2023,4.81,4.9,4.74
4/13/2023,4.83,4.89,4.74
4/14/2023,4.82,4.87,4.74
4/17/2023,4.84,4.87,4.74
4/18/2023,4.78,4.88,4.74
4/19/2023,4.8,4.86,4.74
4/20/2023,4.81,4.88,4.74
4/21/2023,4.85,4.84,4.74
4/24/2023,4.91,4.84,4.74
4/25/2023,4.89,4.85,4.74
4/26/2023,4.92,4.87,4.75
4/27/2023,4.79,4.86,4.75
4/28/2023,4.9,4.91,4.75
5/1/2023,4.99,4.89,4.74
5/2/2023,4.99,4.91,4.75
5/3/2023,5.09,4.91,4.76
5/4/2023,5.13,5.14,5
5/5/2023,5.12,5.14,4.99
5/8/2023,null,5.14,4.99
5/9/2023,5.1,5.14,4.99
5/10/2023,5.13,5.14,4.99
5/11/2023,5.12,5.14,4.99
5/12/2023,5.09,5.13,4.99
5/15/2023,5.07,5.13,4.99
5/16/2023,5.1,5.14,4.99
5/17/2023,5.1,5.14,4.99
5/18/2023,5.1,5.14,4.99
5/19/2023,5.07,5.12,4.99
5/22/2023,5.06,5.1,4.99
5/23/2023,5.06,5.11,4.99
5/24/2023,5.09,5.11,5
5/25/2023,5.13,5.14,5
5/26/2023,5.16,5.17,5
5/30/2023,null,5.19,5
5/31/2023,5.14,5.18,5
6/1/2023,5.16,5.19,5.01
6/2/2023,5.17,5.19,5
6/5/2023,5.08,5.18,5
6/6/2023,4.56,5.14,5
6/7/2023,5.1,5.13,4.99
6/8/2023,5.11,5.13,4.99
6/9/2023,5.09,5.12,4.99
6/12/2023,5.02,5.12,4.99
6/13/2023,5.06,5.15,4.99
6/14/2023,5.11,5.14,4.99
6/15/2023,5.13,5.16,5.01
6/16/2023,5.1,5.14,4.99
6/20/2023,5.06,5.13,4.99
6/21/2023,5.11,5.11,4.99
6/22/2023,5.1,5.12,4.99
6/23/2023,5.08,5.12,4.99
6/26/2023,5.06,5.12,4.99
6/27/2023,5.14,5.13,4.99
6/28/2023,5.12,5.15,5
6/29/2023,5.17,5.16,5
6/30/2023,5.18,5.19,5
7/3/2023,5.13,5.18,5
7/5/2023,null,5.16,5
7/6/2023,5.11,5.17,4.99
7/7/2023,null,5.16,5
7/10/2023,5.1,5.17,4.99
7/11/2023,5.04,5.16,4.99
7/12/2023,5.08,5.16,4.99
7/13/2023,5.08,5.18,5
7/14/2023,5.11,5.15,5
7/17/2023,5.17,5.16,5
7/18/2023,5.08,5.14,4.99
7/19/2023,5.16,5.15,4.99
7/20/2023,5.14,5.16,5
7/21/2023,5.15,5.14,4.99
7/24/2023,5.25,5.13,5
7/25/2023,5.28,5.15,4.99
7/26/2023,5.27,5.16,5
7/27/2023,5.31,5.41,5.25
7/28/2023,5.4,5.4,5.24
7/31/2023,5.36,5.4,5.24
8/1/2023,5.37,5.39,5.24
8/2/2023,5.35,5.38,5.24
8/3/2023,5.34,5.37,5.23
8/4/2023,5.34,5.36,5.24
8/7/2023,5.3,5.35,5.24
8/8/2023,5.32,5.34,5.24
8/9/2023,5.32,5.34,5.24
8/10/2023,5.31,5.34,5.24
8/11/2023,5.34,5.37,5.24
8/14/2023,5.32,5.37,5.24
8/15/2023,5.33,5.38,5.24
8/16/2023,5.23,5.37,5.24
8/17/2023,5.29,5.38,5.24
8/18/2023,5.27,5.36,5.24
8/21/2023,5.05,5.35,5.24
8/22/2023,4.73,5.33,5.23
8/23/2023,4.9,5.34,5.24
8/24/2023,4.95,5.34,5.24
8/25/2023,5.1,5.37,5.24
8/28/2023,5.25,5.38,5.24
8/29/2023,5.25,5.38,5.24
8/30/2023,5.35,5.39,5.24
8/31/2023,5.34,5.4,5.24
9/1/2023,5.21,5.41,5.24
9/5/2023,5.33,5.4,5.23
9/6/2023,5.32,5.4,5.24
9/7/2023,5.34,5.4,5.24
9/8/2023,5.3,5.4,5.24
9/11/2023,5.31,5.4,5.24
9/12/2023,5.33,5.4,5.24
9/13/2023,5.27,5.4,5.24
9/14/2023,5.3,5.41,5.24
9/15/2023,5.35,5.41,5.24
9/18/2023,null,5.41,5.24
9/19/2023,5.34,5.41,5.24
9/20/2023,5.32,5.4,5.24
9/21/2023,5.3,5.4,5.25
9/22/2023,5.35,5.4,5.24
9/25/2023,5.35,5.41,5.24
9/26/2023,5.31,5.41,5.24
9/27/2023,5.17,5.42,5.25
9/28/2023,5.38,5.43,5.25
9/29/2023,5.41,5.44,5.24
10/2/2023,5.33,5.42,5.24
10/3/2023,5.37,5.42,5.25
10/4/2023,5.38,5.42,5.24
10/5/2023,5.36,5.41,5.25
10/6/2023,5.38,5.41,5.25
10/10/2023,5.38,5.41,5.25
10/11/2023,5.37,5.42,5.25
10/12/2023,5.38,5.41,5.25
10/13/2023,5.34,5.41,5.25
10/16/2023,5.38,5.42,5.25
10/17/2023,5.37,5.41,5.25
10/18/2023,5.37,5.39,5.24
10/19/2023,5.36,5.38,5.24
10/20/2023,5.37,5.36,5.24
10/23/2023,5.37,5.36,5.24
10/24/2023,5.39,5.37,5.24
10/25/2023,5.4,5.37,5.24
10/26/2023,5.38,5.38,5.24
10/27/2023,5.39,5.38,5.25
10/30/2023,5.39,5.39,5.24
10/31/2023,5.39,5.4,5.25
11/1/2023,5.38,5.42,5.25
11/2/2023,5.39,5.42,5.27
11/3/2023,5.39,5.42,5.24
11/6/2023,5.38,5.42,5.25
11/7/2023,5.39,5.41,5.25
11/8/2023,5.39,5.41,5.25
11/9/2023,5.38,5.42,5.25
11/10/2023,5.4,5.41,5.25
11/13/2023,5.39,5.41,5.25
11/14/2023,null,5.41,5.25
11/15/2023,5.2,5.42,5.25
11/16/2023,5.38,5.41,5.25
11/17/2023,5.38,5.41,5.25
11/20/2023,5.37,5.42,5.25
11/21/2023,5.31,5.39,5.25
11/22/2023,5.38,5.39,5.25
11/24/2023,5.39,5.38,5.25
11/27/2023,5.37,5.4,5.25
11/28/2023,5.34,5.43,5.25
11/29/2023,5.22,5.42,5.25
11/30/2023,5.37,5.43,5.26
12/1/2023,5.35,5.44,5.26
12/4/2023,5.41,5.44,5.26
12/5/2023,5.41,5.44,5.25
12/6/2023,5.4,5.43,5.26
12/7/2023,5.35,5.42,5.25
12/8/2023,5.36,5.41,5.25
12/11/2023,5.36,5.4,5.25
12/12/2023,5.37,5.4,5.25
12/13/2023,5.35,5.42,5.25
12/14/2023,5.4,5.41,5.26
12/15/2023,5.37,5.43,5.25
12/18/2023,5.35,5.42,5.25
12/19/2023,5.38,5.41,5.25
12/20/2023,5.41,5.42,5.25
12/21/2023,5.35,5.42,5.25
12/22/2023,5.44,5.44,5.25
12/26/2023,5.34,5.48,5.26
12/27/2023,null,5.54,5.28
12/28/2023,5.62,5.64,5.3
12/29/2023,5.54,5.71,5.3
1/2/2024,5.46,5.55,5.29
1/3/2024,5.51,5.53,5.29
1/4/2024,5.44,5.49,5.27
1/5/2024,5.4,5.43,5.25
1/8/2024,5.37,5.4,5.23
1/9/2024,5.39,5.41,5.25
1/10/2024,5.39,5.41,5.25
1/11/2024,5.35,5.41,5.25
1/12/2024,5.36,5.41,5.25
1/16/2024,5.39,5.42,5.25
1/17/2024,5.38,5.4,5.26
1/18/2024,5.37,5.39,5.25
1/19/2024,5.36,5.36,5.24
1/22/2024,5.36,5.34,5.24
1/23/2024,null,5.34,5.25
1/24/2024,null,5.37,5.26
1/25/2024,5.4,5.41,
