Time,EFFR,volEFFR,targetU,targetL,ERRF1,EFFR25,EFFR75,EFRR99,OBFR,volOBFR,TGCR,volTGCR,BGCR,volBGCR,SOFR,volSOFR,sofr1,sofr25,sofr75,sofr99,IOR,ONRRPust,ONRRPmbs
2/28/2016 0:00,0.0925,81.25,0,0,0.0625,0.09,0.0925,0.1075,0.0725,72.5,0.07,86.25,0.085,174.75,0.0925,18.75,0.085,0.09,0.0925,0.125,,,
3/6/2016 0:00,0.37,322.8,,,0.23,0.36,0.37,0.428,0.288,290.6,0.292,340,0.346,682.4,0.36,73.2,0.338,0.36,0.37,0.558,,,
3/13/2016 0:00,0.37,302,,,0.224,0.36,0.37,0.424,0.298,281.8,0.292,337.6,0.356,683.6,0.366,65.6,0.352,0.36,0.37,0.5,,,
3/20/2016 0:00,0.37,220,,,0.18,0.364,0.372,0.478,0.284,252.8,0.292,310,0.338,647,0.37,64.4,0.334,0.36,0.37,0.554,,,
3/27/2016 0:00,0.33,257.8333333,,,0.216666667,0.33,0.336666667,0.481666667,0.53,198,0.553333333,289.3333333,0.618333333,583.8333333,0.588333333,69,0.523333333,0.56,0.57,0.766666667,,,
4/3/2016 0:00,0.37,292.8,,,0.274,0.37,0.37,0.434,0.292,262,0.296,320.4,0.35,658.2,0.37,75.6,0.348,0.36,0.37,0.546,,,
4/10/2016 0:00,0.37,288.4,,,0.244,0.37,0.37,0.43,0.3,272.8,0.3,325.6,0.362,658.2,0.37,72.8,0.342,0.362,0.37,0.524,,,
4/17/2016 0:00,0.37,288.6,,,0.232,0.37,0.37,0.444,0.276,275,0.278,334.4,0.318,659.8,0.37,66.4,0.354,0.37,0.372,0.548,,,
4/24/2016 0:00,0.356,287.6,,,0.268,0.354,0.356,0.452,0.272,272.2,0.272,331.6,0.296,661.4,0.37,59.4,0.358,0.37,0.372,0.56,,,
5/1/2016 0:00,0.37,285.8,,,0.286,0.37,0.37,0.446,0.284,287.6,0.288,341.4,0.33,678.4,0.356,60,0.336,0.354,0.362,0.56,,,
5/8/2016 0:00,0.37,287,,,0.29,0.37,0.378,0.436,0.29,292,0.292,345.8,0.356,672.8,0.37,62.6,0.358,0.37,0.38,0.55,,,
5/15/2016 0:00,0.37,300.4,,,0.256,0.37,0.38,0.438,0.28,280.6,0.272,334.8,0.31,676.8,0.37,61.4,0.356,0.37,0.38,0.558,,,
5/22/2016 0:00,0.37,313.4,,,0.278,0.37,0.38,0.438,0.268,275.8,0.276,334.2,0.302,675.4,0.37,67.8,0.358,0.37,0.38,0.548,,,
5/29/2016 0:00,0.35,296.5,,,0.28,0.3475,0.36,0.45,0.2825,282.5,0.28,331.75,0.3425,687.75,0.35,66,0.335,0.3475,0.36,0.545,,,
6/5/2016 0:00,0.37,291.4,,,0.296,0.37,0.38,0.452,0.298,288.8,0.31,337.2,0.382,690.4,0.37,72,0.348,0.37,0.38,0.534,,,
6/12/2016 0:00,0.376,257,,,0.286,0.374,0.38,0.46,0.322,288.2,0.326,340.8,0.406,686.6,0.372,69.4,0.36,0.37,0.38,0.546,,,
6/19/2016 0:00,0.386,249.6,,,0.226,0.386,0.396,0.466,0.356,278.6,0.39,327,0.488,651.4,0.382,70.6,0.364,0.382,0.388,0.554,,,
6/26/2016 0:00,0.388,224.8,,,0.25,0.38,0.398,0.468,0.398,260,0.382,311.4,0.508,653,0.386,62.2,0.358,0.378,0.4,0.56,,,
7/3/2016 0:00,0.4,248.25,,,0.2675,0.4,0.41,0.4575,0.3225,286.5,0.325,323.5,0.3975,685.75,0.4025,69,0.355,0.4,0.41,0.605,,,
7/10/2016 0:00,0.4,256.4,,,0.27,0.4,0.41,0.456,0.316,292.6,0.314,338.4,0.388,687.6,0.4,64.2,0.366,0.4,0.41,0.548,,,
7/17/2016 0:00,0.4,252,,,0.242,0.4,0.41,0.468,0.44,305.4,0.44,347.6,0.478,692.8,0.4,70.4,0.35,0.4,0.41,0.522,,,
7/24/2016 0:00,0.38,259,,,0.252,0.38,0.39,0.488,0.308,319.4,0.306,347,0.36,708.8,0.4,67.6,0.33,0.4,0.41,0.558,,,
7/31/2016 0:00,0.4,258.4,,,0.27,0.4,0.41,0.476,0.74,337.2,0.736,364.6,0.762,731.2,0.38,66.6,0.282,0.38,0.39,0.518,,,
8/7/2016 0:00,0.4,247,,,0.27,0.4,0.41,0.47,0.316,310.6,0.322,337.8,0.378,684.4,0.4,65,0.324,0.4,0.41,0.508,,,
8/14/2016 0:00,0.4,244,,,0.266,0.4,0.41,0.47,0.322,314.8,0.318,344.2,0.386,692,0.4,64.4,0.294,0.4,0.41,0.5,,,
8/21/2016 0:00,0.4,252.8,,,0.254,0.4,0.41,0.482,0.298,309.2,0.298,341.8,0.352,684.8,0.38,114,0.338,135.72,0.41,0.544,,,
8/28/2016 0:00,0.38,240.6,,,0.266,0.38,0.39,0.49,0.31,302.2,0.312,328,0.418,691.8,0.38,67.6,0.262,0.38,0.39,0.516,,,
9/4/2016 0:00,0.4,238.25,,,0.28,0.4,0.41,0.485,0.31,316,0.3175,342.5,0.3875,705.25,0.4,66.75,0.31,0.4,0.41,0.5125,,,
9/11/2016 0:00,0.4,232,,,0.276,0.4,0.41,0.49,0.32,315.8,0.314,346.2,0.388,728.8,0.4,62,0.32,0.4,0.41,0.52,,,
9/18/2016 0:00,0.4,226.2,,,0.228,0.4,0.41,0.49,0.288,300,0.296,343.4,0.378,716.6,0.4,59.8,0.36,0.4,0.41,0.518,,,
9/25/2016 0:00,0.378,188.6,,,0.25,0.376,0.388,0.494,0.394,264.6,0.402,290.8,0.644,659.6,0.4,65,0.338,0.4,0.41,0.5,,,
10/2/2016 0:00,0.402,182,,,0.262,0.4,0.41,0.494,0.352,285.8,0.348,311,0.45,685.6,0.378,62.6,0.26,0.376,0.388,0.5,,,
10/9/2016 0:00,0.41,169.5,,,0.2675,0.4,0.41,0.5,0.3225,310.25,0.325,339.5,0.3875,703.5,0.4075,66.5,0.27,0.4,0.41,0.5125,,,
10/16/2016 0:00,0.41,171.6,,,0.26,0.4,0.41,0.5,0.29,311.2,0.286,351.8,0.322,704,0.41,66.2,0.28,0.4,0.41,0.5,,,
10/23/2016 0:00,0.41,168,,,0.224,0.4,0.41,0.5,0.302,301.8,0.308,342.2,0.382,711,0.41,67.8,0.276,0.4,0.41,0.52,,,
10/30/2016 0:00,0.39,156.2,,,0.276,0.38,0.392,0.5,0.3,305.6,0.296,337.8,0.364,718.6,0.39,64.2,0.302,0.38,0.392,0.5,,,
11/6/2016 0:00,0.41,160.25,,,0.28,0.4,0.41,0.5,0.3,310.75,0.3025,339.75,0.36,699.5,0.41,63.25,0.33,0.4,0.41,0.5,,,
11/13/2016 0:00,0.41,174.2,,,0.296,0.404,0.412,0.496,0.282,303.6,0.274,340,0.292,730,0.41,66.4,0.342,0.406,0.41,0.5,,,
11/20/2016 0:00,0.41,182,,,0.225,0.41,0.41,0.5125,0.2575,297.75,0.2575,327,0.26,695,0.41,75.75,0.315,0.41,0.41,0.5275,,,
11/27/2016 0:00,0.39,175.4,,,0.276,0.39,0.394,0.5,0.26,288.8,0.262,312.4,0.262,689.4,0.39,73.8,0.298,0.39,0.392,0.516,,,
12/4/2016 0:00,0.41,178.6,,,0.3,0.41,0.41,0.504,0.266,282.6,0.272,310.2,0.276,677,0.41,76.8,0.29,0.41,0.41,0.498,,,
12/11/2016 0:00,0.51,179.6,,,0.362,0.51,0.516,0.6,0.366,281,0.41,314.6,0.41,686,0.46,72.8,0.33,0.46,0.46,0.556,,,
12/18/2016 0:00,0.66,171,,,0.43,0.66,0.67,0.75,0.498,235.8,0.498,277.4,0.484,625.6,0.66,71.4,0.596,0.66,0.66,0.776,,,
12/25/2016 0:00,0.6325,158.5,,,0.4875,0.625,0.64,0.9025,0.5175,205.75,0.5125,247.5,0.5075,584,0.66,73.5,0.5425,0.66,0.6625,0.8025,,,
1/1/2017 0:00,0.66,181.75,,,0.5,0.66,0.67,0.77,0.52,250.25,0.5225,287.5,0.5325,643.75,0.6325,71,0.5,0.625,0.6325,0.7875,,,
1/8/2017 0:00,0.66,191.8,,,0.49,0.66,0.67,0.77,0.514,287.6,0.522,320.6,0.534,658.6,0.66,78.8,0.526,0.66,0.668,0.77,,,
1/15/2017 0:00,0.66,178.25,,,0.4875,0.66,0.67,0.77,0.53,303.75,0.52,334.25,0.5375,680.25,0.66,69.75,0.6375,0.66,0.675,0.775,,,
1/22/2017 0:00,0.66,192.2,,,0.42,0.66,0.672,0.77,0.516,308,0.52,333.2,0.532,659.4,0.66,70.4,0.64,0.66,0.676,0.79,,,
1/29/2017 0:00,0.64,199.8,,,0.512,0.64,0.652,0.77,0.526,307.8,0.526,337.4,0.554,685.8,0.64,76.8,0.618,0.64,0.65,0.796,,,
2/5/2017 0:00,0.66,210,,,0.518,0.66,0.67,0.77,0.518,312,0.516,342,0.528,689.4,0.66,79,0.624,0.66,0.67,0.8,,,
2/12/2017 0:00,0.66,212.4,,,0.516,0.66,0.67,0.77,0.514,312.4,0.512,337,0.52,693.8,0.66,77.2,0.622,0.66,0.67,0.8,,,
2/19/2017 0:00,0.66,222.25,,,0.435,0.66,0.6725,0.77,0.5025,291.5,0.5025,309.25,0.505,681.5,0.66,81.25,0.585,0.66,0.67,0.8,,,
2/26/2017 0:00,0.642,214,,,0.506,0.64,0.65,0.77,0.374,291.2,0.378,326.6,0.42,691.4,0.642,85.4,0.566,0.64,0.65,0.778,,,
3/5/2017 0:00,0.66,207,,,0.524,0.66,0.67,0.77,0.502,278.4,0.5,301.6,0.5,679.8,0.66,84.8,0.62,0.66,0.67,0.78,,,
3/12/2017 0:00,0.76,207.8,,,0.606,0.76,0.768,0.87,0.61,279.4,0.66,308.8,0.664,696,0.71,83.8,0.616,0.71,0.718,0.822,,,
3/19/2017 0:00,0.91,201.2,,,0.62,0.91,0.92,1.02,0.756,263.6,0.758,292.4,0.758,667.6,0.91,81.4,0.828,0.91,0.91,1.028,,,
3/26/2017 0:00,0.892,177,,,0.71,0.888,0.9,1.02,0.77,244.6,0.77,274.8,0.786,643.2,0.91,83.6,0.848,0.91,0.91,1.016,,,
4/2/2017 0:00,0.91,190.8,,,0.75,0.91,0.92,1.02,0.77,290.4,0.774,318.8,0.796,701,0.892,78.4,0.8,0.888,0.892,0.988,,,
4/9/2017 0:00,0.91,154.2,,,0.71,0.91,0.918,1.02,0.786,321.2,0.79,342.2,0.838,736.2,0.91,76.6,0.8,0.91,0.918,1,,,
4/16/2017 0:00,0.91,195.6,,,0.75,0.91,0.92,1.02,0.78,333.6,0.772,354.4,0.796,735.6,0.91,74,0.864,0.91,0.916,1,,,
4/23/2017 0:00,0.894,187.2,,,0.604,0.892,0.902,1.028,0.78,342.2,0.784,359,0.832,744.8,0.91,71.2,0.878,0.91,0.92,1.03,,,
4/30/2017 0:00,0.91,192.2,,,0.77,0.91,0.92,1.02,0.772,354,0.772,374,0.788,763.6,0.894,71,0.876,0.892,0.904,1.034,,,
5/7/2017 0:00,0.91,197.6,,,0.796,0.91,0.92,1.02,0.764,355.4,0.764,376.2,0.772,749,0.91,75.4,0.892,0.91,0.92,0.994,,,
5/14/2017 0:00,0.91,205.6,,,0.786,0.91,0.922,1.03,0.764,371,0.762,392.8,0.776,788.4,0.91,78.6,0.884,0.91,0.92,0.988,,,
5/21/2017 0:00,0.91,204,,,0.662,0.91,0.92,1.03,0.772,367.4,0.778,387,0.808,761.4,0.91,81.2,0.9,0.91,0.92,1.03,,,
5/28/2017 0:00,0.89,204.75,,,0.7875,0.8875,0.8975,1.03,0.7925,368.25,0.795,386.75,0.8675,779.75,0.89,83.5,0.8525,0.8875,0.8975,1.025,,,
6/4/2017 0:00,0.91,208.4,,,0.796,0.91,0.92,1.028,0.796,389.2,0.802,405,0.87,798.8,0.91,87.8,0.9,0.91,0.92,1.01,,,
6/11/2017 0:00,1.01,199.2,,,0.86,1.01,1.02,1.128,0.924,381,0.972,401.8,1.058,799.4,0.96,78.2,0.946,0.96,0.97,1.06,,,
6/18/2017 0:00,1.16,205.2,,,0.83,1.16,1.17,1.28,1.028,354.4,1.026,379.2,1.04,789.4,1.16,76.4,1.148,1.16,1.17,1.274,,,
6/25/2017 0:00,1.14,189,,,0.98,1.138,1.148,1.286,1.044,316.8,1.048,332.6,1.088,718.8,1.16,84,1.15,1.16,1.17,1.306,,,
7/2/2017 0:00,1.16,202.5,,,1.025,1.16,1.17,1.28,1.0275,331,1.02,351.25,1.025,755,1.135,80.5,1.09,1.1325,1.1425,1.305,,,
7/9/2017 0:00,1.16,208.8,,,1.028,1.16,1.17,1.28,1.01,336,1.014,359.4,1.02,735,1.16,90.2,1.148,1.16,1.17,1.266,,,
7/16/2017 0:00,1.16,206.2,,,1.038,1.16,1.17,1.276,1.018,359.2,1.018,386.4,1.022,753.6,1.16,88.6,1.136,1.16,1.17,1.27,,,
7/23/2017 0:00,1.16,217.4,,,0.888,1.16,1.17,1.28,1.026,350.2,1.03,377.2,1.046,741,1.16,91.6,1.148,1.16,1.17,1.278,,,
7/30/2017 0:00,1.142,223.8,,,1.032,1.142,1.152,1.28,1.018,350.8,1.012,371.2,1.014,755.8,1.142,101.2,1.116,1.142,1.15,1.244,,,
8/6/2017 0:00,1.16,221.6,,,1.042,1.16,1.17,1.276,1.016,369.6,1.02,381,1.036,759.2,1.16,100,1.144,1.16,1.17,1.25,,,
8/13/2017 0:00,1.16,219.6,,,1.024,1.16,1.17,1.276,1.034,377.8,1.032,396,1.078,794.4,1.16,96.2,1.134,1.16,1.17,1.244,,,
8/20/2017 0:00,1.16,214.8,,,0.974,1.16,1.17,1.27,1.022,365.8,1.024,387,1.044,768.4,1.16,92.4,1.134,1.16,1.17,1.25,,,
8/27/2017 0:00,1.142,211.4,,,1.04,1.142,1.152,1.278,1.034,353.6,1.034,364.2,1.068,766,1.142,93.4,1.116,1.142,1.152,1.256,,,
9/3/2017 0:00,1.16,212.5,,,1.05,1.16,1.17,1.27,1.0225,358.25,1.02,365.75,1.0375,774,1.16,93,1.1425,1.16,1.17,1.2425,,,
9/10/2017 0:00,1.16,208.6,,,1.028,1.16,1.17,1.27,1.03,357,1.03,367.8,1.066,777.8,1.16,90.8,1.142,1.16,1.17,1.244,,,
9/17/2017 0:00,1.162,210.2,,,0.888,1.16,1.17,1.27,1.014,343,1.012,363,1.012,770.2,1.16,84,1.14,1.16,1.17,1.28,,,
9/24/2017 0:00,1.14,204.6,,,1.01,1.138,1.15,1.27,1.018,302.2,1.02,314.4,1.032,717.4,1.16,96.2,1.114,1.16,1.17,1.25,,,
10/1/2017 0:00,1.16,208,,,1.018,1.16,1.17,1.27,1.016,332.6,1.016,342.8,1.026,765.8,1.14,91,1.076,1.138,1.15,1.254,,,
10/8/2017 0:00,1.16,206.25,,,1.05,1.16,1.17,1.27,1.0175,341.75,1.02,355.75,1.035,778.5,1.16,90.75,1.145,1.16,1.17,1.25,,,
10/15/2017 0:00,1.16,208.6,,,1.05,1.16,1.17,1.27,1.032,344.6,1.038,363.2,1.062,770,1.16,88.4,1.148,1.16,1.17,1.256,,,
10/22/2017 0:00,1.16,217,,,0.894,1.16,1.17,1.27,0.594,313.6,0.596,345.6,0.648,740.2,1.16,90.2,1.148,1.16,1.17,1.25,,,
10/29/2017 0:00,1.142,216.6,,,1.034,1.14,1.152,1.27,1.036,335.2,1.038,350,1.096,780.8,1.142,95.4,1.124,1.142,1.152,1.256,,,
11/5/2017 0:00,1.16,220.8,,,1.048,1.16,1.17,1.272,1.034,334.2,1.036,350,1.086,772.8,1.16,96.8,1.142,1.16,1.17,1.244,,,
11/12/2017 0:00,1.16,210.2,,,1.07,1.16,1.17,1.272,1.058,344,1.06,360.6,1.136,802.4,1.16,90,1.138,1.16,1.17,1.262,,,
11/19/2017 0:00,1.16,204,,,0.875,1.16,1.17,1.27,1.04,337,1.0375,353.75,1.0675,789.5,1.16,87.5,1.1175,1.16,1.17,1.285,,,
11/26/2017 0:00,1.144,208.6,,,1.078,1.142,1.152,1.272,1.026,347,1.02,362.8,1.042,819,1.142,85.8,1.12,1.142,1.152,1.29,1.25,1.109,1.128
12/3/2017 0:00,1.16,207.8,,,1.07,1.16,1.17,1.27,1.028,342.2,1.03,358.6,1.06,803.8,1.16,94.2,1.128,1.16,1.17,1.282,1.25,1.142,1.148
12/10/2017 0:00,1.26,207.8,,,1.164,1.26,1.272,1.418,1.13,353.6,1.186,369,1.218,828.2,1.214,92.4,1.188,1.21,1.22,1.33,1.25,1.12,1.145
12/17/2017 0:00,1.418,197.2,,,1.112,1.41,1.428,1.52,1.31,345.6,1.316,366.2,1.356,800.4,1.418,88.8,1.374,1.41,1.422,1.536,1.25,1.468,1.477
12/24/2017 0:00,1.3975,187.5,,,1.275,1.3825,1.4075,1.53,1.3425,311.5,1.345,332.5,1.4025,763,1.42,92,1.385,1.41,1.42,1.54,1.5,1.5505,1.572
12/31/2017 0:00,1.42,203.75,,,1.3,1.41,1.43,1.52,1.3325,343.5,1.3325,361.25,1.37,816.75,1.3975,82.75,1.345,1.3825,1.4,1.5375,1.5,1.541,1.576
1/7/2018 0:00,1.42,206.2,,,1.3,1.41,1.43,1.52,1.28,375,1.28,395.6,1.336,826.2,1.42,95.4,1.38,1.41,1.43,1.5,1.5,1.411,1.457
1/14/2018 0:00,1.42,202.75,,,1.3,1.41,1.43,1.525,1.3025,377.75,1.3025,396.5,1.335,830,1.42,90.5,1.4,1.415,1.43,1.5375,1.5,1.4545,1.4865
1/21/2018 0:00,1.42,203.8,,,1.23,1.41,1.43,1.52,1.288,376.2,1.288,393.2,1.336,819.8,1.42,88.4,1.4,1.42,1.434,1.53,1.5,1.437,1.463
1/28/2018 0:00,1.404,214.8,,,1.294,1.394,1.414,1.52,1.3,370.6,1.3,384.6,1.328,830.8,1.404,99.2,1.38,1.402,1.416,1.496,1.5,1.398,1.445
2/4/2018 0:00,1.42,216.6,,,1.13,1.41,1.43,1.52,1.282,378.2,1.282,391.2,1.302,831.4,1.42,104.8,1.4,1.42,1.43,1.5,1.5,1.381,1.416
2/11/2018 0:00,1.42,217,,,1.31,1.412,1.426,1.52,1.306,386.4,1.306,399,1.338,830.2,1.42,101.8,1.4,1.42,1.428,1.5,1.5,1.396,1.447
2/18/2018 0:00,1.42,204.25,,,1.15,1.41,1.425,1.525,1.3175,386.5,1.3175,403.25,1.335,847.25,1.42,91.25,1.4,1.42,1.43,1.5375,1.5,1.407,1.459
2/25/2018 0:00,1.406,210,,,1.298,1.396,1.414,1.52,1.354,379,1.354,394.8,1.404,841,1.406,104.2,1.372,1.404,1.414,1.544,1.5,1.476,1.538
3/4/2018 0:00,1.42,207.8,,,1.29,1.412,1.43,1.52,1.39,385.8,1.39,402,1.426,852.4,1.42,109.4,1.396,1.42,1.43,1.532,1.5,1.519,1.552
3/11/2018 0:00,1.422,189.8,,,1.314,1.42,1.434,1.534,1.434,382.6,1.434,403.6,1.47,867.8,1.422,100,1.4,1.42,1.438,1.534,1.5,1.548,1.568
3/18/2018 0:00,1.53,171.4,,,1.26,1.522,1.544,1.698,1.542,393.4,1.542,410,1.608,858.8,1.484,91.6,1.45,1.476,1.5,1.644,1.5,1.569,1.592
3/25/2018 0:00,1.678,141,1.75,1.5,1.468,1.674,1.69,1.796,1.714,312,1.736,376,1.748,719.8,1.704,80.6,1.648,1.68,1.692,1.81,1.75,1.8125,1.8365
4/1/2018 0:00,1.686,168,1.75,1.5,1.696,1.794,,,1.736,328.8,1.736,350.8,1.774,841.4,1.4,70.05,1.456,1.484,1.252,1.512,1.75,1.83,1.831
4/8/2018 0:00,1.69,153.6,1.75,1.5,1.7,1.79,,,1.692,330.8,1.692,342.2,1.742,820.4,1.69,78.6,1.7,1.804,1.5,1.75,1.75,1.823,1.829
4/15/2018 0:00,1.69,151,1.75,1.5,1.7,1.802,,,1.686,331.8,1.686,345.2,1.746,741.6,1.69,72,1.706,1.822,1.5,1.75,1.75,1.804,1.807
4/22/2018 0:00,1.69,152,1.75,1.5,1.706,1.804,,,1.674,326.4,1.674,341.2,1.712,737.4,1.7,70,1.716,1.836,1.5,1.75,1.75,1.756,1.785
4/29/2018 0:00,1.692,159.4,1.75,1.5,1.704,1.802,,,1.698,331,1.7,346.8,1.748,760,1.698,78.4,1.706,1.816,1.5,1.75,1.75,1.789,1.805
5/6/2018 0:00,1.7,171,1.75,1.5,1.71,1.8,,,1.684,335.4,1.684,351.8,1.722,754.4,1.7,85.8,1.718,1.81,1.5,1.75,1.75,1.778,1.788
5/13/2018 0:00,1.7,158.2,1.75,1.5,1.712,1.8,,,1.706,341.6,1.706,360.4,1.752,753.8,1.7,83,1.72,1.808,1.5,1.75,1.75,1.794,1.808
5/20/2018 0:00,1.7,165.8,1.75,1.5,1.712,1.808,,,1.666,344.4,1.666,362.8,1.696,754,1.7,85.8,1.714,1.826,1.5,1.75,1.75,1.715,1.736
5/27/2018 0:00,1.7,158.25,1.75,1.5,1.7075,1.8025,,,1.7375,368.75,1.7375,379.25,1.765,819,1.7,87,1.705,1.83,1.5,1.75,1.75,1.8425,1.8575
6/3/2018 0:00,1.7,167.8,1.75,1.5,1.702,1.796,,,1.708,375.2,1.708,386,1.736,809.2,1.7,91.4,1.7,1.802,1.5,1.75,1.75,1.781,1.795
6/10/2018 0:00,1.78,157.2,2,1.5,1.79,1.884,,,1.746,369.4,1.746,384.2,1.776,800.4,1.74,81.2,1.748,1.842,1.55,1.8,1.75,1.762,1.789
6/17/2018 0:00,1.906,146.6,2,1.75,1.92,2.02,,,1.85,356.6,1.85,369.6,1.888,772.4,1.91,66.6,1.926,2.05,1.75,2,1.95,1.939,1.943
6/24/2018 0:00,1.908,157.4,2,1.75,1.918,2.02,,,1.932,336.4,1.932,351.8,1.952,748.4,1.916,79.6,1.922,2.06,1.75,2,1.95,1.964,2.001
7/1/2018 0:00,1.91,159,2,1.75,1.9125,2.02,,,1.955,333.75,1.9575,356.5,1.985,777.5,1.91,82,1.9125,2.06,1.75,2,1.95,2.037,2.069
7/8/2018 0:00,1.91,162.4,2,1.75,1.91,2.02,,,1.868,362.8,1.868,377,1.894,758.8,1.91,80.6,1.91,2.058,1.75,2,1.95,1.946,1.971
7/15/2018 0:00,1.91,161.6,2.25,1.75,1.91,2.02,,,1.886,378.8,1.888,392.4,1.91,771.6,1.91,77.4,1.916,2.046,1.75,2,1.95,1.954,1.973
7/22/2018 0:00,1.91,161.8,2.25,1.75,1.91,2.02,,,1.874,378.8,1.874,391.6,1.884,770,1.91,74.6,1.92,2.06,1.75,2,1.95,1.923,1.98
7/29/2018 0:00,1.904,159.2,2.25,1.75,1.91,2.026,,,1.872,383,1.872,396.4,1.892,779.4,1.91,75.4,1.914,2.06,1.75,2,1.95,1.964,1.978
8/5/2018 0:00,1.91,161.8,2.25,1.75,1.912,2.02,,,1.868,379.8,1.868,395.6,1.884,745.8,1.91,74,1.918,2.038,1.75,2,1.95,1.959,2.024
8/12/2018 0:00,1.91,137.6,2.25,1.75,1.924,2.02,,,1.93,393.2,1.93,408.2,1.942,770,1.912,70.6,1.92,2.05,1.75,2,1.95,2.047,2.048
8/19/2018 0:00,1.91,132,2.25,1.75,1.928,2.03,,,1.904,403,1.904,418.4,1.918,776.6,1.92,60.4,1.93,2.07,1.75,2,1.95,2.003,2.015
8/26/2018 0:00,1.91,137.2,2.25,1.75,1.928,2.03,,,1.934,408.8,1.934,428.2,1.946,803,1.92,67.6,1.93,2.048,1.75,2,1.95,2.006,2.039
9/2/2018 0:00,1.91,142.5,2.25,1.75,1.925,2.0225,,,1.92,412.75,1.92,429,1.945,808,1.9175,76.25,1.93,2.06,1.75,2,1.95,2.0135,2.0295
9/9/2018 0:00,1.912,140.8,2.25,1.75,1.926,2.034,,,1.916,413.8,1.916,433.6,1.942,807.2,1.92,75.6,1.926,2.06,1.75,2,1.95,2.006,2.023
9/16/2018 0:00,1.916,130.2,2.25,1.75,1.93,2.06,,,1.916,405.4,1.916,419.2,1.94,798.2,1.92,62.6,1.928,2.09,1.75,2,1.95,1.984,1.993
9/23/2018 0:00,2.02,145,2.25,1.75,2.03,2.162,,,2.03,384.6,2.03,400.2,2.042,814.6,1.978,70.2,1.98,2.136,1.8,2.05,1.95,1.97,2.031
9/30/2018 0:00,2.174,130.4,2.25,2,2.184,2.336,,,2.174,405.2,2.174,422.2,2.192,864.4,2.18,65.4,2.184,2.35,2,2.25,2.2,2.275,2.282
10/7/2018 0:00,2.18,131,2.5,2,2.185,2.33,,,2.1475,411,2.1475,432.5,2.1625,846,2.18,62.75,2.19,2.35,2,2.25,2.2,2.2575,2.255
10/14/2018 0:00,2.18,121.6,2.5,2,2.19,2.348,,,2.176,404,2.176,418.4,2.19,803.8,2.184,58.8,2.19,2.35,2,2.25,2.2,2.268,2.273
10/21/2018 0:00,2.184,134.2,2.5,2,2.198,2.35,,,2.164,394.8,2.164,414.8,2.182,799.8,2.196,59.4,2.196,2.35,2,2.25,2.2,2.243,2.26
10/28/2018 0:00,2.19,140.8,2.5,2,2.2,2.35,,,2.194,403.8,2.194,424.4,2.21,826.2,2.2,61.8,2.2,2.35,2,2.25,2.2,2.31,2.304
11/4/2018 0:00,2.19,144.2,2.5,2,2.2,2.35,,,2.2,414.2,2.2,434.4,2.21,824.4,2.198,69.2,2.2,2.35,2,2.25,2.2,2.264,2.298
11/11/2018 0:00,2.19,133,2.5,2,2.2,2.35,,,2.2125,413.75,2.2125,437.25,2.235,823.5,2.1975,62,2.2,2.35,2,2.25,2.2,2.302,2.309
11/18/2018 0:00,2.19,135.25,2.5,2,2.2,2.35,,,2.1975,405.75,2.1975,420.75,2.2125,836.75,2.2,64,2.2,2.35,2,2.25,2.2,2.2555,2.301
11/25/2018 0:00,2.19,137.2,2.5,2,2.2,2.35,,,2.208,408,2.208,429.2,2.22,864.8,2.2,63.6,2.2,2.35,2,2.25,2.2,2.268,2.293
12/2/2018 0:00,2.2425,287,2.5,2,2.25,2.4075,,,2.2725,678,2.2125,256.75,2.22,512.25,2.225,161.75,2.23,2.35,2,2.25,2.2,2.3355,2.381
12/9/2018 0:00,2.182,427,2.5,2,2.186,2.284,,,2.206,883.4,2.192,71.8,2.19,149.6,2.2,412.6,2.202,2.244,,,2.2,2.271,2.291
12/16/2018 0:00,2.332,417,2.5,2,2.338,2.434,,,2.348,931,2.238,62.6,2.232,127.4,2.292,404.6,2.298,2.332,,,2.2,2.396,2.414
12/23/2018 0:00,2.43,392.5,2.5,2.25,2.43,2.5275,,,2.4375,927,2.4,69,2.4,139,2.415,384,2.415,2.45,,,2.4,2.5205,2.5275
12/30/2018 0:00,2.795,438.5,2.5,2.25,2.795,3.76,,,2.825,1049,2.4,60,2.3975,122.5,2.8,403.75,2.8,2.89,,,2.4,2.9365,3.0985
1/6/2019 0:00,2.402,453.4,2.5,2.25,2.406,2.506,,,2.424,1030.6,2.4,67,2.398,144.2,2.412,431,2.416,2.45,,,2.4,2.496,2.515
1/13/2019 0:00,2.38,461.2,2.5,2.25,2.38,2.472,,,2.424,979.8,2.4,61.2,2.394,131.8,2.382,434.6,2.382,2.422,,,2.4,2.455,2.467
1/20/2019 0:00,2.3825,458.25,2.5,2.25,2.385,2.475,,,2.405,958,2.4,56.25,2.3925,127.75,2.38,430.75,2.3825,2.4175,,,2.4,2.4575,2.474
1/27/2019 0:00,2.418,468.8,2.5,2.25,2.426,2.53,,,2.446,980.8,2.4,65.2,2.392,131.6,2.406,439,2.41,2.44,,,2.4,2.452,2.467
2/3/2019 0:00,2.362,464.2,2.5,2.25,2.364,2.46,,,2.386,933.6,2.4,80.4,2.392,148,2.38,446.8,2.384,2.428,,,2.4,2.445,2.462
2/10/2019 0:00,2.378,459.4,2.5,2.25,2.382,2.474,,,2.398,921.4,2.4,68,2.398,136,2.366,438.6,2.368,2.42,,,2.4,2.458,2.465
2/17/2019 0:00,2.37,465,2.5,2.25,2.3775,2.47,,,2.395,908.5,2.4,63.25,2.4,127.75,2.38,440.75,2.3875,2.4175,,,2.4,2.456,2.4645
2/24/2019 0:00,2.404,458.4,2.5,2.25,2.412,2.514,,,2.418,953,2.4,75,2.4,141.8,2.406,438.6,2.412,2.446,,,2.4,2.446,2.463
3/3/2019 0:00,2.362,467.4,2.5,2.25,2.364,2.452,,,2.382,964.8,2.4,86,2.4,150.2,2.362,451.4,2.366,2.406,,,2.4,2.44,2.453
3/10/2019 0:00,2.386,460.8,2.5,2.25,2.386,2.486,,,2.41,921.8,2.4,77.4,2.4,142.8,2.372,443.2,2.372,2.412,,,2.4,2.465,2.476
3/17/2019 0:00,2.41,437.8,2.5,2.25,2.412,2.516,,,2.428,925,2.404,67,2.4,118.6,2.418,426.6,2.42,2.466,,,2.4,2.5,2.521
3/24/2019 0:00,2.424,405.8,2.5,2.25,2.43,2.578,,,2.456,898.8,2.406,74,2.4,124.8,2.384,395,2.384,2.43,,,2.4,2.478,2.477
3/31/2019 0:00,2.426,446.8,2.5,2.25,2.432,2.57,,,2.462,983.8,2.414,74.6,2.402,124,2.456,405,2.462,2.58,,,2.4,2.535,2.526
4/7/2019 0:00,2.414,460.2,2.5,2.25,2.418,2.514,,,2.448,958.6,2.41,72.4,2.4,125.4,2.42,435.2,2.426,2.468,,,2.4,2.498,2.505
4/14/2019 0:00,2.446,376.8,2.5,2.25,2.446,2.612,2.25,2.5,2.474,786.8,2.416,58.4,2.406,98.2,2.438,431.6,2.438,2.502,,,2.4,2.572,2.554
4/21/2019 0:00,2.44,60.8,2.5,2.25,2.45,2.6,2.25,2.5,2.422,113.6,2.43,439,2.43,463.6,2.454,981.8,2.514,2.582,,,2.4,2.512,2.529
4/28/2019 0:00,2.432,69.6,2.5,2.25,2.434,2.572,2.25,2.5,2.422,143.4,2.516,458.4,2.516,481.8,2.542,1051,2.618,2.704,,,2.4,2.534,2.56
5/5/2019 0:00,2.39,69.4,2.5,2.25,2.402,2.546,2.25,2.5,2.376,157.6,2.39,457,2.392,485.2,2.42,1033.8,2.472,2.53,,,2.35,2.464,2.481
5/12/2019 0:00,2.388,64.2,2.5,2.25,2.396,2.542,2.25,2.5,2.374,155.8,2.39,446.6,2.39,475.2,2.42,1027.4,2.476,2.532,,,2.35,2.462,2.471
5/19/2019 0:00,2.384,64.8,2.25,2.25,2.39,2.55,2.25,2.5,2.37,164.6,2.348,442.6,2.348,474.6,2.376,1033.8,2.434,2.494,,,2.35,2.429,2.44
5/26/2019 0:00,2.3925,61.75,2.25,2.25,2.3925,2.5575,2.25,2.5,2.3725,159,2.41,445.75,2.41,482.75,2.425,1100.75,2.466666667,2.533333333,,,2.35,2.458,2.483
6/2/2019 0:00,2.376,70.4,2.25,2.25,2.386,2.486,2.25,2.5,2.366,165,2.366,444,2.366,476.4,2.396,1097.8,2.452,2.508,,,2.35,2.455,2.467
6/9/2019 0:00,2.368,64.8,2.25,2.25,2.378,2.452,2.25,2.5,2.356,171.2,2.35,446.2,2.35,476.4,2.368,1069,2.426,2.488,,,2.35,2.422,2.446
6/16/2019 0:00,2.374,60,2.25,2.25,2.38,2.45,2.25,2.5,2.366,160.2,2.352,454,2.352,480.8,2.378,1077.2,2.434,2.502,,,2.35,2.435,2.441
6/23/2019 0:00,2.384,70.4,2.25,2.25,2.39,2.444,2.25,2.5,2.37,166.6,2.422,436,2.422,466.4,2.43,1104.4,2.514,2.646,,,2.35,2.466,2.51
6/30/2019 0:00,2.405,72.75,2.25,2.25,2.4125,2.4475,2.25,2.5,2.395,162.5,2.5,473.75,2.5,501.5,2.52,1202.75,2.595,3.115,,,2.35,2.649,2.6665
7/7/2019 0:00,2.402,75,2,2.25,2.412,2.432,2.25,2.5,2.39,167.6,2.42,478.6,2.42,503.6,2.432,1162.6,2.496,2.574,,,2.35,2.496,2.553
7/14/2019 0:00,2.408,60.4,2,2.25,2.414,2.434,2.25,2.5,2.392,152.8,2.432,475.4,2.432,503.6,2.454,1131.8,2.518,2.598,,,2.35,2.527,2.561
7/21/2019 0:00,2.4,66.4,2,2.25,2.41,2.43,2.25,2.5,2.382,166.8,2.394,476,2.394,500.6,2.408,1129.6,2.48,2.55,,,2.35,2.473,2.511
7/28/2019 0:00,2.294,74.8,2,2.25,2.306,2.338,2.15,2.4,2.266,182.4,2.334,491,2.334,514,2.344,1179.2,2.416,2.502,,,2.35,2.441,2.499
8/4/2019 0:00,2.124,66,2,2,2.134,2.18,2,2.25,2.102,183,2.096,488.8,2.096,513.8,2.108,1217.4,2.174,2.252,,,2.1,2.184,2.203
8/11/2019 0:00,2.124,63.4,2,2,2.132,2.18,2,2.25,2.104,173.6,2.136,495.8,2.136,524.8,2.144,1213.8,2.218,2.292,,,2.1,2.2,2.25
8/18/2019 0:00,2.124,61.8,1.75,2,2.132,2.18,2,2.25,2.102,178.6,2.088,493.8,2.088,519.8,2.106,1189.4,2.168,2.236,,,2.1,2.167,2.184
8/25/2019 0:00,2.122,63.2,1.75,2,2.13,2.18,2,2.25,2.106,171,2.118,484.2,2.118,505.6,2.13,1194.6,2.2,2.276,,,2.1,2.19,2.225
9/1/2019 0:00,2.1275,69.25,1.75,2,2.14,2.18,2,2.25,2.1125,162.75,2.175,497,2.175,527.75,2.185,1230.5,2.2625,2.36,,,2.1,2.2835,2.321
9/8/2019 0:00,2.132,60.2,1.75,2,2.142,2.172,2,2.25,2.12,144,2.15,490,2.15,523.6,2.162,1179.6,2.238,2.32,,,2.1,2.24,2.261
9/15/2019 0:00,2.12,57.8,1.75,2,2.2,2.68,1.9,2.15,2.062,146.2,2.784,497.2,2.786,520.2,2.808,1157.4,3.07,4.636,,,2.1,2.876,3.109
9/22/2019 0:00,1.876,79.2,1.75,1.75,1.902,1.94,1.75,2,1.84,170.4,1.876,444.4,1.876,470.6,1.898,1096.2,1.962,2.084,,,1.8,2,1.987
9/29/2019 0:00,1.856,74,1.75,1.75,1.888,1.926,1.75,2,1.844,166.2,1.922,427.6,1.922,455.2,1.948,1128.2,2.026,2.226,,,1.8,1.901,1.922
10/6/2019 0:00,1.82,66.4,1.75,1.75,1.83,1.886,1.75,2,1.804,157,1.816,428.2,1.816,455.4,1.846,1069.8,1.902,1.97,,,1.8,1.888,1.902
10/13/2019 0:00,1.875,68,1.75,1.75,1.895,1.9375,1.75,2,1.865,166,1.9375,438.25,1.94,462.25,1.97,1092.75,2.035,2.18,,,1.8,2.0215,2.043
10/20/2019 0:00,1.846,66,1.75,1.75,1.848,1.89,1.75,2,1.82,172.8,1.834,431.2,1.836,454.8,1.86,1072.2,1.922,2,,,1.8,1.908,1.926
10/27/2019 0:00,1.724,73.4,1.75,1.75,1.734,1.79,1.65,1.9,1.706,176.6,1.732,432.6,1.732,459.8,1.758,1105.6,1.82,1.914,,,1.8,1.857,1.893
11/3/2019 0:00,1.554,78.2,1.75,1.5,1.562,1.624,1.5,1.75,1.55,182.8,1.536,433.2,1.536,457.6,1.566,1074.6,1.618,1.69,,,1.55,1.607,1.623
11/10/2019 0:00,1.55,70.75,1.75,1.5,1.565,1.6225,1.5,1.75,1.55,161.75,1.545,419.25,1.545,446.25,1.5775,1039.5,1.6325,1.7025,,,1.55,1.618,1.637
11/17/2019 0:00,1.55,65.6,1.75,1.5,1.57,1.636,1.5,1.75,1.55,164.6,1.54,402.8,1.54,424.2,1.572,1008.4,1.63,1.69,,,1.55,1.62,1.636
11/24/2019 0:00,1.5525,69.5,1.75,1.5,1.565,1.635,1.5,1.75,1.545,171.75,1.5425,385.5,1.5425,408.5,1.575,1016.25,1.625,1.7075,,,1.55,1.595,1.611
12/1/2019 0:00,1.552,75,1.75,1.5,1.562,1.624,1.5,1.75,1.544,168.2,1.53,392.2,1.53,413.6,1.564,1046.8,1.612,1.678,,,1.55,1.598,1.599
12/8/2019 0:00,1.55,73.2,1.75,1.5,1.56,1.606,1.5,1.75,1.54,175.6,1.506,387,1.506,413.8,1.544,1040.6,1.586,1.658,,,1.55,1.589,1.601
12/15/2019 0:00,1.552,70.6,1.75,1.5,1.568,1.608,1.5,1.75,1.542,175.6,1.518,366.2,1.518,387.8,1.55,1010.2,1.598,1.664,,,1.55,1.579,1.587
12/22/2019 0:00,1.55,72,1.25,1.5,1.56,1.61,1.5,1.75,1.54,195.5,1.4975,344.75,1.4975,365.75,1.5225,1017.75,1.5725,1.64,,,1.55,1.568,1.5765
12/29/2019 0:00,1.55,69,1.25,1.5,1.56,1.62,1.5,1.75,1.5425,163,1.52,337.25,1.52,361,1.545,1049.75,1.615,1.745,,,1.55,1.598,1.5965
1/5/2020 0:00,1.548,80.8,0.25,1.5,1.55,1.6,1.5,1.75,1.54,186,1.522,359.2,1.522,380.4,1.552,1018.6,1.596,1.66,,,1.55,1.59,1.61
1/12/2020 0:00,1.542,76.4,0.25,1.5,1.552,1.602,1.5,1.75,1.54,176.4,1.522,377.2,1.522,394.6,1.548,1032.8,1.586,1.648,,,1.55,1.578,1.599
1/19/2020 0:00,1.55,67.5,0.25,1.5,1.56,1.6275,1.5,1.75,1.54,173.5,1.51,377.5,1.51,393.25,1.5375,1068.25,1.57,1.635,,,1.55,1.5695,1.59
1/26/2020 0:00,1.568,70.6,0.25,1.5,1.58,1.654,1.5,1.75,1.556,182.8,1.53,382.2,1.53,396.4,1.554,1085.6,1.596,1.658,,,1.55,1.572,1.6
2/2/2020 0:00,1.588,79.6,0.25,1.5,1.594,1.652,1.5,1.75,1.58,195,1.57,407,1.57,424,1.59,1135.8,1.64,1.706,,,1.6,1.624,1.654
2/9/2020 0:00,1.58,67.8,0.25,1.5,1.596,1.644,1.5,1.75,1.58,172.6,1.556,417.6,1.556,432.4,1.576,1109.8,1.622,1.688,,,1.6,1.622,1.646
2/16/2020 0:00,1.5875,62.5,0.25,1.5,1.6,1.65,1.5,1.75,1.58,163,1.575,428.25,1.575,443.75,1.5925,1125.5,1.64,1.7025,,,1.6,1.629,1.647
2/23/2020 0:00,1.58,63,0.25,1.5,1.598,1.65,1.5,1.75,1.58,160.6,1.572,432,1.572,451,1.586,1122,1.632,1.702,,,1.6,1.626,1.647
3/1/2020 0:00,1.29,70.6,0.25,1.5,1.298,1.35,1.2,1.45,1.28,168,1.322,459.8,1.322,484.8,1.336,1267.8,1.39,1.482,,,1.1,1.245,1.305
3/8/2020 0:00,1.094,72,0.25,1,1.108,1.18,1,1.25,1.092,165.6,1.12,478.8,1.12,510.8,1.13,1266.6,1.182,1.274,,,1.1,1.181,1.207
3/15/2020 0:00,0.22,87.4,0.25,1,0.38,0.51,0,0.25,0.164,205.6,0.182,476.8,0.182,501.6,0.2,1310.6,0.286,0.774,,,0.1,0.154,0.207
3/22/2020 0:00,0.114,94.8,0.25,0,0.19,0.45,0,0.25,0.092,251.6,0.01,455.8,0.01,475.2,0.012,1248.2,0.024,0.21,,,0.1,0.068,0.08
3/29/2020 0:00,0.066,86.2,0.25,0,0.104,0.212,0,0.25,0.058,235.6,0.01,425.8,0.01,449.4,0.01,1195.6,0.02,0.17,,,0.1,0.052,0.065
4/5/2020 0:00,0.05,84.25,0.25,0,0.0575,0.1625,0,0.25,0.05,213.75,0.01,455,0.01,471.5,0.01,1198,0.03,0.1575,,,0.1,0.0875,0.082
4/12/2020 0:00,0.028,464.2,0.25,0,0.03,0.056,,,0.028,485.2,0.034,1211.2,0.05,95,0.05,218.2,0.054,0.53,,,0.1,0.095,0.104
4/19/2020 0:00,0.014,468.6,0.25,0,0.016,0.052,,,0.014,490.6,0.016,1165.6,0.048,105,0.044,264,0.05,0.458,,,0.1,0.06,0.073
4/26/2020 0:00,0.016,474.8,0.25,0,0.022,0.052,,,0.016,495.2,0.024,1164.2,0.044,97.4,0.04,239.6,0.05,0.33,,,0.1,0.084,0.096
5/3/2020 0:00,0.044,462.4,0.25,0,0.046,0.102,,,0.044,480,0.052,1150.4,0.05,91.2,0.048,213,0.05,0.314,,,0.1,0.109,0.128
5/10/2020 0:00,0.038,446.6,0.25,0,0.04,0.066,,,0.038,469.4,0.046,1115.8,0.05,87.8,0.05,216.2,0.05,0.216,,,0.1,0.105,0.113
5/17/2020 0:00,0.022,452.2,0.25,0,0.022,0.064,,,0.022,475.4,0.03,1112.4,0.05,87.4,0.05,221.8,0.05,0.216,,,0.1,0.079,0.081
5/24/2020 0:00,0.0475,433.75,0.25,0,0.0525,0.115,,,0.0475,455.75,0.06,1060.5,0.05,75.75,0.05,195.75,0.0575,0.195,,,0.1,0.1085,0.112
5/31/2020 0:00,0.054,424.8,0.25,0,0.056,0.124,,,0.054,446,0.066,1054,0.056,64.4,0.056,173.4,0.062,0.184,,,0.1,0.118,0.124
6/7/2020 0:00,0.06,409.2,0.25,0,0.06,0.124,,,0.06,434.4,0.076,1010.4,0.074,56.8,0.068,162.8,0.078,0.176,,,0.1,0.124,0.126
6/14/2020 0:00,0.068,399.4,0.25,0,0.068,0.128,,,0.068,426.2,0.09,1001.4,0.088,57.6,0.078,156.6,0.088,0.186,,,0.1,0.123,0.129
6/21/2020 0:00,0.058,394.8,0.25,0,0.06,0.122,,,0.058,419.6,0.08,990.6,0.082,74.6,0.08,181.4,0.09,0.174,,,0.1,0.121,0.123
6/28/2020 0:00,0.0675,380.75,0.25,0,0.07,0.135,,,0.0675,408.75,0.1,966.25,0.08,68.25,0.08,156,0.09,0.1825,,,0.1,0.1315,0.1315
7/5/2020 0:00,0.1,965.2,0.25,0,0.142,0.202,,,0.09,61,0.09,140.4,0.082,318.8,0.082,340,0.086,0.146,,,0.1,0.138,0.144
7/12/2020 0:00,0.116,963.2,0.25,0,0.15,0.208,,,0.094,54.8,0.092,144,0.088,374.6,0.088,395,0.09,0.152,,,0.1,0.141,0.144
7/19/2020 0:00,0.106,972.2,0.25,0,0.134,0.198,,,0.094,46.6,0.09,145.2,0.084,379.4,0.084,401.2,0.086,0.14,,,0.1,0.13,0.133
7/26/2020 0:00,0.098,967.6,0.25,0,0.13,0.19,,,0.098,48,0.09,145.4,0.074,378.2,0.074,402.6,0.076,0.136,,,0.1,0.122,0.133
8/2/2020 0:00,0.092,1008.6,0.25,0,0.124,0.184,,,0.1,52.6,0.09,150.2,0.072,377,0.072,401.4,0.074,0.132,,,0.1,0.127,0.131
8/9/2020 0:00,0.092,957.4,0.25,0,0.12,0.182,,,0.1,54,0.09,147.2,0.07,364.4,0.07,383.2,0.07,0.132,,,0.1,0.128,0.131
8/16/2020 0:00,0.084,964.8,0.25,0,0.112,0.174,,,0.094,57.4,0.086,161.4,0.066,360.8,0.066,379.6,0.066,0.126,,,0.1,0.112,0.125
8/23/2020 0:00,0.074,916.6,0.25,0,0.104,0.162,,,0.088,63.4,0.08,181,0.054,359.6,0.054,376.4,0.056,0.114,,,0.1,0.101,0.122
8/30/2020 0:00,0.092,948,0.25,0,0.124,0.176,,,0.09,63.4,0.08,169,0.06,355.6,0.06,373.8,0.062,0.13,,,0.1,0.13,0.132
9/6/2020 0:00,0.09,929.5,0.25,0,0.125,0.185,,,0.09,61.25,0.08,156.5,0.07,355,0.07,375.5,0.07,0.13,,,0.1,0.1285,0.1345
9/13/2020 0:00,0.096,901.2,0.25,0,0.126,0.186,,,0.09,59.6,0.082,155.8,0.07,348,0.07,364.4,0.072,0.128,,,0.1,0.122,0.135
9/20/2020 0:00,0.072,931.8,0.25,0,0.096,0.164,,,0.09,68,0.082,187.4,0.052,340.8,0.052,363.2,0.052,0.102,,,0.1,0.08,0.12
9/27/2020 0:00,0.082,952.2,0.25,0,0.11,0.166,,,0.09,62,0.08,171,0.056,338.6,0.056,362.2,0.056,0.12,,,0.1,0.116,0.126
10/4/2020 0:00,0.09,923.6,0.25,0,0.114,0.174,,,0.09,57.4,0.08,165,0.066,329.6,0.066,355.6,0.066,0.13,,,0.1,0.121,0.129
10/11/2020 0:00,0.0925,920.25,0.25,0,0.1175,0.1725,,,0.09,54.5,0.08,166.5,0.0625,329.5,0.0625,352.75,0.065,0.135,,,0.1,0.1215,0.1305
10/18/2020 0:00,0.078,921.6,0.25,0,0.098,0.162,,,0.09,57.4,0.08,164.2,0.056,322.4,0.056,345.6,0.056,0.116,,,0.1,0.114,0.12
10/25/2020 0:00,0.088,900.2,0.25,0,0.108,0.164,,,0.09,58.6,0.08,171,0.06,310.4,0.06,333,0.062,0.126,,,0.1,0.115,0.134
11/1/2020 0:00,0.104,925.8,0.25,0,0.128,0.176,,,0.09,62,0.08,156.4,0.074,313.8,0.074,344.8,0.074,0.134,,,0.1,0.127,0.133
11/8/2020 0:00,0.095,910.75,0.25,0,0.115,0.1725,,,0.09,58,0.0825,158.25,0.075,318.25,0.075,346.5,0.075,0.1275,,,0.1,0.114,0.1295
11/15/2020 0:00,0.074,939,0.25,0,0.092,0.154,,,0.088,59,0.08,166.8,0.062,317.8,0.062,345.4,0.062,0.114,,,0.1,0.083,0.091
11/22/2020 0:00,0.07,915,0.25,0,0.09,0.145,,,0.08,63.5,0.08,201.75,0.0475,319,0.0475,347.25,0.0475,0.0975,,,0.1,0.1085,0.113
11/29/2020 0:00,0.084,971.6,0.25,0,0.106,0.16,,,0.088,57.8,0.08,170.4,0.064,337.2,0.064,361,0.066,0.138,,,0.1,0.109,0.121
12/6/2020 0:00,0.078,931.2,0.25,0,0.096,0.156,,,0.09,56.8,0.08,159.8,0.064,340.2,0.064,359.2,0.064,0.15,,,0.1,0.1,0.113
12/13/2020 0:00,0.088,923.8,0.25,0,0.106,0.158,,,0.09,53.4,0.08,147.8,0.066,330,0.066,355.6,0.066,0.15,,,0.1,0.11,0.115
12/20/2020 0:00,0.075,915.25,0.25,0,0.0925,0.1525,,,0.09,64.75,0.08,156,0.06,328,0.0625,357.5,0.0625,0.15,,,0.1,0.086,0.099
12/27/2020 0:00,0.0875,975.5,0.25,0,0.115,0.1675,,,0.09,68.5,0.08,154.75,0.0725,320.25,0.0725,353.75,0.0725,0.15,,,0.1,0.1075,0.125
1/3/2021 0:00,0.1,990.6,0.25,0,0.124,0.176,,,0.09,52.2,0.082,125.6,0.072,337.2,0.072,359.6,0.074,0.15,,,0.1,0.121,0.129
1/10/2021 0:00,0.082,916.8,0.25,0,0.104,0.158,,,0.09,59.8,0.08,151.8,0.06,331.4,0.06,354.4,0.064,0.15,,,0.1,0.096,0.114
1/17/2021 0:00,0.055,911.75,0.25,0,0.07,0.15,,,0.0875,67.75,0.08,177,0.04,323.5,0.04,351.25,0.0425,0.15,,,0.1,0.0695,0.0985
1/24/2021 0:00,0.044,909,0.25,0,0.062,0.15,,,0.078,71.2,0.076,205.6,0.032,323.2,0.032,356.8,0.032,0.15,,,0.1,0.072,0.097
1/31/2021 0:00,0.056,972.4,0.25,0,0.076,0.15,,,0.078,65.8,0.076,184,0.046,330.4,0.046,357,0.052,0.15,,,0.1,0.088,0.103
2/7/2021 0:00,0.048,897.2,0.25,0,0.072,0.15,,,0.078,70.4,0.07,205.6,0.028,332.4,0.028,360,0.03,0.15,,,0.1,0.081,0.109
2/14/2021 0:00,0.0425,909,0.25,0,0.0625,0.15,,,0.0775,66.75,0.07,203.75,0.035,336.25,0.035,368.75,0.04,0.15,,,0.1,0.067,0.0975
2/21/2021 0:00,0.02,886.4,0.25,0,0.034,0.15,,,0.07,71.6,0.07,215.4,0.014,334.8,0.014,367,0.016,0.15,,,0.1,0.038,0.07
2/28/2021 0:00,0.028,941,0.25,0,0.044,0.15,,,0.07,68.8,0.07,209,0.016,341.4,0.016,375.6,0.016,0.15,,,0.1,0.058,0.049
3/7/2021 0:00,0.016,905.8,0.25,0,0.03,0.15,,,0.07,67.4,0.07,217.2,0.01,341.8,0.01,366,0.01,0.15,,,0.1,0.035,0.049
3/14/2021 0:00,0.01,885.6,0.25,0,0.012,0.15,,,0.07,69.8,0.07,222.2,0.01,339.6,0.01,365.2,0.01,0.15,,,0.1,0.01,0.013
3/21/2021 0:00,0.01,908,0.25,0,0.018,0.15,,,0.07,72,0.07,246.4,0.01,344.8,0.01,376.2,0.01,0.15,,,0.1,0.016,0.019
3/28/2021 0:00,0.022,735.6,0.25,0,0.034,0.14,,,0.068,70.6,0.066,198.6,0.01,331.4,0.01,354.4,0.01,0.15,,,0.1,0.0185,0.0285
4/4/2021 0:00,0.064,254.8,0.25,0,0.07,0.116,,,0.01,344.8,0.01,369.6,0.01,930.2,0.07,73.4,0.08,0.1,0,0.25,0.1,0.023,0.026
4/11/2021 0:00,0.06,243.4,0.25,0,0.07,0.102,,,0.01,355,0.01,380.6,0.01,896.2,0.07,67.6,0.08,0.1,0,0.25,0.1,0.006,0.016
4/18/2021 0:00,0.06,255.2,0.25,0,0.07,0.104,,,0.01,351.2,0.01,377.2,0.01,887.6,0.07,68.6,0.08,0.1,0,0.25,0.1,0.008,0.01
4/25/2021 0:00,0.05,260.8,0.25,0,0.058,0.102,,,0.01,351.6,0.01,374,0.01,872.6,0.068,68.4,0.078,0.1,0,0.25,0.1,0.002,0.009
5/2/2021 0:00,0.05,253.6,0.25,0,0.056,0.114,,,0.01,346.6,0.01,370.4,0.01,883.6,0.058,72.4,0.07,0.112,0,0.25,0.1,0.01,0.019
5/9/2021 0:00,0.05,256.6,0.25,0,0.05,0.1,,,0.01,351.6,0.01,375.4,0.01,870.8,0.06,65.8,0.07,0.1,0,0.25,0.1,0.008,0.018
5/16/2021 0:00,0.05,262.2,0.25,0,0.052,0.104,,,0.01,351.2,0.01,368.8,0.01,882,0.06,62.8,0.07,0.1,0,0.25,0.1,0.002,0.011
5/23/2021 0:00,0.04,250,0.25,0,0.052,0.118,,,0.01,352.6,0.01,374.8,0.01,869.8,0.06,65,0.07,0.106,0,0.25,0.1,-0.001,0.012
5/30/2021 0:00,0.0425,254.25,0.25,0,0.0575,0.115,,,0.01,363.25,0.01,396,0.01,932.75,0.0575,65,0.07,0.115,0,0.25,0.1,0.016,0.02
6/6/2021 0:00,0.04,256.2,0.25,0,0.058,0.1,,,0.01,355.8,0.01,379.6,0.01,890.2,0.06,65.2,0.068,0.1,0,0.25,0.1,0.009,0.018
6/13/2021 0:00,0.056,238.2,0.25,0,0.072,0.112,,,0.026,348.4,0.026,377.2,0.026,920.2,0.068,60.8,0.076,0.102,0,0.25,0.1,0.01,0.016
6/20/2021 0:00,0.08,261.6,0.25,0,0.096,0.12,,,0.05,327.6,0.05,354.2,0.05,867,0.1,69.8,0.1,0.11,0,0.25,0.15,0.039,0.044
6/27/2021 0:00,0.076,228.6,0.25,0,0.092,0.128,,,0.05,311.4,0.05,341.4,0.05,884.4,0.096,69.6,0.1,0.11,0,0.25,0.15,0.05,0.065
7/4/2021 0:00,0.08,255.5,0.25,0,0.09,0.12,,,0.05,327.5,0.05,361,0.05,906,0.1,77.5,0.1,0.11,0,0.25,0.15,0.064,0.0685
7/11/2021 0:00,0.08,251.6,0.25,0,0.09,0.128,,,0.05,335.6,0.05,364.6,0.05,887,0.1,73.8,0.1,0.11,0,0.25,0.15,0.048,0.053
7/18/2021 0:00,0.08,254.4,0.25,0,0.09,0.12,,,0.05,344.2,0.05,373.2,0.05,873.2,0.1,70.2,0.1,0.11,0,0.25,0.15,0.039,0.042
7/25/2021 0:00,0.076,245.6,0.25,0,0.088,0.12,,,0.05,342.8,0.05,368.8,0.05,879.4,0.1,69,0.1,0.11,0,0.25,0.15,0.05,0.065
8/1/2021 0:00,0.08,246.4,0.25,0,0.09,0.12,,,0.05,353,0.05,382.6,0.05,935.6,0.094,69,0.096,0.11,0,0.25,0.15,0.064,0.067
8/8/2021 0:00,0.08,249.4,0.25,0,0.09,0.12,,,0.05,353,0.05,372.8,0.05,891,0.1,68.6,0.1,0.11,0,0.25,0.15,0.051,0.053
8/15/2021 0:00,0.08,253.2,0.25,0,0.09,0.12,,,0.05,359.6,0.05,378.2,0.05,914.6,0.096,65.4,0.1,0.11,0,0.25,0.15,0.037,0.04
8/22/2021 0:00,0.074,255,0.25,0,0.08,0.12,,,0.05,356.2,0.05,380,0.05,903.6,0.09,68,0.094,0.104,0,0.25,0.15,0.056,0.062
8/29/2021 0:00,0.066,255.2,0.25,0,0.078,0.12,,,0.05,356.2,0.05,387.4,0.05,921.8,0.076,68.4,0.084,0.104,0,0.25,0.15,0.06,0.061
9/5/2021 0:00,0.07,276.25,0.25,0,0.08,0.12,,,0.05,358,0.05,390.75,0.05,912.25,0.08,69.75,0.08,0.0975,0,0.25,0.15,0.058,0.0595
9/12/2021 0:00,0.07,256.8,0.25,0,0.08,0.12,,,0.05,360.6,0.05,385,0.05,907.6,0.08,67.6,0.08,0.09,0,0.25,0.15,0.055,0.059
9/19/2021 0:00,0.07,263.6,0.25,0,0.08,0.12,,,0.05,352.2,0.05,376.8,0.05,895,0.08,68.8,0.08,0.098,0,0.25,0.15,0.039,0.036
9/26/2021 0:00,0.068,228,0.25,0,0.078,0.118,,,0.05,340.6,0.05,368.6,0.05,909.8,0.076,67.4,0.078,0.09,0,0.25,0.15,0.05,0.066
10/3/2021 0:00,0.07,260.6,0.25,0,0.08,0.11,,,0.05,347.2,0.05,369.6,0.05,908.2,0.08,73.4,0.08,0.094,0,0.25,0.15,0.043,0.049
10/10/2021 0:00,0.07,269.25,0.25,0,0.08,0.11,,,0.05,351.25,0.05,371.25,0.05,898.5,0.08,74.5,0.08,0.09,0,0.25,0.15,0.0365,0.041
10/17/2021 0:00,0.07,275,0.25,0,0.08,0.126,,,0.05,337.6,0.05,364.4,0.038,870.6,0.08,72.2,0.082,0.11,0,0.25,0.15,0.019,0.019
10/24/2021 0:00,0.068,264.6,0.25,0,0.078,0.128,,,0.05,322.8,0.05,349.2,0.048,863.6,0.08,78.2,0.082,0.102,0,0.25,0.15,0.049,0.076
10/31/2021 0:00,0.07,273,0.25,0,0.08,0.116,,,0.05,333,0.05,356.6,0.05,909.2,0.078,75.4,0.08,0.112,0,0.25,0.15,0.059,0.063
11/7/2021 0:00,0.07,276.75,0.25,0,0.08,0.1175,,,0.05,328.5,0.05,348.75,0.05,888.5,0.08,75.5,0.0825,0.0975,0,0.25,0.15,0.0555,0.0675
11/14/2021 0:00,0.07,272.8,0.25,0,0.08,0.11,,,0.05,331.4,0.05,350,0.05,913.6,0.08,75.6,0.082,0.092,0,0.25,0.15,0.047,0.065
11/21/2021 0:00,0.07,268.75,0.25,0,0.08,0.135,,,0.05,329,0.05,345,0.05,908,0.08,75.25,0.0825,0.115,0,0.25,0.15,0.0515,0.0615
11/28/2021 0:00,0.07,257.2,0.25,0,0.08,0.14,,,0.05,335.8,0.05,361.8,0.05,1030.8,0.078,80.2,0.086,0.128,0,0.25,0.15,0.065,0.078
12/5/2021 0:00,0.07,260.8,0.25,0,0.08,0.14,,,0.05,336.8,0.05,352,0.05,970.6,0.08,75.4,0.09,0.188,0,0.25,0.15,0.06,0.07
12/12/2021 0:00,0.07,251.8,0.25,0,0.08,0.136,,,0.05,333.8,0.05,351.2,0.05,927.6,0.08,72.6,0.084,0.136,0,0.25,0.15,0.034,0.051
12/19/2021 0:00,0.0725,208.25,0.25,0,0.0825,0.155,,,0.05,326.75,0.05,343.25,0.0475,893.5,0.08,70.25,0.08,0.2,0,0.25,0.15,0.0365,0.0545
12/26/2021 0:00,0.05,327,0.25,0,0.05,0.15,,,0.05,872,0.08,72.8,0.072,211.2,0.056,263.4,0.058,0.16,0,0.25,0.15,0.04,0.05
1/2/2022 0:00,0.05,345.4,0.5,0,0.05,0.15,,,0.05,953,0.078,68.8,0.07,222.8,0.05,320.4,0.05,0.15,,,0.15,0.061,0.067
1/9/2022 0:00,0.05,350.6,0.5,0,0.05,0.15,,,0.05,902.2,0.08,70.8,0.07,258.8,0.05,336.8,0.05,0.15,,,0.15,0.038,0.063
1/16/2022 0:00,0.05,348.5,0.5,0,0.05,0.15,,,0.0475,918.25,0.08,72.75,0.07,264,0.05,338.75,0.05,0.15,,,0.15,0.0305,0.0495
1/23/2022 0:00,0.05,343.6,0.5,0,0.05,0.15,,,0.044,915.2,0.08,77.4,0.07,275.8,0.05,330.4,0.05,0.15,,,0.15,0.038,0.045
1/30/2022 0:00,0.05,346.6,0.5,0,0.05,0.15,,,0.05,951.4,0.08,75.8,0.07,274.8,0.05,334.2,0.05,0.15,,,0.15,0.044,0.061
2/6/2022 0:00,0.05,345,0.5,0,0.05,0.15,,,0.048,905.8,0.08,70.4,0.07,264.6,0.05,336.8,0.05,0.15,,,0.15,0.041,0.049
2/13/2022 0:00,0.05,340.2,0.5,0,0.05,0.15,,,0.05,933.8,0.08,67.6,0.07,247.8,0.05,332.2,0.05,0.15,,,0.15,0.052,0.059
2/20/2022 0:00,0.05,347,1,0,0.05,0.15,,,0.05,929.5,0.08,69.75,0.07,251.5,0.05,331.25,0.05,0.15,,,0.15,0.0495,0.0615
2/27/2022 0:00,0.05,368.2,1,0,0.05,0.15,,,0.05,1019.8,0.08,67.2,0.07,248.6,0.05,353.6,0.05,0.15,,,0.15,0.06,0.07
3/6/2022 0:00,0.05,364,1,0,0.05,0.15,,,0.05,969.4,0.08,71,0.07,254.6,0.05,356,0.05,0.15,,,0.15,0.051,0.065
3/13/2022 0:00,0.15,373.6,1,0,0.15,0.27,,,0.15,996.2,0.13,73.6,0.12,255.4,0.1,359.8,0.1,0.21,,,0.15,0.04,0.064
3/20/2022 0:00,0.3,356.8,1,0.25,0.3,0.45,,,0.278,925.8,0.33,74.4,0.32,251.2,0.3,355.6,0.3,0.45,,,0.4,0.267,0.294
3/27/2022 0:00,0.3,328.4,1,0.25,0.3,0.45,,,0.284,925.2,0.33,75,0.32,231.8,0.3,314.8,0.3,0.45,,,0.4,0.283,0.305
4/3/2022 0:00,0.3,336,1.75,0.25,0.3,0.45,,,0.3,917,0.33,78,0.32,254.2,0.3,322.4,0.3,0.45,,,0.4,0.295,0.318
4/10/2022 0:00,0.306,284.2,1.75,0.25,0.308,0.428,0.25,0.5,0.3,725.6,0.33,77,0.322,226.2,0.3,328,0.3,0.45,,,0.4,0.289,0.3185
4/17/2022 0:00,0.33,72.2,1.75,0.25,0.34,0.42,0.25,0.5,0.32,261.6,0.3,329,0.3,342,0.274,902,0.3,0.45,,,0.4,0.26,0.309
4/24/2022 0:00,0.33,77.2,1.75,0.25,0.34,0.44,0.25,0.5,0.32,259.8,0.3,328.6,0.3,342.6,0.276,896.8,0.3,0.45,,,0.4,0.257,0.306
5/1/2022 0:00,0.53,77.6,1.75,0.25,0.54,0.65,0.45,0.7,0.52,267.4,0.5,341.4,0.5,357.8,0.494,965,0.5,0.632,,,0.4,0.3,0.32
5/8/2022 0:00,0.83,78,1.75,0.75,0.84,0.934,0.75,1,0.82,264,0.8,342.2,0.8,354.4,0.784,921.8,0.8,0.95,,,0.9,0.789,0.818
5/15/2022 0:00,0.83,79.4,2.5,0.75,0.84,0.928,0.75,1,0.82,261.6,0.798,347.8,0.796,363.4,0.792,970.8,0.804,0.934,,,0.9,0.789,0.818
5/22/2022 0:00,0.83,81.8,2.5,0.75,0.84,0.95,0.75,1,0.82,254.6,0.79,347.4,0.79,365,0.78,962.4,0.8,0.95,,,0.9,0.782,0.819
5/29/2022 0:00,0.83,82.25,2.5,0.75,0.8375,0.8925,0.75,1,0.82,249.5,0.7925,353.75,0.795,367.25,0.79,990.5,0.8,0.93,,,0.9,0.799,0.824
6/5/2022 0:00,0.83,80.2,2.5,0.75,0.838,0.884,0.75,1,0.82,251,0.778,353.8,0.774,372.4,0.762,962,0.798,0.95,,,0.9,0.761,0.813
6/12/2022 0:00,1.13,80.6,2.5,0.75,1.14,1.242,1.05,1.3,1.12,246.6,1.028,350.8,1.022,370.4,1.004,942.2,1.052,1.25,,,0.9,0.716,0.797
6/19/2022 0:00,1.58,81.75,2.5,1.5,1.5875,1.71,1.5,1.75,1.57,254,1.4575,357.75,1.46,371.25,1.45,942.25,1.4875,1.7,,,1.65,1.4915,1.553
6/26/2022 0:00,1.58,85.4,2.5,1.5,1.582,1.704,1.5,1.75,1.57,229.8,1.498,336.6,1.498,355,1.51,962,1.542,1.684,,,1.65,1.508,1.586
7/3/2022 0:00,1.58,95,2.5,1.5,1.58,1.7,1.5,1.75,1.57,270.25,1.5075,349.5,1.51,362.5,1.5375,979,1.55,1.6875,,,1.65,1.55,1.583
7/10/2022 0:00,1.58,95,3.25,1.5,1.58,1.7,1.5,1.75,1.57,273,1.51,358.2,1.51,365.4,1.534,935.8,1.55,1.7,,,1.65,1.547,1.578
7/17/2022 0:00,1.58,94.8,3.25,1.5,1.582,1.73,1.5,1.75,1.57,280.6,1.506,362.8,1.508,371.2,1.532,937.4,1.548,1.7,,,1.65,1.534,1.576
7/24/2022 0:00,1.878,93,3.25,1.5,1.884,2.034,1.8,2.05,1.868,279.6,1.802,368.2,1.806,379.2,1.828,958.2,1.848,2,,,1.65,1.553,1.583
7/31/2022 0:00,2.33,92.4,3.25,2.25,2.33,2.45,2.25,2.5,2.32,276.8,2.262,379.2,2.264,392.6,2.288,996,2.306,2.42,,,2.4,2.303,2.335
8/7/2022 0:00,2.33,92.6,3.25,2.25,2.33,2.45,2.25,2.5,2.32,282.8,2.26,378.8,2.26,390.2,2.282,959.6,2.3,2.45,,,2.4,2.299,2.328
8/14/2022 0:00,2.33,93.6,3.25,2.25,2.332,2.45,2.25,2.5,2.32,288.6,2.26,386.2,2.26,395.6,2.286,977.4,2.304,2.45,,,2.4,2.3,2.328
8/21/2022 0:00,2.33,94,4,2.25,2.334,2.45,2.25,2.5,2.32,280.8,2.26,382.4,2.26,391.6,2.276,967.6,2.3,2.434,,,2.4,2.285,2.324
8/28/2022 0:00,2.33,93,4,2.25,2.336,2.45,2.25,2.5,2.318,273.4,2.26,380.6,2.26,394.8,2.288,975.8,2.306,2.45,,,2.4,2.298,2.331
9/4/2022 0:00,2.33,96.5,4,2.25,2.33,2.45,2.25,2.5,2.32,298.25,2.26,383.25,2.26,394,2.2825,971.5,2.3,2.45,,,2.4,2.2895,2.3325
9/11/2022 0:00,2.33,94.8,4,2.25,2.332,2.45,2.25,2.5,2.32,295,2.26,380.4,2.26,399.2,2.276,964.2,2.3,2.45,,,2.4,2.285,2.34
9/18/2022 0:00,2.63,98.2,4,2.25,2.634,2.786,2.55,2.8,2.62,299.8,2.546,369.6,2.548,387.2,2.552,971.4,2.574,2.736,,,2.4,2.272,2.323
9/25/2022 0:00,3.08,105,4,3,3.08,3.246,3,3.25,3.07,259.2,2.976,339.4,2.978,360.2,2.978,939.6,3.004,3.2,,,3.15,2.979,3.087
10/2/2022 0:00,3.08,109.6,4.5,3,3.08,3.238,3,3.25,3.07,281.6,2.996,362,2.998,392,3.036,990,3.06,3.2,,,3.15,3.064,3.132
10/9/2022 0:00,3.08,107.5,4.5,3,3.08,3.2325,3,3.25,3.07,285.25,3,374,3,395.5,3.0425,980.75,3.06,3.2,,,3.15,3.0545,3.1085
10/16/2022 0:00,3.08,100.2,,3,3.084,3.242,3,3.25,3.07,271,3,375,3,388.4,3.036,956.6,3.052,3.2,,,3.15,3.046,3.082
10/23/2022 0:00,3.08,102.2,,3,3.09,3.288,3,3.25,3.07,285.4,3,381.4,3,397.6,3.03,963.8,3.052,3.2,,,3.15,3.047,3.099
10/30/2022 0:00,3.38,99,,3,3.386,3.61,3.3,3.55,3.368,280,3.3,392.4,3.306,413.2,3.35,1052.6,3.376,3.474,,,3.15,3.064,3.132
11/6/2022 0:00,3.83,99.25,,3.75,3.84,4.0125,3.75,4,3.82,288.75,3.75,391.5,3.75,405.5,3.78,978.75,3.8025,3.95,,,3.9,3.794,3.845
11/13/2022 0:00,3.83,98.25,,3.75,3.84,4,3.75,4,3.82,279.75,3.765,405.25,3.765,428,3.8,1090.25,3.8375,3.93,,,3.9,3.821,3.867
11/20/2022 0:00,3.83,102,,3.75,,,, ,3.82,276.5,3.76,390.5,3.76,401,3.8,1009,,,,,3.9,3.8095,3.8535
11/27/2022 0:00,3.83,97,,3.75,,,, ,3.82,269,3.78,398,3.78,414,3.81,1113,,,,,3.9,3.836,3.888
12/4/2022 0:00,3.83,103,,3.75,,,, ,3.82,273,3.76,398,3.76,417,3.8,1088,,,,,3.9,3.812,3.865
12/11/2022 0:00,3.83,100,,3.75,,,, ,4.32,279,3.76,392,3.76,412,3.8,1051,,,,,3.9,3.819,3.878
12/18/2022 0:00,4.33,99,,4.25,,,, ,4.32,267,4.26,376,4.26,391,4.3,1031,,,,,3.9,4.309,4.349
12/25/2022 0:00,4.33,99,,4.25,,,, ,4.32,255,4.26,362,4.26,380,4.3,1037,,,,,3.9,4.308,4.354
